291.638116,-0.054337,-0.380356,-0.090561
291.648151,-0.108673,-0.271683,-0.163010
291.658262,-0.181122,-0.072449,-0.362244
291.668317,-0.126785,0.108673,-0.326019
291.678377,-0.054337,0.181122,-0.217346
291.688496,-0.036224,0.199234,-0.181122
291.698503,-0.018112,0.235458,-0.181122
291.708571,0.036224,0.271683,-0.235458
291.718667,0.036224,0.307907,-0.326019
291.728590,0.072449,0.380356,-0.434692
291.738769,0.054337,0.507141,-0.543365
291.748934,-0.018112,0.978058,-0.633926
291.758868,-0.072449,1.467087,-0.833160
291.768957,-0.090561,1.883667,-1.231628
291.778890,-0.072449,2.245911,-1.865555
291.789114,0.253571,2.318359,-2.300247
291.799206,1.032394,2.318359,-1.394638
291.809257,1.231628,1.865555,-0.851273
291.819269,0.905609,1.104843,-0.760712
291.829204,0.525253,0.688263,-1.014282
291.839377,0.163010,0.597702,-1.213516
291.849436,-0.253571,0.633926,-1.177292
291.859466,-0.525253,0.633926,-0.978058
291.869580,-0.652039,0.561478,-0.796936
291.879664,-0.561478,0.688263,-0.670151
291.889663,-0.307907,1.050507,-0.615814
291.899747,-0.126785,1.611984,-0.652039
291.909700,0.126785,2.318359,-0.670151
291.919863,0.615814,2.318359,-0.579590
291.930007,0.688263,2.245911,-0.326019
291.940014,0.235458,0.923721,-0.090561
291.950083,0.326019,0.235458,0.489029
291.959987,0.561478,-0.108673,0.815048
291.970199,0.434692,-0.235458,0.561478
291.980375,0.217346,-0.163010,0.253571
291.990308,0.144897,0.108673,0.036224
292.000280,0.054337,1.104843,-0.543365
292.010329,0.108673,1.412750,-0.163010
292.021487,0.163010,1.485199,0.036224
292.031642,0.126785,1.738770,0.326019
292.041780,0.036224,2.318359,0.344131
292.052000,-0.344131,2.318359,0.561478
292.061541,-0.597702,2.318359,0.507141
292.072201,-0.561478,1.974228,0.163010
292.082329,-0.597702,1.231628,-0.796936
292.092480,-0.742599,0.996170,-1.575760
292.102610,-0.543365,0.815048,-1.702545
292.112750,-0.199234,0.652039,-1.467087
292.122465,-0.018112,0.633926,-1.104843
292.132123,0.072449,0.452805,-0.724487
292.143089,0.018112,0.199234,-0.289795
292.152547,-0.072449,0.090561,0.163010
292.162580,-0.072449,0.072449,0.289795
292.173412,-0.036224,-0.054337,0.271683
292.183596,-0.018112,-0.090561,0.307907
292.193896,-0.036224,-0.126785,0.434692
292.203930,-0.018112,-0.144897,0.561478
292.214072,0.018112,-0.163010,0.615814
292.224198,0.090561,-0.181122,0.561478
292.234349,0.126785,-0.126785,0.470917
292.244514,0.217346,-0.108673,0.434692
292.254692,0.326019,-0.108673,0.307907
292.264824,0.307907,-0.054337,0.181122
292.274941,0.253571,0.018112,0.090561
292.285126,0.235458,0.054337,0.054337
292.295237,0.217346,0.126785,0.018112
292.305431,0.217346,0.217346,-0.018112
292.315687,0.235458,0.307907,-0.036224
292.325678,0.072449,0.199234,-0.018112
292.335743,-0.018112,0.181122,0.054337
292.346028,0.217346,2.318359,0.217346
292.356344,-0.036224,2.318359,-0.108673
292.366375,-0.434692,2.318359,-0.489029
292.376523,-0.326019,2.046677,-0.742599
292.386669,-0.199234,1.666321,-1.141068
292.396798,-0.307907,1.285965,-1.630096
292.406913,-0.597702,0.905609,-1.503311
292.417154,-0.778824,0.923721,-1.050507
292.427226,-0.724487,1.086731,-0.688263
292.437335,-0.615814,1.249741,-0.416580
292.447480,-0.434692,1.394638,-0.271683
292.457663,-0.199234,1.503311,-0.253571
292.467801,0.090561,1.448975,-0.108673
292.477935,0.144897,1.340302,0.072449
292.488078,0.217346,1.195404,0.108673
292.498212,0.253571,1.032394,0.108673
292.508336,0.289795,0.833160,0.072449
292.518489,0.217346,0.489029,-0.036224
292.528634,0.181122,0.416580,-0.090561
292.538772,0.108673,0.380356,-0.144897
292.548911,0.054337,0.289795,-0.126785
292.559198,0.036224,0.307907,-0.072449
292.569238,-0.036224,0.416580,-0.036224
292.579378,-0.072449,0.507141,0.108673
292.589505,-0.144897,0.652039,0.181122
292.599633,-0.199234,1.195404,0.307907
292.609830,-0.199234,1.774994,0.525253
292.619436,-0.163010,2.119125,0.706375
292.629192,-0.181122,2.318359,0.688263
292.640230,-0.054337,2.318359,0.615814
292.649981,0.126785,2.318359,0.579590
292.659622,0.253571,2.318359,0.470917
292.669646,0.416580,2.318359,0.326019
292.680694,0.887497,2.318359,0.289795
292.690930,1.141068,2.119125,0.326019
292.700959,1.122955,2.010452,0.144897
292.711116,0.778824,1.901779,-0.072449
292.721245,0.525253,1.648209,-0.181122
292.731381,0.434692,1.412750,-0.253571
292.741500,0.362244,1.285965,-0.398468
292.751648,0.199234,1.086731,-0.561478
292.761849,0.054337,0.887497,-0.688263
292.771973,0.054337,0.688263,-0.561478
292.782124,0.126785,0.525253,-0.235458
292.792256,0.163010,0.470917,0.090561
292.802416,0.144897,0.380356,0.181122
292.812540,0.108673,0.380356,0.434692
292.822699,-0.054337,0.470917,0.706375
292.832854,-0.126785,0.489029,0.796936
292.842998,-0.199234,0.470917,0.742599
292.853137,-0.289795,0.380356,0.615814
292.863322,-0.398468,0.199234,0.380356
292.873452,-0.489029,0.181122,0.326019
292.883602,-0.525253,0.181122,0.307907
292.893794,-0.561478,0.217346,0.326019
292.904032,-0.633926,0.235458,0.362244
292.914095,-0.688263,0.289795,0.235458
292.924231,-0.778824,0.344131,-0.199234
292.934346,-0.724487,0.344131,-0.670151
292.944536,-0.543365,0.253571,-0.941833
292.954653,-0.326019,0.072449,-0.796936
292.964856,-0.072449,0.036224,-0.326019
292.975022,0.307907,0.253571,-0.289795
292.985163,0.452805,0.561478,-0.561478
292.995329,0.380356,0.869385,-0.851273
293.005474,0.217346,1.159180,-1.050507
293.015618,0.072449,1.358414,-1.122955
293.025668,-0.126785,1.104843,-1.104843
293.036010,0.090561,1.032394,-1.304077
293.046155,0.217346,1.159180,-1.376526
293.056276,0.235458,1.249741,-1.430862
293.066480,0.217346,1.358414,-1.430862
293.076601,0.199234,1.467087,-1.340302
293.086746,0.126785,1.448975,-1.213516
293.096879,0.018112,1.249741,-1.141068
293.107021,-0.072449,1.068619,-1.050507
293.117229,-0.090561,0.923721,-0.923721
293.126942,-0.072449,0.796936,-0.760712
293.137552,-0.054337,0.688263,-0.579590
293.147164,-0.036224,0.615814,-0.398468
293.156839,-0.036224,0.561478,-0.289795
293.167737,-0.054337,0.543365,-0.199234
293.177237,-0.072449,0.597702,-0.054337
293.187853,-0.144897,0.724487,0.126785
293.197977,-0.199234,0.923721,0.362244
293.208115,-0.235458,1.086731,0.398468
293.218256,-0.181122,1.231628,0.307907
293.228400,-0.144897,1.322189,0.126785
293.238537,-0.054337,1.304077,-0.018112
293.248670,0.126785,1.322189,-0.507141
293.258804,0.362244,1.231628,-0.959946
293.269029,0.507141,1.122955,-0.742599
293.279142,0.416580,1.231628,-0.289795
293.289290,0.434692,1.394638,-0.108673
293.299426,0.670151,1.756882,-0.036224
293.309563,0.742599,2.173462,-0.036224
293.319738,0.633926,2.318359,-0.054337
293.329861,0.326019,2.318359,-0.018112
293.340051,-0.072449,2.318359,0.108673
293.350200,-0.307907,2.155350,-0.072449
293.360406,-0.434692,1.611984,-0.271683
293.370487,-0.416580,1.285965,-0.253571
293.380622,-0.398468,1.068619,-0.217346
293.390746,-0.326019,0.561478,-0.217346
293.400887,-0.307907,0.307907,-0.181122
293.411018,-0.289795,0.181122,-0.253571
293.421184,-0.253571,0.054337,-0.362244
293.431325,-0.217346,-0.054337,-0.344131
293.441465,-0.217346,-0.054337,-0.144897
293.451597,-0.181122,0.000000,0.072449
293.461996,-0.181122,-0.018112,0.126785
293.472073,-0.163010,-0.036224,0.126785
293.482176,-0.163010,-0.072449,0.163010
293.492317,-0.181122,-0.090561,0.199234
293.502469,-0.144897,-0.108673,0.253571
293.512610,-0.126785,-0.126785,0.307907
293.522758,-0.090561,-0.126785,0.344131
293.532911,-0.090561,-0.144897,0.362244
293.543053,-0.090561,-0.163010,0.344131
293.553185,-0.090561,-0.054337,0.398468
293.563337,-0.181122,0.126785,0.434692
293.573544,-0.217346,0.217346,0.543365
293.583680,-0.217346,0.307907,0.652039
293.593873,-0.199234,0.470917,0.742599
293.604013,-0.706375,2.318359,0.561478
293.614168,-0.978058,2.318359,0.507141
293.623779,-0.652039,2.318359,-0.489029
293.633512,-0.615814,2.318359,-1.249741
293.643926,-0.434692,1.829330,-1.394638
293.653817,-0.235458,1.358414,-1.285965
293.663865,-0.036224,1.267853,-1.104843
293.674746,0.163010,1.448975,-0.905609
293.684912,0.163010,1.702545,-0.670151
293.695070,0.108673,1.974228,-0.561478
293.705180,0.054337,2.064789,-0.489029
293.715374,0.018112,1.865555,-0.344131
293.725520,-0.072449,1.611984,-0.181122
293.735575,-0.181122,1.267853,-0.253571
293.745616,-0.090561,1.050507,-0.344131
293.755706,-0.018112,0.905609,-0.416580
293.766012,0.036224,0.724487,-0.344131
293.776195,0.072449,0.633926,-0.199234
293.786333,0.090561,0.688263,-0.108673
293.796472,0.090561,0.724487,0.018112
293.806597,0.072449,1.104843,0.054337
293.816730,0.018112,1.448975,0.108673
293.826868,0.018112,1.702545,0.163010
293.837016,0.054337,1.938004,0.217346
293.847156,0.108673,2.119125,0.235458
293.857319,0.217346,2.245911,0.271683
293.867455,0.380356,2.191574,0.289795
293.877640,0.416580,2.064789,0.344131
293.887793,0.525253,1.865555,0.525253
293.898018,0.543365,1.575760,0.398468
293.908067,0.489029,1.322189,0.181122
293.918189,0.199234,1.195404,0.072449
293.928332,0.090561,1.086731,0.054337
293.938469,0.000000,1.032394,0.072449
293.948618,-0.126785,0.996170,0.054337
293.958743,-0.217346,0.941833,0.090561
293.968902,-0.307907,0.905609,-0.036224
293.979088,-0.398468,0.851273,-0.163010
293.989221,-0.434692,0.742599,-0.108673
293.999361,-0.398468,0.525253,-0.018112
294.009495,-0.344131,0.380356,0.072449
294.019627,-0.289795,0.235458,0.163010
294.029767,-0.217346,0.108673,0.235458
294.039383,-0.144897,-0.018112,0.326019
294.050143,-0.108673,-0.108673,0.398468
294.060291,-0.108673,-0.199234,0.507141
294.070321,-0.054337,-0.271683,0.652039
294.080636,0.163010,-0.126785,0.796936
294.090646,0.253571,0.000000,0.742599
294.100774,0.289795,0.000000,0.561478
294.110910,0.326019,-0.036224,0.326019
294.120572,0.579590,0.271683,-1.394638
294.130301,0.633926,0.706375,-2.300247
294.141313,0.470917,1.086731,-2.300247
294.150626,0.072449,1.322189,-1.992340
294.160789,-0.289795,1.412750,-1.720657
294.171589,-0.416580,1.394638,-1.394638
294.181793,-0.434692,1.249741,-1.195404
294.191916,-0.326019,1.086731,-1.231628
294.202044,-0.144897,0.941833,-1.448975
294.212182,0.108673,0.869385,-1.521423
294.222331,0.326019,0.815048,-1.575760
294.232471,0.344131,0.778824,-1.376526
294.242616,0.253571,0.633926,-1.068619
294.252751,0.289795,0.344131,-0.923721
294.262893,0.108673,0.326019,-0.778824
294.273043,-0.054337,0.398468,-0.380356
294.283227,-0.108673,0.470917,0.072449
294.293396,-0.144897,0.724487,0.126785
294.303529,-0.163010,1.467087,-0.054337
294.313664,-0.072449,2.046677,0.271683
294.323921,-0.036224,2.046677,0.253571
294.334080,-0.018112,1.793106,-0.271683
294.344193,-0.054337,1.593872,-0.470917
294.354307,-0.126785,1.376526,-0.253571
294.364497,-0.181122,1.159180,-0.018112
294.374641,-0.181122,0.941833,0.108673
294.384820,-0.181122,0.905609,0.108673
294.394941,-0.181122,1.032394,0.108673
294.405101,-0.271683,1.394638,0.036224
294.415219,-0.398468,2.209686,-0.235458
294.425514,-0.543365,2.318359,-0.724487
294.435569,-0.054337,1.774994,-0.941833
294.445681,0.144897,0.978058,-0.724487
294.456024,0.090561,0.561478,-0.144897
294.466173,-0.054337,0.326019,0.108673
294.476300,-0.090561,0.144897,0.108673
294.486482,-0.090561,0.054337,0.090561
294.496626,-0.072449,0.036224,0.072449
294.506755,-0.072449,0.036224,0.090561
294.516900,-0.072449,0.036224,0.090561
294.527018,-0.072449,0.000000,0.144897
294.537170,-0.108673,-0.054337,0.199234
294.547306,-0.108673,-0.108673,0.253571
294.557445,-0.108673,-0.144897,0.326019
294.567595,-0.108673,-0.181122,0.380356
294.577734,-0.054337,-0.181122,0.398468
294.587916,0.018112,-0.144897,0.398468
294.598055,0.072449,-0.054337,0.362244
294.608186,0.090561,0.054337,0.307907
294.618081,0.054337,0.144897,0.289795
294.627851,0.018112,0.199234,0.326019
294.638731,-0.018112,0.235458,0.362244
294.648061,0.054337,0.289795,0.398468
294.658015,-0.018112,0.615814,0.362244
294.668903,-0.398468,2.318359,0.724487
294.679077,-0.380356,2.318359,0.326019
294.689260,-0.525253,2.245911,-0.760712
294.699431,-0.380356,1.938004,-0.959946
294.709436,-0.217346,1.720657,-1.195404
294.719618,-0.235458,1.304077,-1.593872
294.729713,-0.289795,1.231628,-1.847443
294.739847,-0.398468,1.394638,-1.322189
294.749990,-0.271683,1.430862,-0.742599
294.760121,-0.144897,1.358414,-0.416580
294.770284,-0.054337,0.923721,-0.199234
294.780426,0.163010,0.652039,-0.199234
294.790612,0.199234,0.489029,-0.126785
294.800740,0.199234,0.724487,-0.126785
294.810876,0.163010,0.941833,-0.090561
294.821026,0.036224,1.141068,-0.108673
294.831157,-0.253571,1.267853,-0.054337
294.841296,-0.489029,1.738770,0.072449
294.851445,-0.615814,2.155350,0.199234
294.861692,-0.615814,2.282135,0.434692
294.871747,-0.452805,2.318359,0.489029
294.882060,-0.181122,2.318359,0.398468
294.892190,0.036224,2.318359,0.362244
294.902234,0.235458,2.318359,0.543365
294.912430,0.452805,2.318359,0.688263
294.922587,1.050507,2.318359,0.941833
294.932739,0.887497,2.137238,0.815048
294.942893,0.507141,1.829330,-0.018112
294.953032,0.054337,1.648209,-0.144897
294.963369,-0.163010,1.557648,-0.271683
294.973339,-0.416580,1.430862,-0.452805
294.983474,-0.615814,1.177292,-0.597702
294.993669,-0.706375,0.706375,-0.760712
295.003864,-0.615814,0.289795,-0.597702
295.014008,-0.398468,0.090561,-0.072449
295.024132,-0.217346,0.090561,0.271683
295.034281,-0.108673,0.036224,0.543365
295.044417,-0.054337,-0.072449,0.742599
295.054621,-0.036224,-0.181122,0.796936
295.064789,-0.018112,-0.289795,0.851273
295.074879,0.036224,-0.380356,0.905609
295.085062,0.090561,-0.416580,0.869385
295.095241,0.163010,-0.380356,0.760712
295.105383,0.235458,-0.307907,0.597702
295.115525,0.253571,-0.235458,0.181122
295.125292,0.181122,-0.253571,-0.108673
295.135878,-0.054337,-0.289795,-0.923721
295.145478,-0.199234,-0.108673,-0.851273
295.155231,-0.090561,0.144897,-0.362244
295.165291,0.018112,0.307907,-0.163010
295.176225,0.090561,0.416580,-0.217346
295.186299,0.144897,0.416580,-0.326019
295.196451,0.217346,0.452805,-0.489029
295.206587,0.235458,0.579590,-0.633926
295.216720,0.217346,0.706375,-0.851273
295.226839,0.217346,0.941833,-1.068619
295.236972,0.199234,1.376526,-1.430862
295.247128,0.181122,1.865555,-1.829330
295.257256,0.181122,2.064789,-1.974228
295.267458,0.181122,1.992340,-1.919891
295.277585,0.090561,1.720657,-1.738770
295.287721,-0.036224,1.412750,-1.485199
295.297881,0.199234,0.887497,-1.267853
295.308016,0.271683,0.706375,-1.014282
295.318150,0.217346,0.706375,-0.796936
295.328292,0.126785,0.923721,-0.652039
295.338424,-0.054337,1.358414,-0.380356
295.348561,-0.235458,1.901779,0.072449
295.358687,-0.253571,1.992340,0.181122
295.368840,-0.090561,1.503311,0.199234
295.378995,0.108673,0.905609,0.235458
295.389121,0.181122,0.507141,0.289795
295.399467,0.163010,0.253571,0.163010
295.409506,0.163010,0.235458,-0.126785
295.419634,0.181122,0.380356,-0.181122
295.429766,0.072449,0.633926,-0.036224
295.439974,-0.036224,0.851273,0.108673
295.450054,-0.090561,1.032394,0.199234
295.460181,-0.163010,1.557648,-0.326019
295.470338,-1.141068,2.318359,0.199234
295.480625,-0.959946,2.318359,0.452805
295.490733,-0.851273,1.521423,0.398468
295.500894,-0.778824,1.412750,0.090561
295.511024,-0.597702,1.050507,-0.543365
295.521162,-0.398468,0.724487,-0.833160
295.531281,-0.126785,0.489029,-0.978058
295.541428,0.217346,0.235458,-0.996170
295.551557,0.398468,0.144897,-0.579590
295.561702,0.271683,0.108673,-0.163010
295.571853,0.126785,0.054337,-0.054337
295.581996,0.108673,-0.018112,-0.072449
295.592134,0.144897,-0.090561,-0.126785
295.602340,0.144897,-0.090561,-0.072449
295.612465,0.144897,-0.072449,-0.036224
295.622120,0.090561,-0.054337,0.090561
295.632353,0.108673,-0.036224,0.144897
295.642887,0.362244,-0.126785,0.253571
295.652195,0.344131,-0.126785,0.271683
295.662303,0.362244,-0.036224,0.307907
295.673070,0.380356,0.072449,0.307907
295.683431,0.416580,0.126785,0.271683
295.693491,0.489029,0.181122,0.235458
295.703779,0.489029,0.235458,0.144897
295.713897,0.380356,0.253571,0.144897
295.724050,0.199234,0.217346,0.163010
295.734149,0.108673,0.307907,0.217346
295.744302,0.108673,2.318359,0.362244
295.754520,0.018112,2.318359,0.489029
295.764619,-0.126785,2.318359,0.344131
295.774822,-0.307907,2.318359,0.144897
295.784980,-0.489029,2.318359,-0.018112
295.795153,-0.851273,1.774994,-0.362244
295.805300,-1.032394,1.539536,-0.706375
295.815487,-0.941833,1.267853,-0.724487
295.825600,-0.760712,1.231628,-0.959946
295.835696,-0.525253,1.249741,-1.159180
295.846021,-0.163010,1.448975,-0.941833
295.856168,0.163010,1.503311,-0.706375
295.866301,0.181122,1.430862,-0.289795
295.876430,0.036224,1.086731,0.036224
295.886573,-0.072449,0.851273,0.326019
295.896709,-0.398468,1.086731,0.307907
295.906905,-0.796936,1.611984,0.199234
295.917034,-1.050507,1.956116,0.163010
295.927195,-0.996170,2.010452,0.163010
295.937349,-0.724487,2.082901,0.144897
295.947490,-0.398468,2.101013,0.163010
295.957643,-0.181122,1.956116,0.235458
295.967789,0.036224,1.992340,0.307907
295.977921,0.271683,2.318359,0.235458
295.988196,1.322189,2.318359,0.326019
295.998236,1.412750,2.318359,0.416580
296.008392,1.285965,2.282135,0.833160
296.018552,0.796936,1.829330,0.941833
296.028679,0.289795,1.539536,0.706375
296.038806,0.090561,1.467087,0.289795
296.048950,0.018112,1.304077,0.090561
296.059073,-0.126785,1.195404,-0.126785
296.069232,-0.416580,1.104843,-0.398468
296.079411,-0.688263,1.050507,-0.597702
296.089539,-0.833160,0.905609,-0.724487
296.099672,-0.760712,0.543365,-0.525253
296.109841,-0.597702,0.326019,-0.018112
296.119447,-0.416580,0.181122,0.470917
296.129211,-0.253571,0.000000,0.597702
296.140177,-0.217346,-0.163010,0.615814
296.149517,-0.235458,-0.344131,0.615814
296.159476,-0.199234,-0.398468,0.561478
296.170395,-0.199234,-0.416580,0.489029
296.180555,-0.181122,-0.434692,0.380356
296.190771,-0.126785,-0.434692,0.307907
296.200877,-0.072449,-0.452805,0.181122
296.211084,0.036224,-0.470917,0.054337
296.221218,0.126785,-0.380356,-0.018112
296.231338,0.199234,-0.126785,-0.344131
296.241481,0.271683,0.108673,-0.579590
296.251617,0.271683,0.199234,-0.760712
296.261753,0.326019,0.253571,-0.869385
296.271895,0.362244,0.326019,-0.851273
296.282130,0.307907,0.434692,-0.742599
296.292190,0.108673,0.579590,-0.652039
296.302331,-0.054337,0.633926,-0.597702
296.312565,-0.126785,0.670151,-0.633926
296.322695,-0.126785,0.706375,-1.014282
296.332854,-0.018112,1.032394,-1.557648
296.342981,0.090561,1.611984,-2.010452
296.353121,0.199234,2.137238,-2.046677
296.362958,0.362244,2.264023,-1.648209
296.374908,0.525253,2.064789,-1.068619
296.385093,0.633926,1.702545,-0.706375
296.395195,0.778824,1.394638,-0.724487
296.405342,0.905609,1.448975,-1.177292
296.415543,0.652039,2.119125,-1.648209
296.425626,-0.452805,2.318359,-1.141068
296.435660,-1.340302,2.282135,0.253571
296.446067,-1.213516,1.267853,0.633926
296.456189,-0.724487,0.507141,0.525253
296.466319,-0.416580,0.271683,0.398468
296.476437,-0.181122,0.579590,0.416580
296.486586,-0.090561,0.996170,0.307907
296.496718,-0.036224,1.358414,0.289795
296.506871,-0.036224,1.557648,0.362244
296.517053,0.018112,1.774994,0.380356
296.527206,0.126785,2.318359,0.253571
296.537353,-0.217346,2.318359,-0.036224
296.547585,-0.416580,2.318359,-0.470917
296.557579,-0.416580,1.720657,-0.869385
296.567700,-0.489029,1.575760,-1.376526
296.577836,-0.362244,1.195404,-1.231628
296.587970,-0.181122,0.833160,-0.742599
296.598110,-0.144897,0.561478,-0.344131
296.608239,-0.217346,0.344131,-0.072449
296.618175,-0.253571,0.181122,0.072449
296.627919,-0.199234,0.054337,0.108673
296.638797,-0.163010,0.000000,0.126785
296.648133,-0.108673,0.000000,0.108673
296.658091,-0.054337,-0.018112,0.090561
296.668980,-0.036224,-0.036224,0.126785
296.679121,-0.018112,-0.036224,0.126785
296.689316,0.036224,-0.036224,0.163010
296.699360,0.144897,-0.090561,0.181122
296.709641,0.217346,-0.108673,0.199234
296.719783,0.253571,-0.108673,0.163010
296.729907,0.307907,-0.090561,0.108673
296.740047,0.344131,-0.018112,0.072449
296.750181,0.525253,0.181122,0.108673
296.759636,0.543365,0.344131,0.126785
296.770405,0.398468,0.289795,0.163010
296.780546,0.380356,0.289795,0.253571
296.790666,0.489029,0.344131,0.362244
296.800801,0.561478,0.452805,0.470917
296.810955,0.525253,0.670151,0.416580
296.821149,0.615814,2.318359,0.452805
296.831413,-0.126785,2.264023,0.235458
296.841450,-0.416580,2.318359,-0.018112
296.851620,-0.688263,2.318359,-0.307907
296.861196,-1.847443,1.956116,-2.300247
296.873038,-1.231628,1.394638,-2.300247
296.883296,-0.579590,1.394638,-1.702545
296.893392,-0.181122,1.593872,-1.104843
296.903425,-0.054337,1.412750,-0.851273
296.913577,0.018112,1.340302,-0.615814
296.923834,-0.144897,1.267853,-0.235458
296.933959,-0.326019,1.195404,-0.054337
296.944116,-0.489029,1.050507,0.090561
296.954239,-0.561478,0.833160,0.144897
296.964641,-0.615814,0.670151,0.126785
296.974589,-0.561478,0.760712,-0.072449
296.984721,-0.380356,0.742599,-0.054337
296.994864,-0.362244,0.978058,-0.072449
297.005035,-0.380356,1.267853,-0.090561
297.015167,-0.398468,1.593872,-0.054337
297.025347,-0.380356,1.811218,0.072449
297.035522,-0.271683,1.901779,0.126785
297.045600,-0.144897,2.064789,0.144897
297.055688,0.072449,2.318359,0.126785
297.065823,0.380356,2.318359,0.126785
297.076057,1.068619,2.318359,0.126785
297.086203,1.358414,2.318359,0.108673
297.096314,1.394638,2.318359,0.108673
297.106511,1.122955,2.101013,0.036224
297.116644,0.815048,1.648209,-0.090561
297.126349,0.615814,1.376526,-0.181122
297.137037,0.543365,1.340302,-0.380356
297.147125,0.489029,1.322189,-0.724487
297.156422,0.362244,1.104843,-0.941833
297.167503,0.217346,0.869385,-1.068619
297.177143,0.000000,0.724487,-0.778824
297.187802,-0.163010,0.652039,-0.271683
297.197917,-0.289795,0.670151,0.199234
297.208054,-0.380356,0.633926,0.470917
297.218200,-0.416580,0.452805,0.652039
297.228390,-0.416580,0.217346,0.652039
297.238528,-0.416580,0.054337,0.543365
297.248659,-0.398468,-0.072449,0.416580
297.258778,-0.398468,-0.090561,0.289795
297.268924,-0.380356,-0.108673,0.289795
297.279058,-0.434692,-0.144897,0.253571
297.289207,-0.452805,-0.144897,0.090561
297.299350,-0.416580,-0.181122,-0.126785
297.309491,-0.344131,-0.235458,-0.235458
297.319625,-0.253571,-0.307907,-0.326019
297.329826,0.090561,-0.072449,-0.126785
297.339959,0.181122,0.108673,-0.054337
297.350087,0.217346,0.217346,-0.108673
297.360219,0.199234,0.271683,-0.144897
297.370362,0.199234,0.235458,-0.181122
297.380512,0.253571,0.271683,-0.235458
297.390644,0.271683,0.434692,-0.380356
297.400798,0.181122,0.543365,-0.561478
297.410945,0.144897,0.633926,-0.724487
297.421081,0.108673,0.706375,-0.851273
297.431278,0.072449,0.815048,-0.959946
297.441443,0.054337,1.014282,-1.141068
297.451565,0.054337,1.485199,-1.376526
297.461695,0.181122,2.010452,-1.684433
297.471878,0.344131,2.318359,-1.938004
297.482031,0.398468,2.318359,-1.938004
297.492193,0.054337,1.430862,-1.503311
297.502341,0.072449,1.086731,-1.358414
297.512462,0.054337,0.869385,-1.213516
297.522614,-0.036224,0.742599,-1.122955
297.532802,-0.072449,0.652039,-1.032394
297.542929,-0.018112,0.652039,-0.869385
297.553088,0.036224,0.724487,-0.652039
297.563219,0.036224,0.923721,-0.326019
297.573375,-0.036224,1.195404,0.108673
297.583522,-0.090561,1.376526,0.416580
297.593673,-0.126785,1.304077,0.561478
297.603866,-0.181122,1.032394,0.470917
297.614012,-0.126785,0.688263,0.362244
297.623671,-0.054337,0.525253,0.235458
297.634427,-0.054337,0.543365,0.126785
297.643911,-0.072449,0.615814,0.054337
297.653826,-0.018112,0.706375,0.036224
297.663893,0.054337,0.905609,-0.072449
297.674683,0.054337,1.412750,0.000000
297.684946,0.108673,2.137238,-0.090561
297.695102,0.108673,2.318359,-0.217346
297.704511,-0.090561,2.318359,-0.253571
297.716513,-0.253571,2.300247,-0.235458
297.726672,-0.307907,1.702545,-0.289795
297.736825,-0.326019,1.394638,-0.362244
297.746951,-0.326019,1.050507,-0.597702
297.757061,-0.217346,0.724487,-0.905609
297.767277,-0.072449,0.452805,-0.978058
297.777342,0.036224,0.271683,-0.887497
297.787490,-0.018112,0.144897,-0.597702
297.797637,-0.108673,0.000000,-0.253571
297.807771,-0.163010,0.036224,0.018112
297.817921,-0.090561,-0.018112,0.108673
297.828058,-0.090561,-0.036224,0.126785
297.838244,-0.108673,-0.054337,0.163010
297.848376,-0.108673,-0.090561,0.199234
297.858503,-0.090561,-0.126785,0.253571
297.868640,-0.018112,-0.108673,0.307907
297.878763,0.090561,-0.054337,0.380356
297.888907,0.144897,0.000000,0.416580
297.899131,0.199234,0.036224,0.398468
297.909214,0.253571,0.036224,0.344131
297.919344,0.307907,0.072449,0.199234
297.929487,0.271683,0.126785,0.108673
297.939757,0.144897,0.163010,0.163010
297.949822,0.036224,0.199234,0.289795
297.959933,-0.018112,0.289795,0.434692
297.970086,-0.090561,2.318359,0.633926
297.980368,-0.163010,2.318359,0.742599
297.990430,-0.199234,2.318359,0.108673
298.000704,-0.271683,2.191574,-0.072449
298.010729,-0.398468,1.774994,-0.289795
298.020858,-0.742599,1.593872,-0.959946
298.030982,-0.615814,1.883667,-0.851273
298.041169,-0.507141,2.010452,-0.833160
298.051331,-0.579590,1.974228,-1.249741
298.061438,-0.217346,2.082901,-1.430862
298.071602,0.217346,1.956116,-1.032394
298.081739,0.289795,1.793106,-0.670151
298.091852,0.253571,1.557648,-0.434692
298.102013,0.163010,1.285965,-0.271683
298.112151,0.018112,0.833160,-0.126785
298.121823,0.036224,0.561478,0.036224
298.131516,-0.090561,1.141068,0.054337
298.142635,-0.253571,1.467087,0.108673
298.151841,-0.398468,1.666321,0.199234
298.161802,-0.452805,1.919891,0.217346
298.172755,-0.235458,2.010452,0.307907
298.182948,-0.108673,2.318359,0.380356
298.193319,0.090561,2.318359,0.398468
298.205273,0.289795,2.318359,0.344131
298.215438,0.796936,2.318359,0.344131
298.225535,1.014282,2.318359,0.380356
298.235644,1.032394,2.101013,0.525253
298.245752,0.742599,1.720657,0.489029
298.256049,0.326019,1.376526,0.362244
298.266270,0.054337,1.231628,0.181122
298.276313,-0.072449,1.068619,0.144897
298.286459,-0.108673,0.869385,0.126785
298.296598,-0.163010,0.706375,0.072449
298.306730,-0.253571,0.470917,-0.018112
298.316872,-0.289795,0.434692,-0.036224
298.327014,-0.326019,0.380356,-0.054337
298.337162,-0.380356,0.326019,-0.054337
298.347353,-0.398468,0.253571,0.126785
298.357480,-0.398468,0.163010,0.307907
298.367686,-0.398468,0.072449,0.362244
298.377755,-0.380356,-0.036224,0.416580
298.387890,-0.380356,-0.108673,0.470917
298.398107,-0.398468,-0.126785,0.561478
298.408180,-0.380356,-0.163010,0.525253
298.418319,-0.289795,-0.163010,0.434692
298.428453,-0.217346,-0.144897,0.289795
298.438591,-0.126785,-0.144897,0.090561
298.448794,-0.072449,-0.163010,-0.054337
298.458899,-0.018112,-0.163010,-0.054337
298.469048,0.036224,-0.144897,0.036224
298.479175,0.090561,0.144897,-0.108673
298.489315,0.090561,0.307907,-0.597702
298.499459,0.054337,0.615814,-1.358414
298.509590,-0.018112,0.869385,-1.322189
298.519746,-0.108673,1.503311,-0.941833
298.529886,-0.163010,2.119125,-0.796936
298.540078,-0.163010,2.209686,-0.815048
298.550233,0.090561,1.756882,-0.978058
298.560347,0.307907,1.358414,-1.195404
298.570500,0.398468,1.195404,-1.249741
298.580632,0.307907,1.177292,-1.213516
298.590769,0.344131,1.231628,-1.376526
298.600913,0.362244,1.068619,-1.539536
298.611055,0.344131,0.869385,-1.485199
298.620722,0.326019,0.833160,-1.430862
298.630447,0.199234,0.941833,-1.304077
298.641379,-0.054337,1.086731,-1.122955
298.650704,-0.362244,1.213516,-1.068619
298.660746,-0.452805,1.611984,-1.467087
298.671607,-0.054337,1.358414,-0.724487
298.681778,0.199234,0.833160,0.036224
298.691901,0.235458,0.489029,0.633926
298.702045,0.235458,0.344131,1.068619
298.712167,0.181122,0.271683,1.068619
298.722313,0.181122,0.235458,0.778824
298.732457,0.199234,0.362244,0.597702
298.742610,0.217346,0.597702,0.307907
298.752815,0.181122,0.869385,0.181122
298.762944,0.126785,1.086731,0.144897
298.773077,0.090561,1.249741,0.108673
298.783230,0.126785,1.467087,-0.163010
298.793364,0.108673,2.318359,-1.285965
298.803603,-0.470917,2.318359,-1.322189
298.813787,-0.815048,2.318359,-0.633926
298.823961,-0.796936,1.793106,-0.380356
298.836710,-0.869385,1.249741,-0.543365
298.853473,-0.489029,0.362244,-0.905609
298.864369,-0.235458,0.199234,-0.561478
298.874533,-0.181122,0.163010,-0.090561
298.884744,-0.126785,0.072449,0.054337
298.894885,-0.072449,0.036224,0.072449
298.904945,-0.036224,0.000000,0.054337
298.915132,0.018112,0.000000,0.054337
298.925239,0.054337,-0.036224,0.090561
298.935361,0.090561,-0.072449,0.126785
298.945512,0.163010,-0.108673,0.126785
298.955632,0.253571,-0.126785,0.181122
298.965871,0.380356,-0.126785,0.344131
298.976057,0.380356,-0.036224,0.380356
298.986187,0.380356,0.054337,0.380356
298.996323,0.380356,0.054337,0.199234
299.006465,0.579590,0.217346,0.054337
299.016599,0.670151,0.253571,-0.018112
299.026747,0.416580,0.036224,-0.054337
299.036773,0.235458,0.054337,-0.054337
299.047494,0.036224,0.108673,-0.036224
299.057589,-0.036224,0.126785,0.072449
299.067766,-0.018112,0.199234,0.380356
299.077826,0.036224,0.380356,0.597702
299.087969,-0.489029,2.318359,0.380356
299.098155,-0.615814,2.318359,0.380356
299.108250,-0.615814,2.318359,0.072449
299.118161,-0.778824,2.318359,-0.217346
299.127917,-0.815048,1.630096,-0.670151
299.138798,-0.633926,1.195404,-0.996170
299.148131,-0.416580,1.086731,-1.032394
299.158107,-0.235458,1.086731,-1.122955
299.169050,0.072449,1.648209,-0.941833
299.179154,0.072449,1.593872,-0.579590
299.189329,0.018112,1.430862,-0.253571
299.199382,-0.036224,1.213516,-0.163010
299.209547,-0.126785,0.815048,0.018112
299.219671,-0.217346,0.452805,0.199234
299.229820,-0.380356,0.778824,0.163010
299.239953,-0.597702,1.285965,-0.072449
299.250102,-0.742599,1.430862,-0.072449
299.260285,-0.760712,1.503311,-0.018112
299.270424,-0.670151,1.611984,-0.018112
299.280556,-0.416580,1.702545,0.036224
299.290690,-0.289795,1.992340,0.108673
299.300834,-0.163010,2.318359,0.163010
299.311020,-0.036224,2.318359,0.199234
299.321181,0.163010,2.318359,0.181122
299.331341,0.615814,2.318359,0.163010
299.341576,0.851273,2.264023,0.380356
299.351622,0.579590,2.064789,0.398468
299.361768,0.344131,1.901779,0.344131
299.371911,0.217346,1.793106,0.326019
299.382048,0.108673,1.611984,0.181122
299.392157,0.000000,1.448975,0.126785
299.402308,-0.181122,1.213516,-0.054337
299.412472,-0.344131,1.032394,-0.054337
299.422608,-0.489029,0.851273,0.018112
299.432734,-0.543365,0.652039,-0.054337
299.442908,-0.489029,0.362244,-0.054337
299.453055,-0.362244,0.144897,0.108673
299.463240,-0.362244,0.000000,0.271683
299.473372,-0.434692,-0.126785,0.380356
299.483509,-0.416580,-0.199234,0.489029
299.493654,-0.434692,-0.253571,0.489029
299.503855,-0.380356,-0.289795,0.470917
299.514001,-0.289795,-0.416580,0.489029
299.524130,-0.181122,-0.398468,0.416580
299.534272,-0.108673,-0.380356,0.271683
299.544422,0.018112,-0.380356,0.126785
299.554601,0.090561,-0.398468,-0.054337
299.564806,0.144897,-0.362244,-0.090561
299.574901,0.181122,-0.271683,-0.126785
299.585077,0.181122,-0.126785,-0.108673
299.595184,0.144897,0.000000,-0.144897
299.605338,0.163010,0.144897,-0.253571
299.615490,0.181122,0.253571,-0.434692
299.625198,0.199234,0.362244,-0.688263
299.635839,0.253571,0.670151,-1.412750
299.645503,0.253571,0.778824,-1.267853
299.655191,0.163010,0.724487,-0.923721
299.665254,0.072449,0.688263,-0.615814
299.676180,-0.018112,0.815048,-0.362244
299.686369,-0.090561,1.811218,-0.452805
299.696365,-0.036224,2.318359,-0.796936
299.706553,0.199234,2.318359,-1.086731
299.716815,0.416580,2.318359,-1.322189
299.728780,0.525253,2.318359,-1.376526
299.738920,0.380356,1.865555,-1.430862
299.749050,0.217346,1.376526,-1.448975
299.759184,0.054337,1.014282,-1.467087
299.769428,-0.126785,0.760712,-1.539536
299.779485,-0.271683,0.597702,-1.485199
299.789624,-0.362244,0.507141,-1.376526
299.799754,-0.362244,0.543365,-1.195404
299.809900,-0.235458,0.615814,-1.014282
299.820033,-0.108673,0.615814,-0.815048
299.830194,-0.018112,0.543365,-0.543365
299.840321,-0.018112,0.579590,-0.108673
299.850464,-0.054337,0.688263,0.688263
299.860602,-0.090561,0.959946,1.249741
299.870905,0.054337,1.231628,1.213516
299.881050,0.452805,1.738770,-0.362244
299.892715,0.561478,2.318359,-0.217346
299.901315,0.416580,1.811218,0.163010
299.911423,0.271683,1.557648,-0.670151
299.921549,0.072449,1.774994,-1.322189
299.931676,-0.380356,1.720657,-1.050507
299.941822,-0.615814,1.992340,-0.615814
299.951971,-0.706375,2.318359,-0.416580
299.962170,-0.869385,2.318359,-0.108673
299.972294,-0.941833,2.318359,0.072449
299.982474,-1.032394,1.630096,0.054337
299.992622,-1.050507,1.412750,-0.090561
300.002757,-0.670151,1.068619,-0.271683
300.012902,-0.380356,1.122955,-0.452805
300.023043,0.036224,1.032394,-0.470917
300.033189,0.144897,0.815048,-0.326019
300.043351,0.090561,0.525253,-0.018112
300.053525,0.036224,0.253571,0.144897
300.063668,0.072449,0.144897,0.126785
300.073900,0.072449,0.090561,0.072449
300.084020,0.036224,0.036224,0.072449
300.094140,0.054337,-0.018112,0.072449
300.104300,0.199234,-0.054337,0.108673
300.114423,0.362244,-0.163010,0.144897
300.124178,0.307907,-0.181122,0.199234
300.134881,0.235458,-0.163010,0.253571
300.144305,0.217346,-0.181122,0.398468
300.154172,0.253571,-0.163010,0.597702
300.164272,0.289795,-0.181122,0.724487
300.175134,0.307907,-0.090561,0.525253
300.185309,0.307907,-0.072449,0.416580
300.195401,0.289795,-0.090561,0.326019
300.205541,0.289795,-0.072449,0.271683
300.215609,0.344131,0.090561,0.235458
300.225671,0.380356,0.199234,0.181122
300.236019,0.344131,0.235458,0.072449
300.246146,0.217346,0.235458,-0.018112
300.256304,0.090561,0.326019,-0.036224
300.266423,0.163010,2.318359,0.108673
300.276627,0.018112,2.318359,0.018112
300.286836,-0.163010,2.318359,-0.199234
300.296947,-1.340302,2.318359,-0.996170
300.307073,-1.304077,2.318359,-1.231628
300.317233,-0.181122,1.720657,-0.778824
300.327359,0.090561,1.285965,-0.760712
300.337491,0.054337,0.887497,-1.141068
300.347615,0.525253,0.923721,-1.611984
300.357764,0.507141,1.376526,-1.358414
300.367905,0.271683,1.611984,-0.778824
300.378097,0.036224,1.485199,-0.326019
300.388210,-0.163010,1.213516,-0.072449
300.398466,-0.253571,1.014282,0.054337
300.408524,-0.271683,0.959946,0.090561
300.418659,-0.271683,0.978058,0.126785
300.428794,-0.235458,1.068619,0.199234
300.439008,-0.181122,1.195404,0.181122
300.449073,-0.163010,1.394638,0.163010
300.459212,-0.163010,1.521423,0.235458
300.469454,-0.181122,1.557648,0.307907
300.479694,-0.181122,1.630096,0.362244
300.489756,-0.199234,1.720657,0.525253
300.499424,-0.235458,1.829330,0.652039
300.509259,-0.289795,1.883667,0.633926
300.519254,-0.253571,1.901779,0.633926
300.530116,-0.307907,1.738770,0.416580
300.540278,-0.434692,1.774994,0.289795
300.550380,-0.633926,1.847443,0.036224
300.560525,-0.887497,2.046677,-1.032394
300.570846,-0.760712,2.119125,-0.996170
300.580868,-0.579590,1.992340,-0.959946
300.590981,-0.362244,1.847443,-0.869385
300.601127,-0.398468,1.793106,-0.633926
300.611258,-0.597702,1.630096,-0.326019
300.620898,-0.688263,1.285965,-0.181122
300.630622,-0.688263,1.050507,0.072449
300.641640,-0.688263,0.887497,0.326019
300.651065,-0.688263,0.706375,0.489029
300.661006,-0.633926,0.489029,0.615814
300.671872,-0.507141,0.289795,0.652039
300.682068,-0.398468,0.144897,0.670151
300.692189,-0.289795,0.000000,0.706375
300.702347,-0.036224,-0.090561,0.670151
300.712481,0.090561,-0.072449,0.670151
300.722609,0.235458,0.036224,0.670151
300.732762,0.380356,0.126785,0.633926
300.742898,0.470917,0.253571,0.561478
300.753228,0.543365,0.344131,0.434692
300.763380,0.615814,0.344131,0.289795
300.773507,0.760712,0.326019,-0.126785
300.783704,0.887497,0.307907,-0.398468
300.793917,0.869385,0.307907,-0.470917
300.804058,0.724487,0.326019,-0.434692
300.814249,0.543365,0.416580,-0.416580
300.824311,0.434692,0.525253,-0.362244
300.834501,0.380356,0.652039,-0.326019
300.844640,0.235458,0.978058,-0.217346
300.854768,0.126785,1.285965,-0.344131
300.864899,0.072449,1.485199,-0.887497
300.875083,0.108673,1.666321,-1.213516
300.885252,0.126785,1.684433,-1.485199
300.895401,0.054337,1.575760,-1.593872
300.905545,-0.108673,1.376526,-1.539536
300.915624,-0.271683,1.159180,-1.394638
300.925677,-0.362244,0.959946,-1.285965
300.936010,-0.398468,0.796936,-1.177292
300.946165,-0.289795,0.652039,-1.050507
300.956293,-0.090561,0.525253,-0.941833
300.966491,0.036224,0.398468,-0.851273
300.976517,0.054337,0.362244,-0.778824
300.986832,0.018112,0.362244,-0.652039
300.996936,-0.054337,0.380356,-0.543365
301.007062,-0.108673,0.398468,-0.344131
301.017207,-0.108673,0.470917,-0.163010
301.027334,-0.126785,0.633926,-0.108673
301.037482,-0.090561,1.847443,-0.887497
301.047622,-0.090561,2.318359,-0.525253
301.057792,0.108673,2.282135,-0.108673
301.067957,0.253571,1.557648,-0.217346
301.078119,0.489029,1.122955,-0.289795
301.088345,0.597702,0.923721,-0.072449
301.098468,0.434692,0.796936,0.090561
301.108579,0.307907,0.815048,0.126785
301.118441,0.235458,1.050507,0.126785
301.128247,0.181122,2.318359,-0.072449
301.139137,-0.235458,2.318359,-0.072449
301.148683,-0.489029,2.318359,0.289795
301.158500,-0.543365,1.974228,-0.018112
301.168564,-0.688263,1.485199,-0.633926
301.179441,-0.652039,1.285965,-0.887497
301.189710,-0.380356,0.978058,-0.887497
301.199715,0.090561,0.652039,-0.724487
301.209860,0.326019,0.416580,-0.507141
301.219996,0.199234,0.126785,-0.253571
301.230125,0.072449,0.036224,-0.036224
301.240263,-0.018112,0.000000,0.072449
301.250519,-0.054337,0.018112,0.072449
301.260549,-0.090561,0.018112,0.090561
301.270741,-0.108673,-0.018112,0.090561
301.280816,-0.108673,-0.018112,0.108673
301.291020,-0.072449,-0.036224,0.217346
301.301157,0.018112,-0.036224,0.289795
301.311277,0.072449,-0.054337,0.416580
301.321424,0.144897,-0.054337,0.507141
301.331562,0.181122,-0.072449,0.543365
301.341681,0.181122,-0.072449,0.470917
301.351838,0.199234,-0.054337,0.398468
301.361969,0.181122,0.108673,0.452805
301.372185,0.271683,0.253571,0.652039
301.382262,0.615814,0.507141,0.978058
301.392539,1.195404,2.318359,0.815048
301.402724,0.724487,2.318359,0.633926
301.412897,0.344131,2.318359,0.108673
301.424855,-0.036224,2.064789,-0.144897
301.435044,-0.652039,2.028564,-0.561478
301.445190,-1.177292,1.938004,-1.122955
301.455314,-0.380356,2.082901,-0.996170
301.465671,-0.090561,1.793106,-1.285965
301.475622,-0.036224,1.648209,-2.010452
301.485698,-0.054337,1.648209,-2.119125
301.496071,-0.036224,1.557648,-1.485199
301.506213,-0.072449,1.394638,-0.923721
301.516339,-0.144897,1.285965,-0.289795
301.526474,-0.108673,0.778824,-0.072449
301.536614,-0.018112,0.923721,0.126785
301.546757,-0.090561,1.141068,0.181122
301.556898,-0.326019,1.394638,0.253571
301.567034,-0.525253,1.684433,0.362244
301.577178,-0.579590,2.082901,0.452805
301.587365,-0.561478,2.282135,0.507141
301.597572,-0.380356,2.318359,0.525253
301.607580,-0.163010,2.318359,0.489029
301.617788,0.036224,2.318359,0.380356
301.627419,0.344131,2.318359,0.326019
301.638127,0.959946,2.318359,0.470917
301.647760,1.032394,2.227798,0.561478
301.657372,1.032394,2.064789,0.724487
301.668280,0.815048,1.666321,0.652039
301.678250,0.452805,1.503311,0.271683
301.688429,0.181122,1.430862,0.072449
301.698616,0.090561,1.267853,0.181122
301.708716,-0.126785,0.905609,0.072449
301.718914,-0.289795,0.796936,-0.054337
301.729013,-0.434692,0.706375,-0.144897
301.739163,-0.489029,0.561478,-0.181122
301.749292,-0.507141,0.380356,-0.144897
301.759477,-0.416580,0.199234,-0.018112
301.769602,-0.289795,0.036224,0.163010
301.779742,-0.199234,-0.072449,0.289795
301.789889,-0.144897,-0.144897,0.344131
301.800062,-0.090561,-0.199234,0.362244
301.810184,-0.036224,-0.271683,0.326019
301.820329,0.054337,-0.326019,0.253571
301.830473,0.072449,-0.362244,0.199234
301.840611,0.126785,-0.416580,0.126785
301.850744,0.163010,-0.434692,0.054337
301.860897,0.199234,-0.416580,0.000000
301.871024,0.253571,-0.326019,-0.217346
301.881165,0.126785,-0.018112,-0.217346
301.891314,0.018112,0.072449,-0.199234
301.901498,-0.072449,0.108673,-0.253571
301.911642,-0.126785,0.217346,-0.344131
301.921787,-0.108673,0.362244,-0.507141
301.931900,-0.054337,0.561478,-0.688263
301.942044,-0.018112,0.742599,-0.887497
301.952186,0.018112,0.923721,-1.104843
301.962326,0.018112,1.104843,-1.322189
301.972547,0.018112,1.394638,-1.448975
301.982633,-0.036224,1.793106,-1.467087
301.992780,-0.054337,2.318359,-1.249741
302.002992,0.054337,2.318359,-1.032394
302.013112,-0.144897,2.209686,-1.159180
302.023320,-0.217346,1.539536,-1.213516
302.033441,-0.072449,1.340302,-1.249741
302.043570,0.126785,1.285965,-1.304077
302.053766,0.362244,1.068619,-1.304077
302.063965,0.434692,0.923721,-1.340302
302.074097,0.452805,0.905609,-1.267853
302.084208,0.434692,0.959946,-0.796936
302.094368,0.398468,0.869385,-0.090561
302.104586,0.326019,0.597702,0.434692
302.114709,0.326019,0.416580,0.796936
302.124393,0.253571,0.307907,0.887497
302.135150,0.163010,0.326019,0.706375
302.144587,0.108673,0.452805,0.489029
302.154432,0.036224,0.652039,0.344131
302.164541,0.090561,1.050507,-0.416580
302.175339,-0.144897,1.557648,-0.724487
302.185559,-0.398468,1.630096,-0.561478
302.195644,-0.507141,1.702545,-0.525253
302.205782,-0.652039,2.318359,-0.507141
302.216198,-1.177292,2.318359,0.054337
302.226232,-1.177292,1.756882,0.271683
302.236367,-1.032394,1.467087,0.163010
302.246157,-0.688263,1.285965,-0.181122
302.255723,-0.235458,0.959946,-0.815048
302.266803,0.108673,0.688263,-1.122955
302.276892,0.126785,0.489029,-0.579590
302.287104,-0.036224,0.253571,0.036224
302.297171,0.036224,0.108673,0.036224
302.307347,0.036224,0.036224,0.000000
302.317460,0.054337,0.000000,-0.018112
302.327617,0.054337,-0.018112,0.018112
302.337750,0.054337,-0.018112,0.054337
302.347876,0.054337,-0.054337,0.090561
302.358019,0.072449,-0.072449,0.090561
302.368147,0.126785,-0.072449,0.090561
302.378290,0.217346,-0.090561,0.126785
302.388430,0.525253,-0.036224,0.362244
302.398700,0.706375,-0.108673,0.344131
302.408775,0.670151,-0.144897,0.271683
302.418902,0.579590,-0.163010,0.144897
302.429032,0.579590,-0.199234,0.090561
302.439290,0.489029,-0.126785,0.018112
302.449346,0.163010,0.036224,0.000000
302.459493,-0.018112,0.126785,0.036224
302.469627,-0.054337,0.108673,0.072449
302.479754,-0.054337,0.126785,0.108673
302.489893,-0.108673,1.684433,0.126785
302.500044,0.108673,2.318359,0.163010
302.510224,-0.054337,2.318359,0.090561
302.520337,-0.344131,2.318359,-0.090561
302.530530,-0.543365,2.318359,-0.163010
302.540684,-1.014282,1.992340,-0.670151
302.550813,-1.177292,1.593872,-1.159180
302.560948,-0.688263,1.503311,-0.905609
302.571083,0.235458,1.467087,-1.068619
302.581222,0.615814,1.521423,-1.177292
302.591371,0.633926,1.322189,-1.086731
302.601506,0.398468,0.996170,-0.851273
302.611693,0.181122,1.014282,-0.670151
302.621298,-0.072449,0.778824,-0.525253
302.631021,-0.199234,0.525253,-0.307907
302.642001,-0.217346,0.742599,-0.181122
302.651339,-0.416580,1.322189,-0.036224
302.661381,-0.615814,1.738770,0.036224
302.672237,-0.815048,1.992340,0.108673
302.682415,-0.978058,2.227798,0.199234
302.692681,-1.014282,2.318359,0.326019
302.702727,-0.833160,2.318359,0.398468
302.712928,-0.561478,2.318359,0.380356
302.723087,-0.326019,2.318359,0.344131
302.733248,-0.108673,2.318359,0.434692
302.743417,0.126785,2.318359,0.416580
302.753662,0.561478,2.318359,0.072449
302.763705,0.652039,2.318359,-0.199234
302.774047,0.181122,2.282135,-0.326019
302.784086,-0.163010,1.992340,-0.344131
302.794205,-0.380356,1.648209,-0.380356
302.804352,-0.452805,1.267853,-0.380356
302.814652,-0.398468,0.742599,-0.307907
302.824681,-0.253571,0.326019,-0.072449
302.834826,-0.072449,0.144897,0.253571
302.845013,0.036224,0.000000,0.507141
302.855129,0.072449,-0.090561,0.706375
302.865244,0.054337,-0.199234,0.869385
302.875254,-0.036224,-0.362244,0.923721
302.885661,-0.054337,-0.470917,0.869385
302.895677,-0.090561,-0.561478,0.796936
302.905542,-0.090561,-0.543365,0.688263
302.916181,-0.054337,-0.434692,0.434692
302.926052,-0.054337,-0.362244,0.253571
302.936050,-0.054337,-0.289795,0.126785
302.946407,-0.072449,-0.163010,-0.018112
302.956556,-0.036224,0.018112,-0.072449
302.966817,0.036224,0.126785,0.036224
302.976691,0.054337,0.163010,0.018112
302.986880,0.126785,0.199234,0.108673
302.997101,0.181122,0.217346,0.108673
303.008092,0.326019,0.326019,-0.036224
303.017179,0.470917,0.452805,-0.416580
303.028651,0.597702,0.633926,-0.905609
303.036864,0.615814,0.760712,-1.249741
303.047419,0.489029,0.851273,-1.267853
303.056997,0.289795,0.869385,-0.996170
303.067028,0.126785,0.905609,-0.760712
303.077273,0.054337,0.959946,-0.633926
303.088307,0.108673,1.159180,-1.340302
303.098282,0.525253,2.318359,-1.865555
303.108456,0.615814,2.318359,-1.974228
303.118266,0.271683,2.318359,-1.974228
303.129193,0.126785,1.829330,-1.901779
303.140220,0.054337,1.521423,-1.938004
303.149828,-0.036224,1.050507,-1.756882
303.159475,0.054337,0.597702,-1.122955
303.170221,0.217346,0.416580,-0.362244
303.180486,0.289795,0.525253,0.307907
303.190693,0.217346,0.724487,0.652039
303.200719,0.144897,0.905609,0.815048
303.210879,0.126785,1.050507,0.706375
303.221067,0.181122,0.978058,0.307907
303.231203,0.181122,0.905609,0.054337
303.241324,0.199234,0.978058,-0.018112
303.251469,0.144897,1.159180,0.163010
303.261603,-0.018112,1.177292,0.326019
303.271733,-0.163010,1.231628,0.289795
303.281865,-0.344131,1.467087,0.181122
303.291997,-0.615814,2.318359,-0.380356
303.302307,-1.141068,2.318359,-0.887497
303.311691,-0.959946,2.318359,-0.434692
303.322445,-0.905609,2.101013,-0.434692
303.332599,-1.032394,1.666321,-0.615814
303.342722,-1.014282,1.213516,-0.941833
303.352867,-0.615814,0.670151,-1.050507
303.363006,0.018112,0.597702,-1.086731
303.373146,0.217346,0.633926,-0.778824
303.383310,0.072449,0.543365,-0.163010
303.393535,-0.090561,0.380356,0.235458
303.403606,-0.090561,0.181122,0.307907
303.413803,-0.018112,0.054337,0.217346
303.424018,0.126785,-0.036224,0.163010
303.434142,0.235458,-0.090561,0.144897
303.444248,0.307907,-0.090561,0.199234
303.454402,0.470917,-0.018112,0.181122
303.464574,0.670151,0.000000,0.199234
303.474784,0.652039,-0.090561,0.217346
303.484848,0.670151,-0.090561,0.235458
303.495023,0.615814,-0.072449,0.199234
303.505144,0.579590,-0.072449,0.181122
303.515297,0.507141,-0.018112,0.181122
303.525482,0.398468,-0.054337,0.126785
303.535626,0.326019,-0.054337,0.072449
303.545680,0.289795,-0.072449,0.054337
303.556000,0.289795,-0.054337,0.036224
303.566149,0.289795,0.054337,0.090561
303.576271,0.181122,0.181122,0.144897
303.586435,-0.054337,0.199234,0.126785
303.596560,-0.181122,2.318359,0.199234
303.606760,-0.271683,2.318359,0.181122
303.617259,-0.398468,2.318359,0.090561
303.627914,-0.597702,2.318359,-0.163010
303.638983,-0.760712,2.173462,-0.217346
303.649210,-0.833160,1.883667,-0.326019
303.658331,-1.068619,1.575760,-0.670151
303.668414,-1.050507,1.593872,-0.815048
303.679287,-0.923721,1.630096,-0.905609
303.689578,-0.815048,1.738770,-1.068619
303.699835,-0.416580,1.774994,-0.959946
303.709965,0.054337,1.630096,-0.796936
303.720095,0.344131,1.467087,-0.778824
303.730271,0.416580,1.267853,-0.597702
303.740403,-0.018112,0.652039,-0.344131
303.750539,-0.144897,0.633926,-0.126785
303.760663,-0.199234,0.760712,-0.072449
303.770793,-0.344131,1.159180,-0.090561
303.780945,-0.561478,1.430862,-0.054337
303.791086,-0.688263,1.883667,-0.072449
303.801275,-0.670151,2.064789,0.036224
303.811448,-0.561478,2.064789,0.126785
303.821548,-0.452805,2.264023,0.235458
303.831757,-0.326019,2.318359,0.289795
303.841910,-0.144897,2.318359,0.271683
303.852026,0.072449,2.318359,0.217346
303.862222,0.344131,2.245911,0.163010
303.872373,0.996170,2.318359,0.326019
303.882527,0.978058,2.209686,0.688263
303.892750,0.869385,1.901779,0.996170
303.902819,0.489029,1.086731,0.289795
303.912950,-0.018112,0.869385,0.090561
303.923101,-0.090561,0.670151,0.163010
303.933282,-0.181122,0.579590,0.326019
303.943448,-0.235458,0.489029,0.307907
303.953555,-0.289795,0.416580,0.326019
303.963703,-0.326019,0.289795,0.253571
303.973894,-0.398468,0.144897,0.253571
303.984064,-1.213516,-0.289795,0.597702
303.994168,-0.760712,-0.163010,0.380356
304.004333,-0.615814,-0.163010,0.036224
304.014505,-0.434692,-0.362244,-0.307907
304.024624,-0.217346,-0.380356,-0.090561
304.034807,-0.054337,-0.289795,0.217346
304.044921,0.090561,-0.253571,0.398468
304.055139,0.235458,-0.163010,0.434692
304.065289,0.398468,0.018112,0.289795
304.075475,0.434692,0.181122,0.036224
304.085540,0.326019,0.126785,-0.072449
304.095652,0.163010,0.163010,-0.144897
304.105702,0.072449,0.307907,-0.235458
304.116017,0.018112,0.470917,-0.380356
304.125779,-0.018112,0.615814,-0.543365
304.136435,-0.018112,0.724487,-0.688263
304.146218,-0.090561,0.851273,-0.833160
304.155782,-0.163010,0.978058,-0.905609
304.165855,-0.181122,1.068619,-0.941833
304.176656,-0.144897,1.159180,-1.014282
304.186864,-0.018112,1.322189,-1.195404
304.196976,0.108673,1.539536,-1.430862
304.207120,0.217346,1.630096,-1.485199
304.217250,0.217346,1.630096,-1.412750
304.227384,0.199234,1.539536,-1.394638
304.237585,0.235458,1.503311,-1.412750
304.247709,0.344131,1.467087,-1.358414
304.257853,0.018112,1.593872,-1.630096
304.267977,-0.452805,1.847443,-2.264023
304.278126,-0.778824,1.774994,-1.811218
304.288243,-0.869385,1.050507,-0.018112
304.298408,-0.724487,0.507141,0.670151
304.308528,-0.434692,0.452805,1.086731
304.318687,-0.199234,0.326019,1.231628
304.328824,-0.144897,0.362244,0.941833
304.339024,-0.108673,0.543365,0.543365
304.349161,0.018112,0.706375,0.326019
304.359300,0.362244,0.742599,0.199234
304.369409,0.489029,1.231628,-0.398468
304.379557,0.144897,1.702545,-0.452805
304.389694,-0.235458,2.010452,-0.289795
304.399966,-0.253571,2.064789,-0.398468
304.409945,-0.344131,2.318359,-0.579590
304.420136,-0.398468,2.318359,-0.941833
304.430353,-0.887497,2.318359,-0.778824
304.440645,-0.652039,1.720657,-0.815048
304.450600,-0.525253,1.231628,-0.760712
304.460685,-0.181122,0.869385,-0.905609
304.470867,0.217346,0.688263,-0.778824
304.481006,0.434692,0.543365,-0.271683
304.491129,0.235458,0.362244,0.163010
304.501289,-0.018112,0.163010,0.253571
304.511435,-0.036224,0.054337,0.253571
304.521564,0.018112,-0.054337,0.181122
304.531709,0.072449,-0.126785,0.199234
304.541915,0.144897,-0.090561,0.235458
304.552049,0.181122,-0.090561,0.271683
304.562180,0.253571,-0.126785,0.398468
304.572309,0.271683,-0.144897,0.398468
304.582443,0.271683,-0.090561,0.362244
304.592607,0.271683,0.036224,0.380356
304.602747,0.307907,-0.018112,0.344131
304.612884,0.253571,-0.072449,0.235458
304.622579,0.199234,-0.126785,0.126785
304.633583,0.181122,-0.090561,0.036224
304.643353,0.253571,-0.018112,0.000000
304.653037,0.416580,0.108673,-0.108673
304.663052,0.090561,0.344131,-0.217346
304.673972,-0.126785,0.217346,-0.090561
304.684141,-0.144897,0.326019,-0.054337
304.694378,-0.199234,2.318359,-0.144897
304.704490,-0.289795,2.318359,-0.289795
304.714601,-0.344131,2.318359,-0.018112
304.724825,-0.434692,2.227798,0.126785
304.734956,-0.525253,2.173462,0.235458
304.745133,-0.652039,2.028564,0.163010
304.755277,-0.941833,1.684433,-0.416580
304.765419,-0.416580,1.702545,-0.470917
304.775606,-0.181122,1.756882,-0.579590
304.785679,0.072449,1.648209,-0.851273
304.796019,0.253571,1.376526,-1.014282
304.806153,0.326019,1.231628,-1.068619
304.816296,0.217346,1.014282,-0.869385
304.826441,0.054337,0.670151,-0.670151
304.836574,-0.054337,0.199234,-0.362244
304.846766,0.018112,0.217346,-0.108673
304.856898,0.018112,0.597702,-0.018112
304.867042,-0.199234,1.430862,-0.108673
304.877241,-0.507141,1.630096,-0.199234
304.887308,-0.815048,1.938004,-0.163010
304.897539,-1.068619,2.318359,0.072449
304.907638,-1.122955,2.318359,0.235458
304.917783,-0.959946,2.318359,0.398468
304.927963,-0.543365,2.209686,0.452805
304.938191,-0.054337,2.318359,0.344131
304.948244,0.181122,2.318359,0.235458
304.958383,0.815048,2.318359,0.380356
304.968249,1.376526,2.318359,0.796936
304.980031,1.412750,2.318359,0.941833
304.990205,0.978058,1.992340,0.652039
305.000326,0.344131,1.611984,0.253571
305.010454,0.144897,1.267853,0.054337
305.020598,0.054337,1.068619,-0.072449
305.030731,-0.108673,0.959946,-0.199234
305.040869,-0.326019,0.923721,-0.217346
305.051082,-0.543365,0.923721,-0.235458
305.061199,-0.615814,0.742599,-0.199234
305.071320,-0.633926,0.452805,0.018112
305.081446,-0.561478,-0.036224,0.217346
305.091637,-0.289795,-0.163010,0.217346
305.101780,-0.235458,-0.253571,0.235458
305.111900,-0.144897,-0.307907,0.271683
305.121588,-0.072449,-0.362244,0.307907
305.131292,-0.036224,-0.434692,0.362244
305.142243,0.072449,-0.507141,0.416580
305.151606,0.181122,-0.561478,0.452805
305.161645,0.326019,-0.597702,0.416580
305.172516,0.470917,-0.489029,0.307907
305.182682,0.489029,-0.326019,0.181122
305.192911,0.289795,-0.126785,0.144897
305.202957,0.072449,0.036224,0.108673
305.213093,-0.126785,0.126785,-0.036224
305.223227,-0.199234,0.253571,-0.380356
305.233397,-0.199234,0.452805,-0.778824
305.243527,-0.072449,0.615814,-1.068619
305.253799,0.108673,0.724487,-1.014282
305.263937,0.199234,0.833160,-0.815048
305.274058,0.271683,0.996170,-0.742599
305.284160,0.271683,1.213516,-0.851273
305.294324,0.217346,1.756882,-0.996170
305.304503,0.181122,1.919891,-0.887497
305.314705,0.199234,1.847443,-0.833160
305.324767,0.163010,1.702545,-0.996170
305.334932,0.036224,1.394638,-1.195404
305.345090,0.090561,1.340302,-1.376526
305.355275,0.126785,1.231628,-1.521423
305.365416,0.163010,1.104843,-1.557648
305.375542,0.126785,1.032394,-1.521423
305.385670,-0.054337,1.159180,-1.430862
305.396005,-0.362244,1.557648,-1.285965
305.406205,-0.579590,2.010452,-0.887497
305.416488,-0.597702,2.318359,-0.326019
305.426511,-0.344131,1.285965,0.597702
305.436643,0.108673,0.452805,0.706375
305.446769,0.235458,0.072449,0.688263
305.456964,0.199234,0.054337,0.452805
305.467268,0.108673,0.235458,0.289795
305.477294,0.018112,0.434692,0.181122
305.487346,0.018112,0.724487,0.126785
305.497485,0.036224,0.978058,0.108673
305.507626,-0.036224,1.340302,-0.018112
305.517778,-0.090561,2.028564,-0.199234
305.527968,-0.615814,2.318359,-0.489029
305.538079,-0.959946,2.318359,-0.362244
305.548266,-0.923721,2.318359,-0.144897
305.558397,-0.923721,1.666321,-0.235458
305.568534,-0.978058,1.376526,-0.543365
305.578778,-0.941833,0.905609,-0.941833
305.588918,-0.670151,0.489029,-1.159180
305.599063,0.253571,0.489029,-0.724487
305.609199,0.108673,0.434692,0.018112
305.618798,-0.054337,0.289795,0.181122
305.628596,-0.036224,0.163010,0.144897
305.639628,-0.018112,0.072449,0.072449
305.648990,0.036224,0.036224,0.054337
305.658955,0.072449,-0.018112,0.036224
305.669857,0.072449,-0.036224,0.036224
305.679996,0.090561,-0.036224,0.072449
305.690314,0.163010,-0.054337,0.108673
305.700257,0.326019,-0.072449,0.090561
305.710395,0.416580,-0.126785,0.144897
305.720532,0.416580,-0.181122,0.217346
305.730671,0.434692,-0.163010,0.307907
305.740809,0.416580,-0.181122,0.326019
305.750943,0.416580,-0.144897,0.362244
305.761139,0.434692,-0.036224,0.253571
305.771263,0.434692,0.090561,0.126785
305.781407,0.199234,0.199234,0.126785
305.791543,0.090561,0.217346,0.199234
305.801689,0.036224,1.141068,0.289795
305.811813,-0.036224,2.318359,0.615814
305.822019,-0.108673,2.318359,0.434692
305.830398,-0.307907,2.318359,0.163010
305.842275,-0.561478,2.318359,-0.090561
305.852451,-0.724487,2.227798,-0.271683
305.862611,-1.032394,1.720657,-0.815048
305.872741,-0.923721,1.503311,-1.285965
305.882872,-0.525253,1.322189,-1.068619
305.893114,-0.289795,1.249741,-0.851273
305.903142,-0.090561,1.376526,-0.778824
305.913301,0.072449,1.358414,-0.724487
305.923446,0.344131,1.159180,-0.724487
305.933591,0.470917,1.068619,-0.670151
305.943772,0.452805,0.978058,-0.470917
305.953935,-0.054337,0.978058,-0.525253
305.964121,-0.271683,0.923721,-0.470917
305.974230,-0.344131,0.815048,-0.217346
305.984372,-0.434692,0.760712,0.090561
305.994545,-0.470917,0.507141,0.344131
306.004673,-0.597702,1.014282,0.253571
306.014819,-0.869385,1.793106,0.289795
306.024992,-0.996170,1.938004,0.434692
306.035128,-0.887497,2.010452,0.507141
306.045314,-0.489029,2.010452,0.416580
306.055428,-0.289795,2.227798,0.326019
306.065733,-0.144897,2.318359,0.271683
306.075713,0.090561,2.318359,0.199234
306.086058,0.525253,2.318359,0.199234
306.096233,1.231628,2.318359,0.307907
306.106644,1.267853,2.318359,0.489029
306.116675,0.778824,1.738770,0.362244
306.126391,0.380356,1.593872,0.289795
306.137042,0.271683,1.467087,0.072449
306.147091,0.271683,1.322189,-0.090561
306.156404,0.217346,1.122955,-0.235458
306.167221,-0.018112,0.905609,-0.434692
306.177012,-0.199234,0.742599,-0.416580
306.187494,-0.344131,0.670151,-0.507141
306.197603,-0.416580,0.525253,-0.597702
306.207745,-0.344131,0.271683,-0.398468
306.217887,-0.181122,0.108673,-0.072449
306.228021,-0.126785,0.036224,0.235458
306.238152,-0.108673,0.018112,0.434692
306.248296,-0.126785,-0.018112,0.579590
306.258438,-0.163010,-0.108673,0.633926
306.268637,-0.181122,-0.163010,0.615814
306.278837,-0.199234,-0.199234,0.633926
306.288894,-0.235458,-0.253571,0.579590
306.299039,-0.307907,-0.181122,0.344131
306.309185,-0.253571,-0.144897,0.036224
306.319331,-0.163010,-0.199234,-0.633926
306.329463,0.036224,-0.181122,-0.724487
306.339616,0.108673,-0.126785,-0.326019
306.349759,0.108673,-0.072449,-0.072449
306.359887,0.126785,0.018112,0.036224
306.370067,0.199234,0.144897,-0.090561
306.380203,0.235458,0.253571,-0.344131
306.390346,0.235458,0.398468,-0.652039
306.400472,0.199234,0.561478,-0.887497
306.410616,0.108673,0.688263,-0.941833
306.420745,-0.018112,1.050507,-0.959946
306.430872,-0.108673,1.648209,-1.032394
306.441135,-0.090561,1.992340,-1.195404
306.451292,0.090561,1.919891,-1.304077
306.461431,0.271683,1.539536,-1.231628
306.471607,0.307907,1.503311,-1.122955
306.481741,0.380356,1.503311,-1.104843
306.491956,0.470917,1.394638,-1.122955
306.502009,0.543365,1.104843,-1.267853
306.512145,0.489029,0.706375,-1.376526
306.522280,0.470917,0.489029,-1.412750
306.532427,0.470917,0.452805,-1.249741
306.542579,0.326019,0.561478,-0.887497
306.552737,0.036224,0.869385,-0.416580
306.562869,-0.380356,1.249741,-0.018112
306.573089,-0.724487,1.485199,0.434692
306.583225,-0.815048,1.666321,0.452805
306.593360,-0.633926,1.901779,0.344131
306.603508,-0.380356,1.919891,0.271683
306.613628,-0.054337,1.847443,0.054337
306.623350,0.344131,1.684433,-0.108673
306.634244,1.050507,1.666321,-0.163010
306.643801,0.670151,1.412750,-0.144897
306.653681,0.344131,1.249741,-0.126785
306.663763,0.253571,1.340302,-0.108673
306.674659,0.235458,1.593872,-0.072449
306.684790,0.253571,1.901779,-0.054337
306.694905,0.235458,2.264023,-0.054337
306.705129,0.054337,2.318359,-0.108673
306.715192,-0.217346,2.209686,-0.181122
306.725384,-0.398468,2.010452,-0.253571
306.735571,-0.344131,1.720657,-0.326019
306.745632,-0.217346,1.376526,-0.362244
306.755691,-0.072449,1.104843,-0.380356
306.766084,0.054337,0.706375,-0.362244
306.776245,0.126785,0.344131,-0.398468
306.786352,0.054337,0.163010,-0.434692
306.796490,-0.144897,0.090561,-0.253571
306.806618,-0.362244,0.000000,-0.108673
306.817374,-0.307907,0.036224,0.018112
306.826937,-0.217346,0.054337,0.144897
306.837069,-0.036224,-0.054337,0.163010
306.847220,0.181122,-0.090561,0.163010
306.857374,0.271683,-0.108673,0.163010
306.867514,0.307907,-0.072449,0.271683
306.877735,0.289795,-0.072449,0.452805
306.887844,0.326019,-0.072449,0.597702
306.897910,0.398468,0.036224,0.633926
306.908159,0.525253,0.181122,0.597702
306.918285,0.271683,-0.036224,0.507141
306.928428,0.072449,-0.163010,0.380356
306.938564,-0.072449,-0.144897,0.416580
306.948705,-0.144897,-0.018112,0.416580
306.959027,-0.126785,0.090561,0.489029
306.969244,-0.072449,1.304077,0.688263
306.979488,0.054337,2.318359,0.796936
306.989571,-0.163010,2.318359,0.543365
306.999643,-0.452805,2.318359,0.126785
307.011598,-1.195404,2.318359,-0.470917
307.021749,-1.666321,1.901779,-0.905609
307.031879,-1.249741,1.684433,-1.086731
307.042000,-0.742599,1.720657,-0.941833
307.052140,-0.597702,1.412750,-0.941833
307.062285,-0.615814,1.104843,-1.177292
307.072427,-0.344131,1.322189,-1.050507
307.082611,0.054337,1.376526,-0.688263
307.092873,0.380356,1.213516,-0.199234
307.102930,0.434692,1.122955,-0.072449
307.113065,0.525253,1.213516,-0.144897
307.122758,0.434692,1.014282,-0.235458
307.133621,0.271683,1.032394,-0.380356
307.143345,-0.036224,1.032394,-0.380356
307.153026,-0.199234,1.050507,-0.326019
307.163061,-0.181122,0.996170,-0.217346
307.173991,-0.054337,0.815048,-0.054337
307.184163,0.072449,0.778824,0.036224
307.194415,0.199234,0.959946,0.126785
307.204456,0.362244,1.195404,0.181122
307.214613,0.525253,1.503311,0.307907
307.224740,0.579590,1.919891,0.326019
307.234882,0.507141,2.282135,0.181122
307.245113,0.380356,2.318359,0.144897
307.255222,0.326019,2.318359,0.090561
307.265419,0.289795,2.318359,-0.144897
307.275626,0.108673,2.318359,-0.615814
307.285686,-0.163010,1.956116,-1.122955
307.296038,-0.126785,1.702545,-1.141068
307.306186,-0.072449,1.557648,-1.104843
307.316304,-0.018112,1.430862,-0.978058
307.326445,0.072449,1.267853,-0.760712
307.336594,0.181122,1.014282,-0.507141
307.346735,0.235458,0.688263,-0.217346
307.356869,0.307907,0.434692,0.072449
307.367018,0.326019,0.217346,0.380356
307.377158,0.344131,0.000000,0.543365
307.387330,0.344131,-0.126785,0.561478
307.397552,0.271683,-0.217346,0.561478
307.407622,0.126785,-0.235458,0.452805
307.417750,-0.036224,-0.199234,0.253571
307.427882,-0.144897,-0.126785,0.054337
307.438018,-0.235458,-0.090561,-0.054337
307.448215,-0.307907,-0.054337,-0.018112
307.458338,-0.434692,0.072449,-0.036224
307.468633,-0.452805,0.144897,-0.054337
307.478613,-0.470917,0.235458,-0.108673
307.488812,-0.470917,0.362244,-0.253571
307.498933,-0.470917,0.470917,-0.398468
307.509074,-0.434692,0.525253,-0.543365
307.519213,-0.326019,0.489029,-0.615814
307.529333,-0.036224,0.470917,-0.688263
307.539489,0.235458,0.452805,-0.796936
307.549623,0.470917,0.525253,-0.905609
307.559755,0.597702,0.652039,-0.923721
307.569908,0.525253,0.670151,-0.851273
307.580126,0.416580,0.688263,-0.869385
307.590246,0.235458,0.688263,-0.905609
307.600363,0.036224,0.724487,-0.905609
307.610509,-0.018112,0.724487,-1.014282
307.620174,0.199234,0.833160,-1.195404
307.629879,0.688263,0.959946,-1.485199
307.640919,0.833160,0.851273,-1.467087
307.650213,0.851273,0.742599,-1.358414
307.660283,0.833160,0.833160,-1.249741
307.671181,0.778824,0.941833,-1.285965
307.681294,0.760712,1.177292,-1.448975
307.691582,0.742599,1.738770,-1.666321
307.701580,0.633926,2.264023,-1.394638
307.711741,0.452805,2.046677,-0.941833
307.721909,0.253571,1.322189,-0.253571
307.732029,0.144897,0.579590,0.398468
307.742164,0.108673,0.090561,0.615814
307.752289,0.090561,-0.072449,0.579590
307.762433,0.108673,0.144897,0.416580
307.772576,-0.018112,0.507141,0.235458
307.782721,-0.163010,0.851273,0.000000
307.792917,-0.217346,1.141068,-0.217346
307.803057,-0.072449,1.774994,-0.706375
307.813204,0.163010,1.974228,-1.050507
307.823353,0.398468,2.064789,-1.213516
307.833545,0.307907,2.318359,-1.122955
307.842812,0.018112,2.318359,-1.104843
307.854778,-0.416580,2.318359,-0.833160
307.864941,-0.742599,1.901779,-0.416580
307.875086,-0.742599,1.557648,-0.144897
307.885186,-0.561478,1.032394,0.126785
307.895354,-0.253571,0.543365,0.199234
307.905486,0.018112,0.307907,0.217346
307.915612,0.253571,0.144897,0.108673
307.925669,0.652039,0.000000,0.036224
307.936010,1.014282,-0.036224,-0.054337
307.946169,1.195404,0.126785,-0.018112
307.956307,0.362244,-0.217346,0.054337
307.966437,0.054337,-0.108673,0.036224
307.976590,-0.163010,-0.054337,0.054337
307.986729,-0.235458,-0.036224,0.090561
307.996920,-0.253571,-0.036224,0.054337
308.007066,-0.253571,-0.018112,0.072449
308.017179,-0.253571,-0.018112,0.072449
308.027323,-0.217346,0.036224,0.108673
308.037462,-0.144897,0.090561,0.126785
308.047611,-0.126785,0.126785,0.090561
308.057740,-0.108673,0.181122,0.090561
308.067886,-0.072449,0.199234,0.126785
308.078012,-0.090561,0.181122,0.253571
308.088146,-0.144897,1.774994,0.416580
308.098334,-0.090561,2.318359,0.489029
308.108486,-0.054337,2.318359,0.416580
308.118354,-0.144897,2.173462,0.144897
308.128117,-0.525253,1.521423,-0.108673
308.139015,-0.724487,1.430862,-0.253571
308.148354,-0.579590,1.521423,-0.307907
308.158326,-0.434692,1.684433,-0.398468
308.169369,-0.307907,1.865555,-0.652039
308.179478,-0.126785,1.938004,-0.887497
308.189711,0.036224,1.756882,-1.050507
308.199768,0.054337,1.485199,-1.032394
308.209900,0.018112,1.249741,-0.978058
308.220033,-0.036224,0.923721,-0.796936
308.230178,-0.054337,0.760712,-0.615814
308.240312,-0.036224,0.561478,-0.380356
308.250457,0.126785,0.525253,-0.126785
308.260600,0.163010,0.833160,-0.036224
308.270733,0.072449,1.539536,-0.090561
308.280977,-0.144897,1.847443,-0.054337
308.291024,-0.326019,2.028564,0.108673
308.301346,-0.416580,2.318359,0.326019
308.311388,-0.163010,2.318359,0.344131
308.321556,0.072449,2.318359,0.470917
308.331522,0.470917,2.318359,0.887497
308.343457,0.851273,2.318359,0.923721
308.353632,0.869385,2.318359,0.851273
308.363773,0.706375,2.082901,0.706375
308.373969,0.235458,1.865555,0.289795
308.384094,0.018112,1.684433,0.163010
308.394320,-0.054337,1.557648,0.126785
308.404394,-0.126785,1.394638,0.072449
308.414565,-0.235458,1.285965,-0.181122
308.424674,-0.452805,1.213516,-0.543365
308.434801,-0.633926,1.086731,-0.941833
308.444996,-0.452805,0.271683,-0.688263
308.455132,-0.126785,0.072449,-0.090561
308.465244,0.090561,0.036224,0.307907
308.475384,0.126785,-0.036224,0.525253
308.485529,0.108673,-0.090561,0.688263
308.495679,0.072449,-0.163010,0.760712
308.506073,0.036224,-0.181122,0.742599
308.516210,-0.018112,-0.235458,0.742599
308.526336,-0.054337,-0.289795,0.760712
308.536483,-0.090561,-0.289795,0.688263
308.546617,-0.144897,-0.253571,0.561478
308.556749,-0.144897,-0.199234,0.416580
308.566889,-0.144897,-0.126785,0.271683
308.577022,-0.144897,-0.036224,0.144897
308.587174,-0.199234,0.072449,-0.579590
308.597319,-0.217346,0.163010,-0.851273
308.607503,-0.181122,0.199234,-0.380356
308.617699,0.072449,0.307907,-0.271683
308.627405,0.144897,0.362244,-0.307907
308.638045,0.199234,0.452805,-0.507141
308.647390,0.253571,0.597702,-0.724487
308.657324,0.217346,0.760712,-0.941833
308.667628,0.144897,1.014282,-1.104843
308.678296,0.090561,1.376526,-1.358414
308.688387,0.199234,1.575760,-1.720657
308.698516,0.452805,1.611984,-2.046677
308.708690,0.670151,1.648209,-2.155350
308.718735,0.760712,1.720657,-2.010452
308.728948,0.688263,1.774994,-1.648209
308.739082,0.561478,1.811218,-1.213516
308.749240,0.362244,1.575760,-0.941833
308.759359,0.199234,1.195404,-0.796936
308.769499,0.036224,0.796936,-0.724487
308.779640,-0.072449,0.525253,-0.688263
308.789799,-0.163010,0.452805,-0.380356
308.799929,-0.253571,0.452805,-0.289795
308.810159,-0.271683,0.597702,-0.018112
308.820267,-0.126785,0.905609,0.326019
308.830409,0.090561,1.304077,0.452805
308.840540,0.253571,1.575760,0.289795
308.850673,0.326019,1.774994,-0.398468
308.860824,0.326019,1.593872,-0.525253
308.870957,0.253571,1.050507,-0.181122
308.881153,0.054337,0.633926,-0.271683
308.891235,0.036224,0.507141,-0.398468
308.901378,-0.018112,0.724487,-0.235458
308.911568,-0.072449,0.941833,-0.108673
308.921707,-0.126785,1.122955,-0.072449
308.931824,-0.144897,1.412750,-0.036224
308.941961,-0.108673,1.738770,-0.072449
308.952104,-0.036224,2.318359,-0.181122
308.962402,-0.688263,2.318359,-0.253571
308.972441,-0.706375,2.137238,0.000000
308.982663,-0.597702,1.412750,-0.144897
308.992728,-0.380356,1.195404,-0.434692
309.002873,-0.036224,0.941833,-0.579590
309.013070,0.307907,0.724487,-0.633926
309.023197,0.434692,0.470917,-0.561478
309.033349,0.416580,0.289795,-0.470917
309.043028,0.217346,0.181122,-0.344131
309.053661,0.036224,0.072449,-0.144897
309.063835,-0.090561,0.036224,-0.036224
309.073968,-0.126785,0.000000,0.018112
309.084100,-0.144897,0.000000,0.054337
309.094321,-0.144897,-0.018112,0.090561
309.104414,-0.108673,-0.018112,0.126785
309.114631,-0.054337,-0.072449,0.181122
309.124273,0.054337,-0.126785,0.271683
309.135011,0.271683,-0.271683,0.561478
309.144474,0.307907,-0.307907,0.688263
309.154321,0.398468,-0.235458,0.670151
309.164393,0.398468,-0.163010,0.489029
309.175275,0.362244,-0.036224,0.253571
309.185415,0.217346,0.090561,0.181122
309.195531,0.144897,0.181122,0.144897
309.205642,0.126785,0.181122,0.199234
309.215757,0.108673,0.217346,0.344131
309.226059,0.108673,0.307907,0.470917
309.236201,0.018112,2.318359,0.543365
309.246376,-0.307907,2.318359,0.380356
309.256481,-0.470917,2.318359,0.054337
309.266669,-0.706375,2.318359,-0.289795
309.276806,-1.050507,2.028564,-0.959946
309.286938,-0.706375,1.630096,-1.684433
309.297082,-0.307907,1.575760,-1.557648
309.307209,-0.036224,1.593872,-1.376526
309.317393,0.018112,1.412750,-1.177292
309.327522,0.036224,1.358414,-0.815048
309.337650,0.072449,1.358414,-0.489029
309.347791,-0.054337,1.195404,-0.235458
309.358529,-0.144897,0.815048,-0.090561
309.368070,-0.090561,0.760712,0.090561
309.378209,-0.126785,0.851273,0.144897
309.388331,-0.163010,0.778824,0.271683
309.398621,-0.235458,0.996170,0.217346
309.408624,-0.489029,1.485199,0.163010
309.418824,-0.670151,1.865555,0.181122
309.428951,-0.633926,2.137238,0.235458
309.439199,-0.380356,2.155350,0.289795
309.449240,-0.144897,2.245911,0.326019
309.459402,0.072449,2.318359,0.326019
309.469854,0.344131,2.318359,0.217346
309.479715,1.104843,2.300247,0.326019
309.489846,0.978058,1.956116,0.489029
309.499978,0.597702,1.648209,0.344131
309.510110,0.090561,1.394638,0.199234
309.520289,-0.054337,1.213516,0.235458
309.530422,-0.054337,1.050507,0.199234
309.540555,-0.271683,0.905609,0.108673
309.550706,-0.470917,0.905609,-0.072449
309.560832,-0.561478,0.959946,-0.235458
309.570981,-0.633926,0.941833,-0.253571
309.581110,-0.652039,0.869385,-0.108673
309.591262,-0.561478,0.615814,-0.036224
309.601405,-0.416580,0.289795,0.072449
309.611536,-0.271683,0.072449,0.199234
309.621193,-0.199234,-0.072449,0.289795
309.630902,-0.090561,-0.163010,0.434692
309.641899,-0.036224,-0.271683,0.615814
309.651242,0.036224,-0.362244,0.724487
309.661284,0.108673,-0.416580,0.815048
309.672206,0.181122,-0.398468,0.724487
309.682445,0.235458,-0.307907,0.489029
309.692586,0.326019,-0.181122,0.090561
309.702654,0.344131,0.036224,-0.253571
309.712803,0.271683,0.163010,-0.398468
309.722959,0.181122,0.181122,-0.416580
309.733153,0.126785,0.235458,-0.489029
309.743274,0.108673,0.344131,-0.561478
309.753403,0.090561,0.525253,-0.670151
309.763543,-0.018112,0.652039,-0.688263
309.773702,-0.090561,0.706375,-0.760712
309.783977,-0.144897,0.796936,-0.815048
309.794034,-0.181122,0.941833,-0.978058
309.804174,-0.217346,1.485199,-1.177292
309.814351,-0.217346,2.046677,-1.376526
309.824655,-0.163010,2.119125,-1.738770
309.834681,0.217346,1.919891,-1.793106
309.844841,0.289795,1.575760,-1.539536
309.855007,0.235458,1.213516,-1.231628
309.865126,0.181122,0.978058,-0.941833
309.875231,0.072449,0.796936,-0.778824
309.885387,-0.036224,0.851273,-0.724487
309.895695,-0.072449,1.159180,-0.597702
309.905715,-0.163010,1.575760,-0.561478
309.916042,-0.289795,2.064789,-0.615814
309.926232,-0.344131,2.209686,-0.579590
309.936374,-0.235458,1.630096,-0.416580
309.946504,-0.144897,0.833160,0.054337
309.956628,-0.108673,0.217346,0.633926
309.966742,0.054337,-0.126785,0.796936
309.976904,0.126785,-0.018112,0.452805
309.987045,0.108673,0.199234,-0.108673
309.997190,-0.054337,1.086731,-0.126785
310.007331,-0.307907,1.611984,-0.181122
310.017472,-0.470917,1.756882,-0.235458
310.027672,-0.507141,1.829330,-0.217346
310.037809,-0.452805,2.064789,-0.289795
310.047787,-0.434692,2.318359,-0.652039
310.055794,-0.652039,2.318359,-0.633926
310.068143,-0.670151,2.318359,-0.235458
310.078301,-0.525253,1.430862,-0.181122
310.088418,-0.344131,1.014282,-0.380356
310.098552,-0.018112,0.815048,-0.489029
310.108673,0.452805,0.597702,-0.470917
310.118327,0.525253,0.597702,-0.434692
310.128248,0.344131,0.507141,-0.362244
310.139319,0.199234,0.380356,-0.253571
310.148678,0.018112,0.253571,-0.126785
310.158628,-0.090561,0.126785,-0.054337
310.168995,-0.163010,0.036224,0.072449
310.179656,-0.199234,0.036224,0.144897
310.189826,-0.181122,0.000000,0.217346
310.199884,-0.126785,-0.036224,0.271683
310.210042,0.000000,-0.090561,0.289795
310.220171,0.144897,-0.163010,0.326019
310.230372,0.235458,-0.181122,0.380356
310.240496,0.289795,-0.126785,0.416580
310.250625,0.307907,-0.054337,0.326019
310.260758,0.362244,0.000000,0.217346
310.270895,0.434692,0.054337,0.108673
310.281024,0.398468,0.054337,-0.054337
310.291172,0.126785,0.144897,-0.018112
310.301319,0.054337,0.126785,0.072449
310.311458,-0.217346,0.235458,0.217346
310.321604,-0.126785,0.923721,0.452805
310.331803,0.271683,2.318359,0.307907
310.342062,-0.633926,2.318359,-0.036224
310.352136,-0.905609,2.064789,-0.271683
310.362298,-0.434692,1.847443,-0.235458
310.372412,-0.054337,1.611984,-0.344131
310.382545,0.090561,1.702545,-0.742599
310.392691,0.199234,1.774994,-1.213516
310.402885,0.307907,1.702545,-1.430862
310.413026,0.307907,1.557648,-1.213516
310.423163,0.217346,1.394638,-0.996170
310.433350,0.108673,1.285965,-0.815048
310.443478,-0.090561,1.141068,-0.579590
310.453635,-0.253571,0.851273,-0.344131
310.463810,-0.362244,0.742599,-0.271683
310.473954,-0.362244,0.742599,-0.126785
310.484252,-0.326019,0.778824,-0.036224
310.494379,-0.326019,0.796936,0.054337
310.504435,-0.362244,1.014282,0.163010
310.514608,-0.489029,1.883667,0.235458
310.524734,-0.416580,2.264023,0.380356
310.534937,-0.217346,2.318359,0.489029
310.544680,0.090561,2.318359,0.525253
310.556606,0.615814,2.318359,0.561478
310.566771,1.068619,2.318359,0.470917
310.576853,1.050507,2.318359,0.362244
310.587051,0.724487,2.318359,0.072449
310.597213,0.434692,2.173462,-0.108673
310.607358,0.362244,1.956116,-0.163010
310.617526,0.253571,1.756882,-0.253571
310.627254,0.072449,1.557648,-0.326019
310.637907,-0.163010,1.412750,-0.615814
310.647393,-0.434692,1.213516,-0.923721
310.657178,-0.561478,0.978058,-1.014282
310.668041,-0.380356,0.597702,-0.090561
310.677953,-0.126785,0.470917,0.199234
310.688262,0.054337,0.253571,0.398468
310.698385,0.090561,-0.018112,0.543365
310.708512,0.090561,-0.163010,0.633926
310.718674,0.054337,-0.380356,0.706375
310.728800,-0.072449,-0.470917,0.706375
310.738983,-0.163010,-0.470917,0.579590
310.749117,-0.235458,-0.362244,0.362244
310.759263,-0.289795,-0.235458,0.181122
310.769393,-0.271683,-0.144897,0.036224
310.779530,-0.181122,-0.090561,-0.108673
310.789664,-0.054337,-0.090561,-0.126785
310.799813,0.090561,-0.090561,-0.090561
310.809939,0.199234,-0.054337,0.018112
310.820091,0.181122,-0.018112,0.072449
310.830228,0.126785,0.036224,0.163010
310.840434,0.072449,0.090561,0.090561
310.850554,0.072449,0.163010,-0.072449
310.860683,0.126785,0.289795,-0.235458
310.870838,0.144897,0.398468,-0.380356
310.880968,0.126785,0.561478,-0.507141
310.891098,0.054337,0.778824,-0.688263
310.901244,-0.054337,0.905609,-0.851273
310.911386,-0.126785,1.122955,-0.923721
310.921536,-0.018112,1.575760,-1.122955
310.931662,0.253571,1.992340,-1.575760
310.941848,0.579590,2.282135,-1.865555
310.952023,0.905609,2.318359,-1.829330
310.962145,0.923721,2.282135,-1.793106
310.972348,0.833160,1.756882,-1.738770
310.982475,0.815048,1.231628,-1.430862
310.992622,0.597702,0.815048,-1.141068
311.002762,0.235458,0.489029,-0.978058
311.012912,-0.217346,0.525253,-0.869385
311.023054,-0.163010,0.525253,-0.597702
311.033200,-0.072449,0.470917,-0.470917
311.043405,0.036224,0.543365,-0.434692
311.053548,0.144897,0.905609,-0.217346
311.063682,0.289795,1.503311,0.199234
311.073880,0.543365,2.046677,0.344131
311.084181,0.579590,2.119125,-0.072449
311.094254,0.054337,1.630096,-0.905609
311.104370,-0.108673,1.104843,-0.452805
311.114516,-0.072449,0.670151,0.054337
311.124224,-0.018112,0.470917,0.018112
311.134925,0.090561,0.561478,-0.326019
311.144407,0.054337,0.760712,-0.344131
311.154280,-0.090561,0.996170,-0.217346
311.164285,-0.144897,1.322189,-0.144897
311.175207,-0.217346,1.829330,-0.163010
311.185496,-0.579590,2.318359,-0.434692
311.195654,-1.159180,2.318359,-0.181122
311.205642,-1.122955,2.010452,0.144897
311.216020,-0.833160,1.213516,0.199234
311.226148,-0.507141,1.014282,0.018112
311.236273,0.054337,0.833160,-0.090561
311.246440,0.398468,0.597702,-0.235458
311.256588,0.543365,0.452805,-0.289795
311.266719,0.579590,0.271683,-0.289795
311.276841,0.452805,0.054337,-0.307907
311.286970,0.199234,-0.108673,-0.289795
311.297129,0.036224,-0.144897,-0.217346
311.307263,-0.090561,-0.126785,-0.126785
311.317416,-0.144897,-0.072449,-0.072449
311.327559,-0.217346,-0.036224,-0.036224
311.337701,-0.217346,-0.036224,0.036224
311.347891,-0.144897,-0.072449,0.072449
311.358033,-0.072449,-0.108673,0.090561
311.368164,0.054337,-0.144897,0.126785
311.378291,0.199234,-0.126785,0.253571
311.388426,0.452805,0.036224,0.362244
311.398704,0.416580,0.217346,0.271683
311.408712,0.090561,0.362244,0.217346
311.418860,0.054337,0.289795,0.489029
311.429002,-0.090561,0.398468,0.706375
311.439227,0.054337,1.829330,0.833160
311.449331,0.235458,2.318359,0.959946
311.459467,-0.144897,2.318359,0.525253
311.469755,-0.307907,2.064789,0.090561
311.479782,-0.489029,1.702545,-0.289795
311.489897,-0.416580,1.666321,-0.525253
311.500038,-0.181122,1.829330,-0.724487
311.510177,-0.199234,1.720657,-1.213516
311.520313,-0.217346,1.666321,-1.829330
311.530454,0.126785,1.575760,-1.304077
311.540593,0.307907,1.575760,-0.833160
311.550791,0.235458,1.485199,-0.525253
311.560927,0.126785,1.104843,-0.271683
311.571064,0.090561,0.688263,-0.126785
311.581193,0.054337,0.543365,-0.018112
311.591339,0.036224,0.579590,0.217346
311.601477,-0.018112,0.905609,0.253571
311.611600,-0.144897,1.267853,0.144897
