19105.511886,0.036224,-1.050507,-0.398468
19105.521884,-0.144897,-1.104843,-0.434692
19105.531947,-0.217346,-1.104843,-0.380356
19105.541983,-0.217346,-1.122955,-0.235458
19105.552070,-0.181122,-1.177292,-0.108673
19105.562135,-0.108673,-1.141068,0.018112
19105.573471,-0.054337,-1.050507,0.036224
19105.583027,-0.018112,-0.996170,0.072449
19105.593730,-0.018112,-1.014282,0.072449
19105.603273,0.000000,-1.068619,0.054337
19105.613263,0.018112,-1.141068,0.018112
19105.623005,0.018112,-1.249741,-0.036224
19105.633071,0.054337,-1.322189,-0.072449
19105.644289,0.126785,-1.430862,-0.144897
19105.653593,0.181122,-1.503311,-0.235458
19105.663850,0.126785,-1.593872,-0.253571
19105.673945,0.018112,-1.684433,-0.235458
19105.684086,-0.054337,-1.865555,-0.217346
19105.694732,0.036224,-1.793106,-0.271683
19105.703944,0.126785,-1.630096,-0.344131
19105.714389,0.144897,-1.611984,-0.326019
19105.725197,0.199234,-1.630096,-0.271683
19105.734810,0.253571,-1.611984,-0.199234
19105.744874,0.326019,-1.539536,-0.163010
19105.754916,0.416580,-1.485199,-0.163010
19105.765135,0.452805,-1.485199,-0.199234
19105.775905,0.452805,-1.557648,-0.271683
19105.784970,0.380356,-1.630096,-0.380356
19105.795392,0.253571,-1.611984,-0.507141
19105.806199,0.126785,-1.557648,-0.507141
19105.815647,0.072449,-1.448975,-0.344131
19105.825704,0.108673,-1.304077,-0.036224
19105.835917,0.217346,-1.267853,0.344131
19105.845872,0.235458,-1.285965,0.760712
19105.855906,0.181122,-1.394638,1.177292
19105.866541,0.253571,-1.213516,0.815048
19105.875929,0.199234,-0.978058,0.470917
19105.886060,0.108673,-0.833160,0.181122
19105.896134,0.018112,-0.706375,-0.289795
19105.906223,-0.018112,-0.543365,-0.398468
19105.916325,0.036224,-0.507141,-0.344131
19105.926421,0.108673,-0.597702,0.090561
19105.936490,0.181122,-0.760712,0.380356
19105.946592,0.163010,-0.778824,0.289795
19105.956686,0.072449,-0.833160,0.181122
19105.966772,-0.090561,-1.014282,-0.072449
19105.977254,-0.090561,-0.923721,-0.163010
19105.986856,-0.054337,-0.688263,-0.054337
19105.997778,0.108673,-0.434692,0.090561
19106.008135,0.271683,-0.271683,0.144897
19106.018390,0.344131,-0.235458,0.036224
19106.028187,0.344131,-0.289795,-0.108673
19106.038735,0.307907,-0.326019,-0.163010
19106.048901,0.326019,-0.344131,-0.235458
19106.059090,0.289795,-0.326019,-0.326019
19106.069241,0.307907,-0.344131,-0.416580
19106.079486,0.307907,-0.398468,-0.416580
19106.089680,0.289795,-0.380356,-0.434692
19106.099883,0.253571,-0.253571,-0.434692
19106.110051,0.163010,-0.090561,-0.434692
19106.120265,0.126785,0.108673,-0.489029
19106.130449,0.108673,0.235458,-0.507141
19106.140654,0.054337,0.217346,-0.543365
19106.150810,-0.036224,0.181122,-0.597702
19106.161015,-0.126785,0.090561,-0.724487
19106.171676,-0.217346,0.000000,-0.869385
19106.181671,-0.289795,-0.072449,-1.122955
19106.191680,-0.271683,-0.144897,-0.815048
19106.201971,-0.036224,-0.217346,-0.724487
19106.212159,0.434692,-0.905609,-1.050507
19106.222316,0.362244,-2.101013,-0.923721
19106.232535,0.724487,-2.300247,-0.633926
19106.242204,1.322189,-2.300247,-1.340302
19106.254344,1.122955,-2.300247,-0.978058
19106.264510,0.362244,-1.829330,-0.778824
19106.274699,0.054337,-1.068619,-0.489029
19106.284919,0.072449,-0.615814,-0.271683
19106.295117,0.144897,-0.362244,-0.181122
19106.305229,0.199234,-0.271683,-0.108673
19106.315464,0.199234,-0.380356,-0.072449
19106.325643,0.181122,-0.597702,-0.018112
19106.335853,0.126785,-0.869385,-0.018112
19106.346022,0.090561,-1.195404,0.036224
19106.356207,0.054337,-1.503311,0.036224
19106.366347,0.018112,-1.738770,0.036224
19106.376569,-0.090561,-1.865555,-0.018112
19106.386767,-0.181122,-1.793106,-0.072449
19106.396944,-0.253571,-1.213516,-0.072449
19106.407131,-0.235458,-0.959946,-0.126785
19106.417331,-0.235458,-0.742599,-0.144897
19106.427507,-0.217346,-0.597702,-0.163010
19106.437745,-0.072449,-0.561478,-0.163010
19106.447920,0.072449,-0.597702,-0.090561
19106.458119,0.163010,-0.633926,0.036224
19106.468265,0.181122,-0.670151,0.108673
19106.477981,0.163010,-0.670151,0.126785
19106.487556,0.163010,-0.652039,0.090561
19106.498091,0.126785,-0.688263,0.072449
19106.508435,0.090561,-0.706375,0.090561
19106.518870,0.054337,-0.796936,0.036224
19106.528436,0.018112,-0.851273,-0.054337
19106.539221,-0.090561,-0.815048,-0.054337
19106.549363,-0.163010,-0.796936,-0.072449
19106.559567,-0.072449,-0.778824,-0.163010
19106.569700,0.108673,-0.796936,-0.253571
19106.579962,0.326019,-0.724487,-0.398468
19106.590209,0.416580,-0.633926,-0.489029
19106.600353,0.452805,-0.760712,-0.452805
19106.610537,0.579590,-0.869385,-0.398468
19106.620678,0.652039,-0.869385,-0.344131
19106.630870,0.416580,-1.032394,-0.253571
19106.641139,-0.307907,-1.213516,-0.217346
19106.651276,-0.633926,-1.249741,-0.199234
19106.661458,-0.688263,-1.141068,-0.181122
19106.671636,-0.561478,-0.978058,-0.181122
19106.681683,-0.362244,-0.959946,-0.181122
19106.691981,-0.235458,-1.086731,-0.144897
19106.702165,-0.163010,-1.231628,-0.126785
19106.712361,-0.018112,-1.267853,-0.181122
19106.722551,0.163010,-1.249741,-0.307907
19106.732741,0.307907,-1.285965,-0.434692
19106.742945,0.362244,-1.358414,-0.470917
19106.753088,0.380356,-1.485199,-0.416580
19106.763248,0.398468,-1.684433,-0.289795
19106.773417,0.344131,-2.028564,-0.108673
19106.783570,0.434692,-2.191574,-0.018112
19106.793817,0.398468,-2.028564,0.126785
19106.804027,0.434692,-1.684433,0.199234
19106.814146,0.489029,-1.304077,0.126785
19106.824368,0.543365,-1.159180,-0.072449
19106.834569,0.597702,-1.195404,-0.253571
19106.844746,0.597702,-1.322189,-0.470917
19106.854939,0.507141,-1.448975,-0.670151
19106.865072,0.434692,-1.557648,-0.796936
19106.875293,0.181122,-1.539536,-0.833160
19106.885431,0.090561,-1.467087,-0.706375
19106.895635,0.036224,-1.394638,-0.307907
19106.905847,0.090561,-1.322189,0.163010
19106.916043,0.144897,-1.358414,0.652039
19106.926231,0.344131,-1.340302,0.887497
19106.936440,0.470917,-1.231628,0.724487
19106.946644,0.452805,-1.141068,0.398468
19106.956821,0.326019,-0.996170,0.072449
19106.966961,0.217346,-0.869385,-0.235458
19106.976595,0.181122,-0.778824,-0.307907
19106.986236,0.126785,-0.796936,-0.163010
19106.996889,0.036224,-0.796936,0.108673
19107.007476,-0.054337,-0.778824,0.144897
19107.017722,-0.181122,-0.778824,-0.126785
19107.027820,-0.217346,-0.796936,-0.181122
19107.038115,-0.163010,-0.851273,-0.018112
19107.048308,-0.144897,-0.833160,0.126785
19107.058483,-0.144897,-0.760712,0.144897
19107.068621,-0.090561,-0.615814,0.126785
19107.078839,0.072449,-0.452805,0.108673
19107.089038,0.271683,-0.289795,0.090561
19107.099225,0.326019,-0.199234,-0.072449
19107.109415,0.271683,-0.108673,-0.163010
19107.119628,0.271683,-0.072449,-0.181122
19107.129772,0.271683,-0.072449,-0.271683
19107.140023,0.307907,-0.108673,-0.362244
19107.150241,0.326019,-0.217346,-0.434692
19107.160384,0.307907,-0.307907,-0.507141
19107.170624,0.326019,-0.380356,-0.525253
19107.180809,0.307907,-0.470917,-0.561478
19107.190725,0.289795,-0.470917,-0.543365
19107.201167,0.181122,-0.434692,-0.597702
19107.211339,0.090561,-0.344131,-0.670151
19107.221465,0.036224,-0.271683,-0.724487
19107.231608,0.054337,-0.199234,-0.724487
19107.241926,0.072449,-0.181122,-0.670151
19107.252173,0.054337,-0.199234,-0.724487
19107.262426,0.054337,-0.253571,-0.796936
19107.272608,-0.036224,-0.326019,-0.760712
19107.282738,-0.108673,-0.362244,-0.724487
19107.292917,-0.181122,-0.380356,-0.833160
19107.303109,-0.235458,-0.398468,-0.978058
19107.313293,-0.217346,-0.452805,-1.267853
19107.323484,-0.181122,-0.597702,-1.122955
19107.333678,0.144897,-1.430862,-1.304077
19107.343845,0.144897,-2.010452,-0.996170
19107.354092,0.380356,-2.137238,-0.742599
19107.364393,0.724487,-2.155350,-0.941833
19107.374425,0.452805,-1.883667,-0.525253
19107.384549,0.090561,-1.304077,-0.507141
19107.394760,-0.054337,-0.869385,-0.452805
19107.404951,0.108673,-0.652039,-0.307907
19107.415129,0.199234,-0.579590,-0.199234
19107.425318,0.217346,-0.633926,-0.018112
19107.435513,0.235458,-0.778824,0.054337
19107.445699,0.235458,-0.996170,0.054337
19107.455916,0.235458,-1.249741,0.108673
19107.466044,0.235458,-1.448975,0.126785
19107.475653,0.217346,-1.557648,0.072449
19107.485315,0.235458,-1.539536,0.054337
19107.495758,0.163010,-1.467087,0.036224
19107.506542,-0.036224,-1.412750,-0.072449
19107.516767,-0.181122,-1.304077,-0.181122
19107.527117,-0.199234,-1.122955,-0.181122
19107.537158,-0.235458,-0.959946,-0.199234
19107.547315,-0.199234,-0.778824,-0.181122
19107.557549,-0.199234,-0.670151,-0.181122
19107.567659,-0.199234,-0.579590,-0.018112
19107.577891,-0.181122,-0.815048,0.018112
19107.588079,0.054337,-0.887497,0.018112
19107.598301,0.018112,-0.905609,-0.036224
19107.608487,-0.108673,-0.851273,-0.054337
19107.618624,-0.181122,-0.815048,-0.036224
19107.628830,-0.271683,-0.796936,-0.072449
19107.639209,-0.289795,-0.833160,-0.108673
19107.649251,-0.362244,-0.869385,-0.126785
19107.659509,-0.380356,-0.905609,-0.181122
19107.669651,-0.326019,-0.887497,-0.235458
19107.679839,-0.271683,-0.796936,-0.289795
19107.690038,-0.199234,-0.706375,-0.326019
19107.700226,-0.072449,-0.688263,-0.326019
19107.710395,0.072449,-0.706375,-0.271683
19107.720599,0.181122,-0.760712,-0.199234
19107.730784,0.217346,-0.724487,-0.144897
19107.740979,0.307907,-0.796936,-0.072449
19107.751167,0.398468,-0.869385,-0.018112
19107.761460,0.344131,-0.815048,-0.054337
19107.771515,0.199234,-0.742599,-0.144897
19107.781627,0.018112,-0.796936,-0.181122
19107.792108,-0.090561,-0.905609,-0.144897
19107.802184,-0.144897,-1.104843,0.054337
19107.812336,-0.108673,-1.086731,0.090561
19107.822576,-0.054337,-1.177292,0.072449
19107.832760,0.054337,-1.267853,-0.018112
19107.842933,0.126785,-1.322189,-0.181122
19107.853131,0.181122,-1.340302,-0.416580
19107.863350,0.217346,-1.304077,-0.597702
19107.873553,0.199234,-1.322189,-0.670151
19107.883655,0.144897,-1.412750,-0.615814
19107.893871,0.090561,-1.557648,-0.470917
19107.904116,0.054337,-1.702545,-0.271683
19107.914251,0.072449,-1.774994,-0.072449
19107.924421,0.126785,-1.793106,0.090561
19107.934569,0.181122,-1.702545,0.199234
19107.944791,0.289795,-1.539536,0.253571
19107.954983,0.398468,-1.412750,0.217346
19107.965156,0.434692,-1.340302,0.126785
19107.974855,0.416580,-1.267853,0.018112
19107.984473,0.416580,-1.267853,-0.108673
19107.995046,0.362244,-1.322189,-0.271683
19108.005997,0.289795,-1.394638,-0.416580
19108.016222,0.181122,-1.467087,-0.525253
19108.026376,0.072449,-1.557648,-0.923721
19108.036591,0.036224,-1.575760,-0.869385
19108.046757,0.235458,-1.448975,-0.489029
19108.056941,0.416580,-1.448975,0.054337
19108.067108,0.706375,-1.412750,0.525253
19108.077300,0.706375,-1.467087,1.213516
19108.087496,0.796936,-1.430862,0.869385
19108.097665,0.670151,-1.213516,0.235458
19108.107869,0.398468,-0.887497,-0.434692
19108.118048,0.126785,-0.742599,-0.633926
19108.128192,-0.018112,-0.742599,-0.561478
19108.138458,-0.090561,-0.815048,-0.054337
19108.148547,-0.072449,-0.959946,0.326019
19108.158685,-0.144897,-0.959946,0.362244
19108.169093,-0.253571,-0.923721,0.126785
19108.179637,-0.307907,-0.978058,-0.072449
19108.189251,-0.289795,-1.068619,-0.108673
19108.199450,-0.253571,-1.014282,-0.144897
19108.209631,-0.163010,-0.760712,-0.054337
19108.219843,0.072449,-0.434692,0.108673
19108.230059,0.289795,-0.253571,0.163010
19108.240220,0.416580,-0.181122,0.181122
19108.250521,0.452805,-0.144897,0.090561
19108.260571,0.489029,-0.072449,-0.018112
19108.270838,0.452805,-0.054337,-0.235458
19108.280989,0.434692,-0.126785,-0.235458
19108.291198,0.380356,-0.217346,-0.235458
19108.301321,0.271683,-0.271683,-0.253571
19108.311392,0.144897,-0.199234,-0.362244
19108.321533,-0.018112,-0.108673,-0.452805
19108.331603,-0.126785,-0.072449,-0.525253
19108.341978,-0.144897,0.036224,-0.561478
19108.352162,-0.126785,0.108673,-0.597702
19108.362372,-0.126785,0.072449,-0.652039
19108.372548,-0.126785,-0.018112,-0.815048
19108.382709,-0.144897,0.054337,-1.231628
19108.393012,-0.289795,-0.163010,-1.213516
19108.403116,-0.126785,-0.633926,-1.249741
19108.413296,0.380356,-1.050507,-1.249741
19108.423480,0.760712,-1.448975,-0.796936
19108.433672,0.796936,-1.593872,-1.050507
19108.443851,0.688263,-1.793106,-1.159180
19108.454049,0.253571,-1.648209,-0.525253
19108.464191,0.181122,-1.068619,-0.525253
19108.473897,0.326019,-0.778824,-0.760712
19108.483508,0.362244,-0.670151,-0.489029
19108.494631,0.326019,-0.652039,-0.307907
19108.504853,0.217346,-0.706375,-0.452805
19108.515071,0.271683,-1.050507,-0.271683
19108.525247,0.344131,-1.195404,-0.090561
19108.535380,0.362244,-1.285965,-0.036224
19108.545728,0.307907,-1.358414,-0.090561
19108.555818,0.181122,-1.448975,-0.108673
19108.565958,0.054337,-1.557648,-0.090561
19108.576291,-0.072449,-1.593872,-0.036224
19108.586354,-0.144897,-1.503311,0.036224
19108.596522,-0.235458,-1.358414,-0.018112
19108.606783,-0.271683,-1.086731,-0.018112
19108.616920,-0.307907,-0.978058,-0.108673
19108.627134,-0.344131,-0.923721,-0.199234
19108.637355,-0.380356,-0.869385,-0.271683
19108.647520,-0.326019,-0.815048,-0.235458
19108.657701,-0.181122,-0.815048,-0.199234
19108.667851,-0.018112,-0.833160,-0.163010
19108.678111,0.090561,-0.815048,-0.144897
19108.688243,0.126785,-0.778824,-0.072449
19108.698741,0.144897,-0.706375,-0.072449
19108.708951,0.126785,-0.652039,-0.018112
19108.718841,0.108673,-0.652039,-0.036224
19108.729007,0.054337,-0.706375,-0.126785
19108.739172,-0.018112,-0.796936,-0.199234
19108.749483,-0.090561,-0.905609,-0.253571
19108.759534,-0.163010,-0.905609,-0.307907
19108.769716,-0.163010,-0.833160,-0.344131
19108.779966,-0.126785,-0.796936,-0.362244
19108.790112,-0.036224,-0.796936,-0.344131
19108.800347,0.072449,-0.742599,-0.362244
19108.810515,0.126785,-0.724487,-0.362244
19108.820702,0.144897,-0.778824,-0.344131
19108.831018,0.108673,-0.869385,-0.271683
19108.841182,0.072449,-0.978058,-0.126785
19108.851349,-0.036224,-1.032394,-0.054337
19108.861523,-0.072449,-0.978058,-0.090561
19108.871582,-0.090561,-0.941833,-0.126785
19108.882017,-0.090561,-0.941833,-0.181122
19108.892200,-0.054337,-0.959946,-0.199234
19108.902328,0.036224,-0.978058,-0.217346
19108.912541,0.126785,-0.996170,-0.253571
19108.922717,0.217346,-1.032394,-0.253571
19108.932887,0.271683,-1.086731,-0.307907
19108.943299,0.307907,-1.122955,-0.344131
19108.953293,0.307907,-1.249741,-0.344131
19108.963428,0.253571,-1.376526,-0.199234
19108.972962,0.126785,-1.702545,-0.199234
19108.982710,0.144897,-2.010452,0.036224
19108.994216,0.199234,-1.774994,0.036224
19109.004058,0.344131,-1.521423,-0.108673
19109.014276,0.416580,-1.412750,-0.235458
19109.024455,0.344131,-1.376526,-0.344131
19109.034653,0.235458,-1.376526,-0.362244
19109.044952,0.126785,-1.430862,-0.380356
19109.055004,-0.054337,-1.485199,-0.489029
19109.065179,-0.217346,-1.557648,-0.652039
19109.075424,-0.326019,-1.630096,-0.833160
19109.085587,-0.271683,-1.593872,-0.742599
19109.095743,-0.072449,-1.575760,-0.289795
19109.105933,0.090561,-1.648209,0.271683
19109.116119,0.144897,-1.630096,0.652039
19109.126248,0.235458,-1.448975,0.887497
19109.136676,0.362244,-1.249741,0.869385
19109.146851,0.470917,-1.177292,0.688263
19109.157036,0.470917,-1.122955,0.344131
19109.167344,0.380356,-1.050507,0.036224
19109.177481,0.271683,-0.941833,-0.307907
19109.187600,0.235458,-0.869385,-0.398468
19109.197799,0.307907,-0.815048,-0.217346
19109.207990,0.271683,-0.851273,-0.271683
19109.218183,0.199234,-0.923721,-0.307907
19109.228379,0.090561,-1.014282,-0.181122
19109.238565,0.000000,-1.122955,-0.217346
19109.248847,-0.018112,-1.086731,-0.235458
19109.258907,-0.054337,-1.050507,-0.126785
19109.269082,-0.072449,-0.978058,0.108673
19109.279306,-0.090561,-0.887497,0.235458
19109.289551,-0.054337,-0.815048,0.307907
19109.299729,0.054337,-0.670151,0.271683
19109.309927,0.199234,-0.398468,0.144897
19109.320129,0.307907,-0.181122,0.000000
19109.330327,0.362244,0.000000,-0.108673
19109.340514,0.362244,-0.018112,-0.144897
19109.350713,0.416580,0.000000,-0.199234
19109.360850,0.416580,-0.036224,-0.235458
19109.371032,0.380356,-0.072449,-0.289795
19109.381223,0.307907,-0.108673,-0.253571
19109.391429,0.181122,-0.181122,-0.289795
19109.401623,0.090561,-0.181122,-0.362244
19109.411981,0.036224,-0.090561,-0.398468
19109.422178,-0.036224,-0.036224,-0.525253
19109.432367,-0.054337,0.000000,-0.670151
19109.442562,-0.199234,-0.072449,-0.815048
19109.452735,-0.289795,-0.144897,-0.941833
19109.462875,-0.326019,-0.289795,-0.905609
19109.472428,-0.271683,-0.307907,-0.796936
19109.482189,-0.126785,-0.072449,-0.489029
19109.493392,-0.072449,-0.126785,-0.507141
19109.503505,0.090561,-0.688263,-0.724487
19109.513801,0.018112,-1.430862,-0.724487
19109.523959,0.416580,-1.938004,-1.159180
19109.534191,0.724487,-2.300247,-1.992340
19109.544504,0.615814,-2.300247,-0.923721
19109.554649,0.380356,-2.300247,-0.470917
19109.564634,0.199234,-1.467087,-0.561478
19109.574755,0.199234,-0.869385,-0.362244
19109.584918,0.199234,-0.452805,-0.253571
19109.595166,0.181122,-0.253571,-0.163010
19109.605310,0.181122,-0.253571,-0.126785
19109.615473,0.144897,-0.380356,-0.126785
19109.625841,0.090561,-0.670151,-0.144897
19109.635828,0.072449,-1.050507,-0.163010
19109.646061,0.018112,-1.412750,-0.126785
19109.656251,-0.054337,-1.630096,-0.072449
19109.666426,-0.090561,-1.684433,-0.036224
19109.676652,-0.181122,-1.467087,-0.018112
19109.686747,-0.253571,-1.322189,-0.090561
19109.696617,-0.380356,-1.177292,-0.199234
19109.707347,-0.434692,-0.941833,-0.235458
19109.717456,-0.434692,-0.742599,-0.253571
19109.727620,-0.398468,-0.633926,-0.235458
19109.737792,-0.199234,-0.615814,-0.144897
19109.748019,-0.036224,-0.652039,-0.054337
19109.758119,0.126785,-0.724487,-0.018112
19109.768300,0.235458,-0.760712,0.054337
19109.778474,0.289795,-0.778824,0.000000
19109.788595,0.307907,-0.796936,-0.018112
19109.798861,0.289795,-0.796936,-0.054337
19109.808995,0.253571,-0.778824,-0.072449
19109.819255,0.163010,-0.815048,-0.054337
19109.829428,0.072449,-0.851273,-0.054337
19109.839636,-0.054337,-0.869385,-0.090561
19109.849819,-0.108673,-0.851273,-0.253571
19109.860000,-0.144897,-0.887497,-0.416580
19109.870144,-0.144897,-0.941833,-0.489029
19109.880318,-0.090561,-0.941833,-0.489029
19109.890554,0.036224,-0.905609,-0.561478
19109.900735,0.036224,-0.959946,-0.470917
19109.910922,0.072449,-0.978058,-0.380356
19109.921128,0.090561,-0.941833,-0.326019
19109.931325,0.072449,-0.833160,-0.217346
19109.941469,0.036224,-0.796936,0.036224
19109.951626,0.018112,-0.778824,0.271683
19109.961952,0.054337,-0.742599,0.271683
19109.971536,0.108673,-0.706375,0.199234
19109.981413,0.054337,-0.688263,-0.018112
19109.992635,0.000000,-0.815048,-0.271683
19110.002768,-0.072449,-1.014282,-0.416580
19110.012684,-0.108673,-1.177292,-0.289795
19110.023038,-0.108673,-1.195404,-0.163010
19110.033214,0.018112,-1.177292,-0.181122
19110.043410,0.181122,-1.177292,-0.434692
19110.053586,0.326019,-1.195404,-0.615814
19110.063756,0.307907,-1.322189,-0.615814
19110.073897,0.144897,-1.557648,-0.452805
19110.084110,-0.090561,-1.793106,-0.253571
19110.094315,-0.289795,-1.865555,-0.108673
19110.104528,-0.289795,-1.829330,-0.181122
19110.114702,-0.199234,-1.702545,-0.126785
19110.124891,-0.163010,-1.557648,0.217346
19110.135029,0.072449,-0.778824,0.090561
19110.145271,0.181122,-0.887497,-0.090561
19110.155457,0.181122,-1.104843,-0.253571
19110.165633,0.144897,-1.177292,-0.362244
19110.175779,0.126785,-1.267853,-0.362244
19110.186008,0.126785,-1.358414,-0.326019
19110.196214,0.090561,-1.394638,-0.235458
19110.206422,0.090561,-1.394638,-0.126785
19110.216586,0.126785,-1.376526,0.090561
19110.226770,0.163010,-1.322189,0.289795
19110.236960,0.199234,-1.267853,0.398468
19110.247212,0.217346,-1.213516,0.452805
19110.257279,0.235458,-1.177292,0.452805
19110.267509,0.235458,-1.122955,0.398468
19110.277737,0.271683,-1.068619,0.362244
19110.287874,0.271683,-1.014282,0.326019
19110.298074,0.271683,-0.941833,0.217346
19110.308298,0.253571,-0.923721,-0.018112
19110.318502,0.253571,-0.923721,-0.307907
19110.328674,0.181122,-0.959946,-0.416580
19110.338859,0.090561,-0.959946,-0.362244
19110.349011,0.036224,-0.923721,-0.235458
19110.359253,-0.018112,-0.923721,0.090561
19110.369400,-0.144897,-0.959946,0.253571
19110.379528,-0.199234,-0.923721,0.126785
19110.389706,-0.199234,-0.941833,0.018112
19110.399941,-0.199234,-0.978058,-0.018112
19110.410171,-0.199234,-1.014282,-0.054337
19110.420363,-0.217346,-0.978058,-0.036224
19110.430555,-0.199234,-0.978058,0.072449
19110.440732,-0.126785,-0.941833,0.036224
19110.450898,-0.036224,-0.887497,0.018112
19110.461112,0.090561,-0.833160,0.018112
19110.471153,0.144897,-0.796936,0.000000
19110.480740,0.163010,-0.778824,-0.036224
19110.491809,0.199234,-0.706375,-0.090561
19110.501631,0.217346,-0.633926,-0.090561
19110.511642,0.253571,-0.561478,-0.163010
19110.522270,0.271683,-0.452805,-0.163010
19110.532435,0.289795,-0.362244,-0.181122
19110.542610,0.217346,-0.326019,-0.253571
19110.552794,0.163010,-0.344131,-0.253571
19110.562973,0.108673,-0.416580,-0.271683
19110.573117,0.090561,-0.470917,-0.235458
19110.583333,0.036224,-0.416580,-0.253571
19110.593470,0.054337,-0.380356,-0.289795
19110.603723,0.054337,-0.253571,-0.380356
19110.613883,0.054337,-0.199234,-0.470917
19110.623505,0.018112,-0.144897,-0.525253
19110.634253,-0.018112,-0.181122,-0.633926
19110.644425,-0.108673,-0.199234,-0.796936
19110.654596,-0.163010,-0.289795,-0.996170
19110.664771,-0.253571,-0.416580,-1.122955
19110.674892,-0.489029,-0.507141,-1.231628
19110.685107,-0.507141,-0.760712,-1.231628
19110.695266,-0.452805,-0.996170,-1.213516
19110.705642,-0.489029,-1.086731,-1.122955
19110.716146,-0.452805,-1.086731,-1.104843
19110.725876,-0.271683,-1.485199,-1.159180
19110.736022,0.326019,-2.300247,-1.919891
19110.746174,0.833160,-2.300247,-2.227798
19110.756359,1.068619,-2.119125,-0.978058
19110.766613,1.521423,-0.018112,1.394638
19110.776720,1.213516,1.285965,0.380356
19110.786892,-0.144897,1.285965,0.000000
19110.797120,-0.905609,0.271683,1.467087
19110.807298,-0.398468,-0.706375,1.738770
19110.817471,-0.217346,-1.086731,-0.398468
19110.827696,-0.253571,-2.119125,-0.108673
19110.838164,-0.181122,-2.101013,0.507141
19110.848119,0.000000,-1.919891,0.253571
19110.858315,0.090561,-2.082901,-0.018112
19110.868519,0.108673,-1.956116,-0.036224
19110.878729,0.018112,-1.557648,0.090561
19110.889297,-0.108673,-1.267853,0.126785
19110.899035,-0.163010,-1.050507,0.090561
19110.909253,-0.217346,-1.014282,0.054337
19110.919490,-0.217346,-1.050507,-0.072449
19110.929658,-0.163010,-1.141068,-0.108673
19110.939827,-0.036224,-1.177292,-0.126785
19110.950034,0.126785,-1.104843,-0.199234
19110.960239,0.344131,-1.050507,-0.344131
19110.970449,0.543365,-0.996170,-0.398468
19110.980077,0.561478,-0.905609,-0.307907
19110.990883,0.452805,-0.815048,-0.163010
19111.000141,0.289795,-0.742599,-0.054337
19111.010892,0.144897,-0.688263,0.054337
19111.021362,0.072449,-0.652039,0.090561
19111.031485,-0.018112,-0.652039,0.108673
19111.041939,-0.036224,-0.652039,0.144897
19111.052102,0.018112,-0.652039,0.090561
19111.062301,0.108673,-0.688263,0.036224
19111.072445,0.362244,-0.760712,0.018112
19111.082657,0.434692,-0.724487,-0.036224
19111.092840,0.507141,-0.778824,-0.072449
19111.103033,0.489029,-0.778824,-0.036224
19111.113212,0.452805,-0.724487,0.018112
19111.123435,0.416580,-0.670151,0.036224
19111.133572,0.362244,-0.615814,0.072449
19111.143807,0.344131,-0.597702,0.090561
19111.153989,0.326019,-0.615814,0.108673
19111.164202,0.307907,-0.706375,0.090561
19111.174327,0.235458,-0.851273,0.000000
19111.184521,0.144897,-0.978058,-0.054337
19111.194800,0.018112,-1.122955,-0.181122
19111.204904,-0.072449,-1.231628,-0.362244
19111.215087,-0.181122,-1.231628,-0.597702
19111.225299,-0.271683,-1.213516,-0.815048
19111.235482,-0.380356,-1.159180,-0.851273
19111.245631,-0.434692,-1.177292,-0.760712
19111.255792,-0.380356,-1.249741,-0.597702
19111.266030,-0.253571,-1.376526,-0.489029
19111.276222,-0.163010,-1.557648,-0.452805
19111.286416,-0.108673,-1.702545,-0.326019
19111.296611,-0.181122,-1.992340,-0.235458
19111.306787,-0.452805,-1.847443,-0.090561
19111.316966,-0.470917,-1.539536,-0.018112
19111.327173,-0.163010,-1.249741,0.126785
19111.337361,0.181122,-1.285965,0.163010
19111.347541,0.434692,-1.322189,0.181122
19111.357731,0.507141,-1.394638,0.217346
19111.367912,0.470917,-1.593872,0.289795
19111.378070,0.307907,-1.811218,0.452805
19111.388258,0.163010,-2.046677,0.670151
19111.398508,0.090561,-2.264023,0.688263
19111.408442,0.072449,-2.300247,0.543365
19111.418813,0.072449,-2.245911,0.163010
19111.429008,0.000000,-1.992340,-0.181122
19111.439187,-0.054337,-1.938004,-0.362244
19111.449380,-0.072449,-1.956116,-0.470917
19111.459592,-0.018112,-1.938004,-0.416580
19111.469751,-0.054337,-1.901779,0.000000
19111.479516,0.126785,-1.756882,0.199234
19111.490299,0.108673,-1.648209,0.362244
19111.499501,-0.126785,-1.521423,0.344131
19111.510603,-0.362244,-1.630096,0.543365
19111.520727,-0.543365,-1.648209,0.271683
19111.530919,-0.688263,-1.322189,0.344131
19111.541045,-0.398468,-1.340302,0.597702
19111.551256,-0.163010,-1.213516,0.489029
19111.561423,0.199234,-0.869385,0.326019
19111.571482,0.543365,-0.579590,0.307907
19111.581877,0.742599,-0.289795,0.217346
19111.592006,0.796936,0.181122,0.108673
19111.602247,0.724487,0.398468,0.072449
19111.612423,0.470917,0.144897,0.090561
19111.622572,0.271683,-0.253571,0.036224
19111.632814,0.217346,-0.470917,0.036224
19111.643023,0.326019,-0.434692,0.018112
19111.653210,0.525253,-0.326019,0.090561
19111.663377,0.597702,-0.181122,0.072449
19111.673528,0.525253,0.054337,-0.036224
19111.683738,0.326019,0.199234,-0.108673
19111.693880,0.036224,0.054337,-0.181122
19111.704173,-0.217346,-0.072449,-0.326019
19111.714460,-0.326019,-0.181122,-0.416580
19111.723826,-0.307907,-0.307907,-0.489029
19111.734545,-0.235458,-0.362244,-0.615814
19111.744659,-0.126785,-0.326019,-0.724487
19111.754789,-0.090561,-0.253571,-0.869385
19111.765006,-0.144897,-0.163010,-1.376526
19111.775159,-0.126785,-0.126785,-1.340302
19111.785368,0.253571,0.108673,-1.521423
19111.795639,0.470917,-0.869385,-2.155350
19111.805792,0.869385,-1.774994,-1.956116
19111.815910,0.489029,-1.394638,-1.358414
19111.826152,-0.271683,-1.467087,-0.851273
19111.836358,0.724487,-1.448975,-1.322189
19111.846529,0.543365,-1.195404,-0.688263
19111.856696,0.326019,-0.452805,-0.326019
19111.866890,0.489029,-0.235458,-0.380356
19111.877038,0.452805,-0.416580,-0.289795
19111.887295,0.344131,-0.670151,-0.271683
19111.897400,0.326019,-0.923721,-0.398468
19111.907615,0.326019,-1.014282,-0.398468
19111.917794,0.344131,-1.032394,-0.307907
19111.928002,0.380356,-1.086731,-0.217346
19111.938231,0.434692,-1.213516,-0.144897
19111.948424,0.344131,-1.322189,-0.144897
19111.958602,0.181122,-1.448975,-0.108673
19111.968744,0.018112,-1.485199,-0.126785
19111.978491,-0.126785,-1.521423,-0.108673
19111.989257,-0.163010,-1.521423,-0.144897
19111.998749,-0.181122,-1.467087,-0.126785
19112.009579,-0.144897,-1.249741,-0.018112
19112.019877,-0.181122,-1.141068,-0.036224
19112.029981,-0.181122,-1.032394,-0.108673
19112.040146,-0.144897,-0.959946,-0.163010
19112.050323,-0.072449,-0.851273,-0.181122
19112.060502,0.018112,-0.778824,-0.126785
19112.070668,0.126785,-0.760712,-0.108673
19112.080933,0.181122,-0.724487,-0.126785
19112.091075,0.235458,-0.724487,-0.126785
19112.101265,0.271683,-0.724487,-0.144897
19112.111387,0.253571,-0.742599,-0.144897
19112.121557,0.217346,-0.724487,-0.126785
19112.131577,0.181122,-0.742599,-0.144897
19112.142134,0.163010,-0.778824,-0.199234
19112.152298,0.144897,-0.815048,-0.199234
19112.162466,0.108673,-0.851273,-0.235458
19112.172608,0.018112,-0.833160,-0.217346
19112.182747,-0.054337,-0.778824,-0.235458
19112.192874,-0.090561,-0.724487,-0.235458
19112.203094,-0.054337,-0.633926,-0.307907
19112.213287,0.036224,-0.633926,-0.380356
19112.223469,0.072449,-0.652039,-0.416580
19112.233654,0.126785,-0.724487,-0.416580
19112.243825,0.126785,-0.869385,-0.380356
19112.253995,-0.054337,-0.959946,-0.326019
19112.264210,-0.217346,-1.050507,-0.307907
19112.274348,-0.362244,-1.195404,-0.289795
19112.284564,-0.434692,-1.322189,-0.307907
19112.294762,-0.362244,-1.322189,-0.362244
19112.304949,-0.126785,-1.231628,-0.489029
19112.315133,-0.036224,-1.267853,-0.507141
19112.325326,-0.036224,-1.448975,-0.470917
19112.335506,-0.018112,-1.684433,-0.452805
19112.345727,0.144897,-1.774994,-0.452805
19112.355903,0.271683,-1.811218,-0.416580
19112.366102,0.326019,-1.847443,-0.235458
19112.376232,0.362244,-1.793106,-0.036224
19112.386495,0.362244,-1.630096,0.126785
19112.396736,0.398468,-1.467087,0.181122
19112.406832,0.489029,-1.376526,0.090561
19112.417027,0.525253,-1.358414,-0.108673
19112.427205,0.489029,-1.376526,-0.271683
19112.437388,0.398468,-1.394638,-0.326019
19112.447614,0.307907,-1.376526,-0.416580
19112.457799,0.181122,-1.394638,-0.561478
19112.467952,0.018112,-1.448975,-0.670151
19112.477604,0.090561,-1.448975,-0.434692
19112.488440,0.199234,-1.430862,-0.090561
19112.497927,0.217346,-1.448975,0.452805
19112.508576,0.253571,-1.412750,0.579590
19112.518851,0.434692,-1.304077,0.235458
19112.528435,0.416580,-1.104843,-0.018112
19112.539136,0.362244,-0.905609,-0.072449
19112.549348,0.362244,-0.796936,-0.090561
19112.559539,0.271683,-0.778824,0.090561
19112.569713,0.163010,-0.815048,0.362244
19112.579938,0.054337,-0.833160,0.380356
19112.590110,-0.072449,-0.905609,-0.018112
19112.600311,-0.072449,-0.941833,-0.326019
19112.610516,-0.036224,-0.996170,-0.253571
19112.620668,-0.018112,-1.032394,-0.163010
19112.630868,0.000000,-1.014282,-0.126785
19112.641229,0.072449,-1.014282,0.036224
19112.651299,0.126785,-0.941833,0.199234
19112.661429,0.217346,-0.778824,0.181122
19112.671569,0.307907,-0.652039,0.072449
19112.681644,0.380356,-0.507141,0.072449
19112.691946,0.362244,-0.289795,0.036224
19112.702223,0.307907,0.126785,-0.108673
19112.712320,0.344131,0.326019,-0.199234
19112.722652,0.253571,0.362244,-0.289795
19112.732803,0.108673,0.181122,-0.434692
19112.742919,-0.018112,-0.036224,-0.507141
19112.753114,-0.018112,-0.108673,-0.543365
19112.763322,-0.054337,0.054337,-0.670151
19112.773451,-0.036224,0.271683,-0.760712
19112.783637,-0.036224,0.344131,-0.778824
19112.793789,-0.090561,0.344131,-0.923721
19112.804006,-0.199234,0.307907,-1.177292
19112.814148,-0.144897,0.271683,-0.959946
19112.824385,0.199234,-0.054337,-0.597702
19112.834569,0.507141,-0.434692,-1.104843
19112.844751,0.452805,-1.122955,-0.887497
19112.854962,0.434692,-1.593872,-0.652039
19112.865135,0.652039,-2.300247,-1.684433
19112.875292,0.543365,-2.300247,-1.086731
19112.885469,0.380356,-2.010452,-0.507141
19112.895690,0.326019,-1.249741,-0.706375
19112.905956,0.271683,-0.833160,-0.489029
19112.916159,0.217346,-0.597702,-0.326019
19112.926328,0.144897,-0.489029,-0.217346
19112.936454,0.072449,-0.706375,-0.199234
19112.946699,0.126785,-0.978058,-0.181122
19112.956906,0.163010,-1.231628,-0.163010
19112.967034,0.090561,-1.448975,-0.090561
19112.976665,-0.018112,-1.575760,0.036224
19112.987037,-0.144897,-1.630096,0.054337
19112.996885,-0.217346,-1.611984,0.054337
19113.007570,-0.163010,-1.448975,0.036224
19113.017830,-0.126785,-1.231628,0.036224
19113.027919,-0.199234,-1.068619,-0.036224
19113.038211,-0.326019,-0.959946,-0.144897
19113.048349,-0.344131,-0.887497,-0.199234
19113.058614,-0.253571,-0.796936,-0.163010
19113.068757,-0.108673,-0.760712,-0.090561
19113.078924,0.072449,-0.760712,-0.144897
19113.089135,0.181122,-0.742599,-0.144897
19113.099331,0.253571,-0.706375,-0.108673
19113.109545,0.289795,-0.706375,-0.054337
19113.119759,0.253571,-0.652039,-0.018112
19113.129890,0.199234,-0.633926,-0.018112
19113.140073,0.181122,-0.633926,-0.072449
19113.150329,0.144897,-0.706375,-0.108673
19113.160554,0.072449,-0.760712,-0.126785
19113.170731,-0.018112,-0.869385,-0.217346
19113.180879,-0.108673,-0.833160,-0.271683
19113.191054,-0.126785,-0.833160,-0.326019
19113.201274,-0.090561,-0.833160,-0.380356
19113.211441,0.036224,-0.815048,-0.434692
19113.221569,0.090561,-0.869385,-0.452805
19113.231700,0.144897,-0.941833,-0.398468
19113.241970,0.163010,-1.032394,-0.326019
19113.252155,0.163010,-1.104843,-0.163010
19113.262435,0.090561,-1.068619,-0.072449
19113.272573,-0.108673,-0.959946,-0.090561
19113.282799,-0.235458,-0.959946,-0.144897
19113.292937,-0.326019,-0.959946,-0.199234
19113.303151,-0.344131,-0.978058,-0.235458
19113.313330,-0.307907,-0.978058,-0.253571
19113.323509,-0.217346,-1.050507,-0.235458
19113.333689,-0.090561,-1.141068,-0.235458
19113.343870,0.090561,-1.231628,-0.217346
19113.354054,0.217346,-1.285965,-0.199234
19113.364279,0.307907,-1.322189,-0.181122
19113.374411,0.398468,-1.412750,-0.181122
19113.384539,0.470917,-1.593872,-0.199234
19113.394718,0.434692,-1.756882,-0.144897
19113.404947,0.307907,-1.829330,0.054337
19113.415134,0.108673,-1.539536,0.036224
19113.425320,0.072449,-1.267853,-0.108673
19113.435506,0.144897,-1.159180,-0.289795
19113.445705,0.253571,-1.195404,-0.470917
19113.455890,0.326019,-1.231628,-0.561478
19113.466065,0.344131,-1.304077,-0.579590
19113.475755,0.326019,-1.394638,-0.652039
19113.485350,0.235458,-1.521423,-0.760712
19113.495786,0.018112,-1.648209,-0.851273
19113.506547,-0.181122,-1.702545,-0.615814
19113.516770,-0.108673,-1.702545,-0.054337
19113.527095,-0.108673,-1.611984,0.633926
19113.537162,-0.072449,-1.503311,1.141068
19113.547321,0.289795,-1.285965,0.760712
19113.557496,0.470917,-1.249741,0.452805
19113.567722,0.489029,-1.086731,0.090561
19113.577866,0.398468,-0.905609,-0.326019
19113.588053,0.344131,-0.778824,-0.307907
19113.598374,0.253571,-0.778824,-0.217346
19113.608502,0.217346,-0.778824,0.036224
19113.618636,0.108673,-0.833160,0.181122
19113.628823,-0.072449,-0.905609,0.126785
19113.638988,-0.144897,-0.941833,-0.307907
19113.649237,-0.126785,-1.032394,-0.253571
19113.659373,-0.126785,-1.050507,-0.181122
19113.669657,-0.090561,-0.996170,-0.090561
19113.679828,-0.036224,-0.815048,0.126785
19113.689986,0.072449,-0.597702,0.235458
19113.699854,0.144897,-0.398468,0.126785
19113.710535,0.163010,-0.217346,-0.054337
19113.721157,0.163010,-0.144897,-0.126785
19113.730767,0.235458,-0.144897,-0.181122
19113.740912,0.344131,-0.181122,-0.181122
19113.751156,0.398468,-0.199234,-0.181122
19113.761402,0.380356,-0.217346,-0.217346
19113.771651,0.344131,-0.235458,-0.271683
19113.781962,0.289795,-0.199234,-0.326019
19113.792128,0.217346,-0.126785,-0.416580
19113.802352,0.108673,-0.090561,-0.561478
19113.812569,0.036224,-0.108673,-0.615814
19113.822704,0.018112,-0.108673,-0.652039
19113.832938,-0.018112,-0.090561,-0.905609
19113.843070,-0.090561,-0.036224,-1.575760
19113.853223,-0.144897,-0.307907,-1.575760
19113.863401,0.217346,-0.760712,-1.014282
19113.873617,0.597702,-0.851273,-0.144897
19113.883880,0.561478,-1.630096,-0.923721
19113.894000,0.470917,-2.173462,-0.887497
19113.904220,0.434692,-2.028564,-0.489029
19113.914379,0.235458,-1.503311,-0.597702
19113.924543,0.054337,-1.068619,-0.652039
19113.934679,0.144897,-0.869385,-0.434692
19113.945109,0.235458,-0.778824,-0.416580
19113.955297,0.181122,-0.796936,-0.326019
19113.965439,0.108673,-0.869385,-0.163010
19113.975058,0.090561,-0.978058,-0.090561
19113.984738,0.054337,-1.086731,-0.090561
19113.995174,-0.018112,-1.177292,0.036224
19114.006131,-0.108673,-1.249741,0.126785
19114.016338,-0.163010,-1.304077,0.181122
19114.026510,-0.217346,-1.340302,0.144897
19114.036720,-0.217346,-1.213516,0.108673
19114.046877,-0.199234,-1.104843,0.054337
19114.057051,-0.253571,-1.050507,-0.018112
19114.067226,-0.271683,-1.014282,-0.054337
19114.077415,-0.271683,-0.941833,-0.108673
19114.087617,-0.181122,-0.869385,-0.126785
19114.097796,-0.090561,-0.815048,-0.163010
19114.107984,0.018112,-0.742599,-0.018112
19114.118180,0.144897,-0.706375,-0.018112
19114.128334,0.181122,-0.652039,-0.036224
19114.138629,0.163010,-0.597702,-0.036224
19114.148871,0.163010,-0.615814,-0.072449
19114.159059,0.126785,-0.652039,-0.054337
19114.169252,0.036224,-0.724487,-0.054337
19114.179425,-0.090561,-0.796936,-0.072449
19114.189609,-0.235458,-0.869385,-0.181122
19114.199865,-0.344131,-0.869385,-0.235458
19114.210040,-0.416580,-0.851273,-0.289795
19114.220275,-0.398468,-0.887497,-0.253571
19114.230428,-0.344131,-0.851273,-0.235458
19114.240582,-0.090561,-0.706375,-0.235458
19114.250786,0.126785,-0.670151,-0.235458
19114.260912,0.326019,-0.887497,-0.181122
19114.271151,0.470917,-1.122955,-0.054337
19114.281326,0.597702,-1.122955,0.036224
19114.291524,0.507141,-1.122955,-0.036224
19114.301620,0.199234,-1.304077,-0.362244
19114.311974,-0.126785,-1.430862,-0.652039
19114.322178,-0.344131,-1.412750,-0.724487
19114.332359,-0.416580,-1.267853,-0.470917
19114.342553,-0.344131,-0.978058,-0.307907
19114.352721,-0.289795,-0.978058,-0.126785
19114.362911,-0.235458,-1.032394,0.090561
19114.373098,-0.144897,-1.122955,0.199234
19114.383268,-0.072449,-1.177292,0.253571
19114.393426,0.090561,-1.159180,0.199234
19114.403658,0.253571,-1.195404,0.090561
19114.413848,0.289795,-1.376526,0.054337
19114.424028,0.289795,-1.575760,-0.054337
19114.434213,0.253571,-1.756882,-0.018112
19114.444410,0.126785,-1.901779,0.018112
19114.454592,0.054337,-1.774994,0.018112
19114.464732,0.126785,-1.575760,-0.036224
19114.474353,0.235458,-1.430862,-0.072449
19114.484056,0.326019,-1.340302,-0.090561
19114.494912,0.398468,-1.322189,-0.144897
19114.505399,0.362244,-1.376526,-0.181122
19114.515606,0.289795,-1.448975,-0.235458
19114.525792,0.199234,-1.521423,-0.271683
19114.535997,0.108673,-1.539536,-0.326019
19114.546200,-0.036224,-1.557648,-0.434692
19114.556376,-0.163010,-1.557648,-0.597702
19114.566550,-0.217346,-1.539536,-0.434692
19114.576678,0.199234,-1.340302,-0.072449
19114.586943,0.380356,-1.322189,0.271683
19114.597068,0.561478,-1.304077,0.489029
19114.607294,0.724487,-1.177292,0.652039
19114.617465,0.760712,-0.959946,0.869385
19114.627808,0.724487,-0.887497,0.742599
19114.637883,0.615814,-0.597702,-0.018112
19114.648061,0.489029,-0.470917,-0.416580
19114.658254,0.289795,-0.470917,-0.362244
19114.668437,0.054337,-0.525253,-0.126785
19114.678586,-0.108673,-0.652039,0.054337
19114.688844,-0.235458,-0.778824,-0.036224
19114.698971,-0.271683,-0.851273,-0.108673
19114.709209,-0.199234,-0.869385,-0.181122
19114.719402,-0.090561,-0.923721,-0.144897
19114.729609,-0.036224,-0.978058,-0.072449
19114.739808,-0.036224,-0.996170,0.036224
19114.750071,-0.036224,-0.959946,0.036224
19114.760141,0.018112,-0.851273,0.018112
19114.770356,0.163010,-0.688263,0.036224
19114.780523,0.253571,-0.579590,0.036224
19114.790724,0.326019,-0.507141,-0.018112
19114.800925,0.362244,-0.416580,-0.199234
19114.811136,0.398468,-0.199234,-0.344131
19114.821208,0.398468,-0.144897,-0.416580
19114.831396,0.362244,-0.144897,-0.452805
19114.841756,0.289795,-0.199234,-0.452805
19114.852027,0.235458,-0.199234,-0.452805
19114.862207,0.181122,-0.163010,-0.489029
19114.872382,0.126785,-0.108673,-0.561478
19114.882536,0.072449,-0.036224,-0.561478
19114.892768,0.054337,0.054337,-0.543365
19114.902915,0.036224,0.072449,-0.525253
19114.913136,0.036224,0.036224,-0.561478
19114.923317,0.018112,-0.036224,-0.688263
19114.933505,-0.018112,-0.054337,-0.851273
19114.943806,-0.108673,-0.144897,-1.104843
19114.953871,-0.126785,-0.307907,-1.304077
19114.964015,0.090561,-0.452805,-1.195404
19114.973596,0.489029,-0.652039,-0.869385
19114.983333,0.851273,-1.050507,-1.032394
19114.994418,0.434692,-1.919891,-1.304077
19115.004652,0.344131,-2.300247,-0.815048
19115.014893,0.833160,-2.300247,-0.724487
19115.025073,0.670151,-1.684433,-0.579590
19115.035290,0.108673,-0.833160,-0.253571
19115.045589,-0.144897,-0.289795,-0.289795
19115.055604,-0.054337,-0.380356,-0.326019
19115.065779,-0.072449,-0.597702,-0.199234
19115.075956,-0.054337,-0.869385,-0.199234
19115.086227,0.036224,-1.195404,-0.235458
19115.096363,0.126785,-1.503311,-0.235458
19115.106551,0.181122,-1.684433,-0.126785
19115.116733,0.163010,-1.756882,-0.090561
19115.126901,0.090561,-1.720657,-0.090561
19115.137139,0.054337,-1.575760,-0.090561
19115.147315,-0.036224,-1.412750,-0.090561
19115.157495,-0.072449,-1.177292,-0.054337
19115.167678,-0.090561,-0.978058,0.036224
19115.177815,-0.144897,-0.833160,0.000000
19115.188102,-0.181122,-0.815048,-0.072449
19115.198346,-0.235458,-0.796936,-0.235458
19115.208505,-0.199234,-0.778824,-0.307907
19115.218686,-0.126785,-0.778824,-0.307907
19115.228874,-0.054337,-0.778824,-0.253571
19115.239054,-0.018112,-0.760712,-0.199234
19115.249380,0.018112,-0.760712,-0.108673
19115.259394,0.036224,-0.760712,-0.054337
19115.269647,0.054337,-0.760712,-0.054337
19115.279794,0.108673,-0.778824,-0.054337
19115.290011,0.054337,-0.778824,-0.036224
19115.300245,-0.018112,-0.760712,-0.018112
19115.310446,-0.072449,-0.724487,-0.018112
19115.320635,-0.126785,-0.724487,-0.072449
19115.330789,-0.144897,-0.706375,-0.126785
19115.340982,-0.072449,-0.742599,-0.199234
19115.351211,-0.018112,-0.796936,-0.289795
19115.361342,0.072449,-0.706375,-0.398468
19115.371415,0.163010,-0.760712,-0.362244
19115.381245,0.344131,-0.869385,-0.271683
19115.392052,0.362244,-0.833160,-0.199234
19115.402039,0.344131,-0.796936,-0.199234
19115.412226,0.289795,-0.851273,-0.217346
19115.422387,0.163010,-0.996170,-0.253571
19115.432562,0.054337,-1.177292,-0.217346
19115.442744,-0.054337,-1.322189,-0.181122
19115.452942,-0.217346,-1.376526,-0.163010
19115.463071,-0.344131,-1.340302,-0.144897
19115.472632,-0.434692,-1.285965,-0.181122
19115.482386,-0.362244,-1.285965,-0.326019
19115.494206,-0.163010,-1.340302,-0.525253
19115.503658,-0.054337,-1.503311,-0.398468
19115.513881,-0.036224,-1.702545,-0.181122
19115.524055,0.036224,-1.774994,0.000000
19115.534232,0.108673,-1.702545,0.144897
19115.544540,0.199234,-1.630096,0.199234
19115.554596,0.307907,-1.485199,0.235458
19115.564770,0.344131,-1.412750,0.181122
19115.574951,0.344131,-1.340302,0.090561
19115.585086,0.307907,-1.304077,-0.036224
19115.595268,0.289795,-1.340302,-0.163010
19115.605526,0.235458,-1.412750,-0.253571
19115.615543,0.163010,-1.503311,-0.398468
19115.625116,0.072449,-1.630096,-0.561478
19115.636042,-0.072449,-1.684433,-0.778824
19115.646240,-0.126785,-1.630096,-0.796936
19115.656400,-0.072449,-1.575760,-0.470917
19115.666578,0.108673,-1.539536,0.054337
19115.676745,0.253571,-1.521423,0.489029
19115.686999,0.398468,-1.394638,0.796936
19115.697119,0.470917,-1.285965,0.887497
19115.707345,0.452805,-1.195404,0.833160
19115.717538,0.470917,-1.104843,0.579590
19115.727711,0.470917,-0.905609,0.163010
19115.737903,0.344131,-0.815048,-0.307907
19115.748052,0.090561,-0.833160,-0.144897
19115.758229,0.072449,-0.869385,0.036224
19115.768456,-0.036224,-0.905609,-0.126785
19115.778609,-0.108673,-0.978058,-0.108673
19115.788828,-0.054337,-1.032394,-0.018112
19115.799093,-0.036224,-1.032394,-0.163010
19115.808853,-0.126785,-0.923721,-0.108673
19115.819663,-0.090561,-0.796936,0.090561
19115.829759,-0.054337,-0.652039,0.199234
19115.839922,0.036224,-0.543365,0.253571
19115.850088,0.108673,-0.398468,0.181122
19115.860273,0.199234,-0.235458,0.036224
19115.870450,0.271683,-0.163010,-0.126785
19115.880608,0.344131,-0.144897,-0.199234
19115.890818,0.362244,-0.163010,-0.217346
19115.900997,0.362244,-0.217346,-0.289795
19115.911242,0.344131,-0.235458,-0.344131
19115.921385,0.253571,-0.199234,-0.362244
19115.931414,0.126785,-0.163010,-0.398468
19115.941533,0.054337,-0.072449,-0.416580
19115.951651,-0.036224,0.036224,-0.416580
19115.961965,-0.036224,0.108673,-0.507141
19115.971550,-0.072449,0.181122,-0.633926
19115.981436,-0.326019,0.126785,-0.869385
19115.992639,-0.507141,-0.072449,-1.720657
19116.002767,-0.561478,-0.344131,-1.358414
19116.012716,-0.126785,-0.652039,-0.489029
19116.023057,0.398468,-0.597702,-0.271683
19116.033244,0.525253,-0.815048,-0.326019
19116.043415,0.416580,-1.539536,-0.978058
19116.053603,0.235458,-2.064789,-0.996170
19116.063804,0.217346,-2.191574,-0.941833
19116.073223,0.144897,-2.010452,-0.833160
19116.084219,0.072449,-1.593872,-0.706375
19116.094417,-0.036224,-1.177292,-0.470917
19116.104600,0.018112,-0.851273,-0.362244
19116.114801,0.036224,-0.652039,-0.326019
19116.124979,0.036224,-0.561478,-0.144897
19116.135114,-0.036224,-0.525253,-0.072449
19116.145346,-0.018112,-0.652039,-0.036224
19116.155545,-0.036224,-0.833160,-0.018112
19116.165727,-0.018112,-1.068619,0.054337
19116.175909,0.036224,-1.267853,0.144897
19116.186051,0.054337,-1.412750,0.181122
19116.196236,0.072449,-1.448975,0.163010
19116.206896,-0.036224,-1.521423,-0.054337
19116.216538,-0.181122,-1.412750,-0.217346
19116.225661,-0.326019,-1.141068,-0.289795
19116.236939,-0.217346,-0.905609,-0.271683
19116.247032,-0.054337,-0.796936,-0.217346
19116.257203,0.090561,-0.724487,-0.144897
19116.267476,0.181122,-0.670151,-0.090561
19116.277616,0.199234,-0.633926,-0.036224
19116.287881,0.217346,-0.615814,0.036224
19116.297986,0.181122,-0.670151,-0.018112
19116.308171,0.126785,-0.742599,-0.036224
19116.318398,0.036224,-0.815048,-0.018112
19116.328579,-0.090561,-0.887497,-0.126785
19116.338764,-0.199234,-0.905609,-0.181122
19116.348953,-0.289795,-0.905609,-0.217346
19116.359170,-0.307907,-0.815048,-0.253571
19116.369353,-0.271683,-0.724487,-0.235458
19116.379510,-0.163010,-0.760712,-0.253571
19116.389730,0.072449,-0.796936,-0.307907
19116.400047,0.235458,-0.760712,-0.344131
19116.410118,0.307907,-0.796936,-0.271683
19116.420367,0.434692,-0.851273,-0.199234
19116.430213,0.470917,-0.815048,-0.217346
19116.440715,0.452805,-0.833160,-0.199234
19116.450855,0.289795,-0.978058,-0.181122
19116.461000,-0.144897,-1.032394,-0.126785
19116.471080,-0.307907,-1.086731,-0.072449
19116.480635,-0.380356,-1.086731,-0.126785
19116.491881,-0.362244,-1.014282,-0.199234
19116.502091,-0.344131,-0.978058,-0.289795
19116.511692,-0.307907,-1.014282,-0.398468
19116.522303,-0.235458,-1.086731,-0.434692
19116.532512,-0.108673,-1.141068,-0.434692
19116.542683,0.090561,-1.141068,-0.452805
19116.552856,0.253571,-1.195404,-0.452805
19116.563041,0.362244,-1.430862,-0.398468
19116.573226,0.289795,-1.793106,-0.307907
19116.583352,0.163010,-2.082901,-0.163010
19116.593561,0.090561,-2.137238,-0.036224
19116.603793,0.144897,-1.883667,0.054337
19116.613977,0.199234,-1.575760,0.072449
19116.624142,0.199234,-1.376526,-0.054337
19116.634342,0.163010,-1.304077,-0.253571
19116.644745,0.144897,-1.304077,-0.434692
19116.654942,0.108673,-1.376526,-0.543365
19116.665112,0.054337,-1.448975,-0.633926
19116.675286,-0.018112,-1.593872,-0.778824
19116.685435,-0.163010,-1.648209,-0.670151
19116.695665,-0.126785,-1.684433,-0.362244
19116.705848,0.018112,-1.702545,0.126785
19116.716031,0.126785,-1.666321,0.543365
19116.726248,0.235458,-1.611984,0.833160
19116.736438,0.271683,-1.467087,0.959946
19116.746558,0.235458,-1.249741,0.833160
19116.756752,0.235458,-1.195404,0.633926
19116.766976,0.235458,-1.104843,0.380356
19116.777168,0.163010,-0.959946,0.181122
19116.787300,0.090561,-0.941833,-0.054337
19116.797503,0.054337,-0.923721,-0.489029
19116.807676,0.072449,-0.887497,-0.652039
19116.817928,0.054337,-0.905609,-0.470917
19116.827945,-0.054337,-1.014282,-0.181122
19116.838316,-0.126785,-1.213516,0.018112
19116.848495,-0.217346,-1.376526,-0.018112
19116.858654,-0.326019,-1.322189,-0.108673
19116.868845,-0.307907,-1.213516,0.054337
19116.879003,-0.235458,-1.141068,0.307907
19116.889330,-0.181122,-1.104843,0.326019
19116.899378,-0.072449,-1.014282,0.199234
19116.909599,0.181122,-0.633926,0.163010
19116.919896,0.470917,-0.434692,0.036224
19116.930076,0.416580,-0.289795,-0.018112
19116.940197,0.326019,-0.217346,-0.036224
19116.950410,0.344131,-0.108673,-0.108673
19116.960602,0.380356,-0.054337,-0.163010
19116.970834,0.380356,-0.090561,-0.217346
19116.980453,0.326019,-0.217346,-0.271683
19116.991314,0.253571,-0.326019,-0.235458
19117.000646,0.163010,-0.344131,-0.271683
19117.011644,0.126785,-0.344131,-0.289795
19117.021692,0.126785,-0.289795,-0.326019
19117.032076,0.126785,-0.199234,-0.398468
19117.042246,0.199234,-0.181122,-0.416580
19117.052409,0.108673,0.000000,-0.489029
19117.062574,0.054337,0.072449,-0.597702
19117.072760,-0.018112,0.126785,-0.670151
19117.082905,-0.054337,0.163010,-0.760712
19117.093118,-0.126785,0.199234,-0.833160
19117.103307,-0.144897,0.163010,-0.869385
19117.113499,-0.181122,0.072449,-0.941833
19117.123687,-0.235458,0.072449,-1.050507
19117.133866,-0.362244,0.000000,-2.300247
19117.144244,-1.304077,-1.503311,-2.300247
19117.154554,-1.050507,-1.738770,-2.300247
19117.164505,-0.090561,-0.561478,-0.543365
19117.174676,0.996170,1.050507,0.289795
19117.184799,1.322189,0.615814,-0.978058
19117.194970,0.036224,-0.959946,-1.249741
19117.205198,-0.362244,-1.032394,-0.724487
19117.215387,-0.597702,-0.760712,-1.068619
19117.225561,-0.199234,-0.670151,-1.032394
19117.235790,0.507141,-0.307907,-0.380356
19117.245917,0.561478,-0.470917,-0.742599
19117.256084,0.018112,-1.122955,-0.543365
19117.266311,0.108673,-1.304077,-0.307907
19117.276495,0.416580,-1.122955,-0.561478
19117.286659,0.543365,-0.869385,-0.652039
19117.296857,0.470917,-0.688263,-0.561478
19117.307053,0.416580,-0.670151,-0.398468
19117.317239,0.380356,-0.742599,-0.271683
19117.327431,0.326019,-0.887497,-0.126785
19117.337654,0.235458,-1.014282,-0.090561
19117.347831,0.163010,-1.104843,-0.090561
19117.358018,0.072449,-1.159180,-0.054337
19117.368219,-0.072449,-1.195404,-0.054337
19117.378365,-0.235458,-1.159180,-0.090561
19117.388630,-0.271683,-1.177292,-0.036224
19117.398799,-0.271683,-1.177292,0.018112
19117.409055,-0.235458,-1.195404,0.036224
19117.419239,-0.163010,-1.177292,0.000000
19117.429430,-0.090561,-1.159180,-0.072449
19117.439668,0.018112,-1.104843,-0.108673
19117.449868,0.090561,-0.978058,-0.163010
19117.460041,0.144897,-0.869385,-0.181122
19117.470270,0.163010,-0.742599,-0.163010
19117.479920,0.163010,-0.688263,-0.144897
19117.490902,0.181122,-0.670151,-0.108673
19117.499967,0.199234,-0.670151,-0.108673
19117.511061,0.181122,-0.724487,-0.090561
19117.521171,0.163010,-0.796936,-0.108673
19117.531352,0.181122,-0.851273,-0.235458
19117.541537,0.108673,-0.887497,-0.253571
19117.551665,0.018112,-0.905609,-0.235458
19117.561990,-0.036224,-0.905609,-0.307907
19117.572236,-0.036224,-0.869385,-0.326019
19117.582359,-0.036224,-0.815048,-0.344131
19117.592515,-0.018112,-0.778824,-0.217346
19117.602854,0.108673,-0.815048,-0.235458
19117.613038,0.181122,-0.833160,-0.199234
19117.623182,0.271683,-0.815048,-0.217346
19117.633360,0.326019,-0.815048,-0.217346
19117.643809,0.344131,-0.851273,-0.163010
19117.653812,0.344131,-0.869385,-0.108673
19117.663978,0.307907,-0.869385,-0.090561
19117.674159,0.235458,-0.851273,-0.054337
19117.684319,0.126785,-0.833160,-0.036224
19117.694557,0.036224,-0.869385,-0.054337
19117.704714,-0.036224,-0.887497,-0.054337
19117.714895,-0.090561,-0.905609,-0.054337
19117.725082,-0.144897,-0.959946,-0.072449
19117.735270,-0.181122,-0.996170,-0.054337
19117.745451,-0.199234,-1.014282,-0.036224
19117.755609,-0.181122,-1.014282,-0.018112
19117.765841,-0.181122,-1.050507,-0.072449
19117.776022,-0.235458,-1.068619,-0.199234
19117.786161,-0.307907,-1.122955,-0.398468
19117.796335,-0.344131,-1.195404,-0.778824
19117.806529,-0.199234,-1.231628,-0.869385
19117.816793,0.018112,-1.231628,-0.706375
19117.826999,0.181122,-1.249741,-0.543365
19117.837197,0.416580,-1.249741,-0.652039
19117.847356,0.362244,-1.575760,-0.380356
19117.857492,0.199234,-1.938004,0.036224
19117.867657,0.072449,-2.119125,0.398468
19117.877845,0.018112,-1.992340,0.434692
19117.888127,-0.054337,-1.485199,0.326019
19117.898209,-0.163010,-1.122955,0.126785
19117.908421,-0.144897,-1.050507,-0.054337
19117.918611,0.072449,-0.996170,0.072449
19117.928806,0.181122,-1.032394,0.271683
19117.938948,0.108673,-1.213516,0.470917
19117.949205,-0.054337,-1.430862,0.615814
19117.959394,-0.253571,-1.593872,0.706375
19117.969547,-0.344131,-1.666321,0.597702
19117.979270,-0.380356,-1.720657,0.470917
19117.990214,-0.452805,-1.684433,0.271683
19117.999286,-0.525253,-1.630096,-0.018112
19118.010423,-0.452805,-1.575760,-0.235458
19118.020522,-0.199234,-1.575760,-0.326019
19118.030691,0.054337,-1.485199,-0.235458
19118.040845,0.108673,-1.376526,-0.036224
19118.051086,0.199234,-1.249741,0.163010
19118.061263,0.271683,-1.032394,0.271683
19118.071402,-0.054337,-0.959946,0.326019
19118.081430,-0.235458,-0.978058,0.452805
19118.091657,-0.326019,-1.014282,0.452805
19118.101648,-0.398468,-0.978058,0.307907
19118.111975,-0.344131,-0.923721,0.271683
19118.122160,-0.199234,-0.851273,0.326019
19118.132306,-0.108673,-0.778824,0.344131
19118.142486,0.036224,-0.724487,0.307907
19118.152767,0.199234,-0.670151,0.271683
19118.162939,0.326019,-0.615814,0.199234
19118.173126,0.398468,-0.579590,0.163010
19118.183248,0.452805,-0.543365,0.090561
19118.193427,0.434692,-0.525253,0.072449
19118.203665,0.380356,-0.543365,0.090561
19118.213850,0.326019,-0.543365,0.108673
19118.224093,0.289795,-0.561478,0.090561
19118.234258,0.289795,-0.579590,0.108673
19118.244386,0.326019,-0.597702,0.072449
19118.254588,0.398468,-0.561478,0.036224
19118.264796,0.452805,-0.543365,-0.036224
19118.274980,0.452805,-0.507141,-0.126785
19118.285116,0.452805,-0.470917,-0.271683
19118.295350,0.398468,-0.452805,-0.615814
19118.305537,0.470917,-0.452805,-0.760712
19118.315728,0.489029,-0.724487,-1.014282
19118.325912,0.326019,-1.032394,-1.304077
19118.336098,-0.072449,-1.267853,-1.376526
19118.346278,-0.380356,-1.394638,-1.557648
19118.356492,-0.543365,-1.467087,-1.774994
19118.366687,-0.760712,-1.394638,-1.883667
19118.376864,-1.086731,-1.068619,-1.304077
19118.387111,-1.050507,-0.941833,-0.760712
19118.397193,-0.579590,-1.467087,-0.688263
19118.407429,-0.416580,-2.191574,-0.380356
19118.417656,-0.724487,-2.010452,0.271683
19118.427833,-0.018112,-1.195404,0.271683
19118.438008,0.778824,-0.633926,0.452805
19118.448210,1.322189,-0.344131,-0.199234
19118.458422,0.959946,0.000000,0.199234
19118.468556,0.416580,-0.054337,0.597702
19118.478264,0.235458,-0.470917,0.652039
19118.489049,0.253571,-0.815048,0.579590
19118.498284,0.362244,-1.159180,0.525253
19118.509182,0.489029,-1.503311,0.615814
19118.519458,0.597702,-1.992340,0.561478
19118.529236,0.525253,-2.300247,0.398468
19118.539748,0.054337,-1.485199,-0.253571
19118.549927,-0.326019,-1.068619,-0.633926
19118.560130,-0.253571,-0.923721,-0.706375
19118.570299,-0.144897,-0.941833,-0.253571
19118.580476,-0.018112,-1.014282,0.144897
19118.590632,0.090561,-0.887497,0.253571
19118.600827,0.163010,-0.778824,0.235458
19118.611080,0.253571,-0.742599,0.217346
19118.621217,0.307907,-0.760712,0.199234
19118.631413,0.344131,-0.778824,0.181122
19118.641569,0.344131,-0.778824,0.144897
19118.651992,0.380356,-0.796936,0.090561
19118.662208,0.398468,-0.815048,0.036224
19118.672391,0.416580,-0.851273,-0.018112
19118.682515,0.452805,-0.869385,-0.072449
19118.692873,0.434692,-0.923721,-0.181122
19118.702986,0.434692,-1.014282,-0.326019
19118.713153,0.543365,-0.996170,-0.525253
19118.723332,0.507141,-0.941833,-0.615814
19118.733514,0.452805,-0.923721,-0.579590
19118.743657,0.289795,-0.941833,-0.525253
19118.753822,0.126785,-0.978058,-0.507141
19118.764107,-0.036224,-1.050507,-0.307907
19118.774261,-0.398468,-1.122955,-0.181122
19118.784399,-0.579590,-0.996170,-0.090561
19118.794585,-0.670151,-0.905609,-0.181122
19118.804761,-0.543365,-0.959946,-0.344131
19118.815141,-0.362244,-1.141068,-0.507141
19118.825732,-0.108673,-1.412750,-0.633926
19118.835397,0.126785,-1.575760,-0.633926
19118.845550,0.235458,-1.774994,-0.579590
19118.855706,0.217346,-1.938004,-0.416580
19118.865929,0.054337,-1.883667,-0.181122
19118.876141,-0.018112,-1.702545,0.018112
19118.886342,-0.036224,-1.539536,0.144897
19118.896445,-0.090561,-1.412750,0.307907
19118.906614,-0.054337,-1.340302,0.416580
19118.916783,0.054337,-1.249741,0.362244
19118.926977,0.181122,-1.267853,0.253571
19118.937221,0.307907,-1.376526,0.163010
19118.947548,0.380356,-1.503311,0.054337
19118.957846,0.362244,-1.648209,-0.018112
19118.968014,0.307907,-1.720657,-0.163010
19118.977595,0.181122,-1.756882,-0.307907
19118.988433,0.144897,-1.666321,-0.181122
19118.998209,0.181122,-1.448975,0.036224
19119.008605,0.199234,-1.430862,0.217346
19119.018854,0.126785,-1.430862,0.307907
19119.028446,0.036224,-1.340302,0.344131
19119.039150,-0.054337,-1.195404,0.470917
19119.049318,-0.036224,-1.159180,0.253571
19119.059511,-0.054337,-1.122955,0.108673
19119.069747,-0.036224,-0.959946,-0.126785
19119.079920,-0.018112,-0.869385,-0.090561
19119.090074,0.036224,-0.851273,0.108673
19119.100308,0.072449,-0.760712,-0.018112
19119.110496,0.108673,-0.706375,0.018112
19119.120679,0.163010,-0.778824,0.326019
19119.130821,0.144897,-0.815048,0.163010
19119.141016,0.054337,-0.796936,-0.090561
19119.151263,-0.054337,-0.833160,-0.036224
19119.161379,-0.090561,-0.887497,-0.018112
19119.171453,-0.090561,-0.833160,-0.036224
19119.181601,0.000000,-0.688263,-0.018112
19119.191618,0.126785,-0.470917,-0.018112
19119.202030,0.217346,-0.307907,0.018112
19119.212188,0.217346,-0.217346,-0.036224
19119.222372,0.235458,-0.181122,-0.054337
19119.232543,0.253571,-0.108673,-0.181122
19119.242686,0.217346,-0.126785,-0.289795
19119.252880,0.144897,-0.217346,-0.380356
19119.263176,0.054337,-0.271683,-0.470917
19119.273422,0.036224,-0.199234,-0.489029
19119.283573,0.054337,-0.090561,-0.525253
19119.293830,0.036224,0.036224,-0.597702
19119.303943,0.036224,0.000000,-0.706375
19119.314161,0.054337,-0.036224,-0.778824
19119.324320,0.108673,-0.054337,-0.959946
19119.334504,0.144897,-0.126785,-1.068619
19119.344681,0.199234,-0.090561,-0.851273
19119.354881,0.253571,-0.090561,-0.742599
19119.365061,0.344131,-0.579590,-1.014282
19119.375282,0.452805,-1.376526,-1.231628
19119.385410,0.108673,-1.992340,-0.633926
19119.395608,0.416580,-2.264023,-1.032394
19119.405848,0.706375,-2.300247,-1.104843
19119.416058,0.416580,-1.865555,-0.398468
19119.426223,0.126785,-1.068619,-0.307907
19119.436404,0.018112,-0.615814,-0.398468
19119.446591,0.036224,-0.398468,-0.326019
19119.456769,0.108673,-0.398468,-0.380356
19119.466926,0.072449,-0.543365,-0.235458
19119.476565,0.072449,-1.032394,-0.181122
19119.486789,0.072449,-1.213516,-0.108673
19119.496724,0.036224,-1.340302,-0.036224
19119.507463,-0.108673,-1.412750,0.036224
19119.517695,-0.199234,-1.448975,0.036224
19119.527855,-0.307907,-1.448975,0.036224
19119.538137,-0.362244,-1.394638,-0.018112
19119.548264,-0.307907,-1.177292,0.018112
19119.558458,-0.289795,-1.032394,-0.018112
19119.568651,-0.271683,-0.923721,-0.072449
19119.578885,-0.235458,-0.851273,-0.108673
19119.589018,-0.163010,-0.796936,-0.126785
19119.599183,-0.072449,-0.778824,-0.163010
19119.609417,0.072449,-0.778824,-0.199234
19119.619592,0.144897,-0.778824,-0.181122
19119.629912,0.199234,-0.796936,-0.108673
19119.640094,0.199234,-0.796936,-0.054337
19119.650305,0.217346,-0.815048,-0.018112
19119.660524,0.235458,-0.833160,-0.054337
19119.670709,0.235458,-0.869385,-0.036224
19119.680928,0.199234,-0.869385,-0.018112
19119.691067,0.108673,-0.887497,0.000000
19119.701286,0.036224,-0.887497,-0.018112
19119.711436,-0.108673,-0.869385,-0.072449
19119.721592,-0.163010,-0.887497,-0.108673
19119.731666,-0.217346,-0.923721,-0.163010
19119.741945,-0.271683,-0.941833,-0.163010
19119.752140,-0.307907,-0.923721,-0.163010
19119.762398,-0.271683,-0.905609,-0.163010
19119.772544,-0.163010,-0.869385,-0.181122
19119.782748,-0.018112,-0.833160,-0.217346
19119.792888,0.018112,-0.833160,-0.199234
19119.803209,-0.018112,-0.796936,-0.163010
19119.813308,-0.018112,-0.760712,-0.108673
19119.823514,-0.054337,-0.796936,-0.018112
19119.833690,-0.090561,-0.851273,0.054337
19119.843869,-0.072449,-0.941833,0.036224
19119.854058,-0.018112,-1.032394,0.000000
19119.864241,0.054337,-1.104843,-0.036224
19119.874425,0.036224,-1.195404,-0.072449
19119.884601,-0.036224,-1.267853,-0.144897
19119.894891,-0.054337,-1.322189,-0.253571
19119.905047,-0.036224,-1.430862,-0.362244
19119.915186,0.000000,-1.503311,-0.489029
19119.925326,0.072449,-1.539536,-0.597702
19119.935582,0.090561,-1.593872,-0.489029
19119.945672,-0.090561,-1.702545,-0.344131
19119.955842,-0.108673,-1.720657,-0.144897
19119.965936,-0.108673,-1.648209,0.018112
19119.975522,-0.108673,-1.593872,0.126785
19119.985217,-0.090561,-1.539536,0.163010
19119.995605,-0.018112,-1.485199,0.163010
19120.006395,0.090561,-1.485199,0.108673
19120.016625,0.163010,-1.485199,0.036224
19120.026784,0.181122,-1.521423,-0.181122
19120.036997,0.126785,-1.557648,-0.398468
19120.047157,0.036224,-1.539536,-0.579590
19120.057333,-0.072449,-1.467087,-0.688263
19120.067525,-0.144897,-1.394638,-0.724487
19120.077701,-0.108673,-1.358414,-0.615814
19120.087889,0.036224,-1.340302,-0.289795
19120.098090,0.235458,-1.340302,0.072449
19120.108283,0.380356,-1.394638,0.380356
19120.118470,0.380356,-1.322189,0.652039
19120.128631,0.271683,-1.195404,0.869385
19120.138811,0.253571,-1.032394,0.344131
19120.149055,0.217346,-0.833160,-0.036224
19120.159241,0.108673,-0.724487,-0.144897
19120.169430,0.036224,-0.706375,0.018112
19120.179729,-0.036224,-0.760712,0.144897
19120.189895,-0.181122,-0.869385,0.126785
19120.200024,-0.199234,-1.032394,0.072449
19120.210244,-0.163010,-1.159180,-0.326019
19120.220448,-0.090561,-1.213516,-0.416580
19120.230614,-0.018112,-1.249741,-0.199234
19120.240760,0.036224,-1.231628,-0.036224
19120.251162,0.036224,-1.159180,0.036224
19120.261388,0.072449,-0.978058,0.126785
19120.271615,0.144897,-0.724487,0.144897
19120.281969,0.217346,-0.434692,0.163010
19120.292144,0.217346,-0.108673,0.108673
19120.302359,0.181122,0.163010,0.036224
19120.312539,0.163010,0.271683,-0.126785
19120.322731,0.144897,0.289795,-0.271683
19120.332911,0.090561,0.217346,-0.362244
19120.343100,0.072449,0.108673,-0.434692
19120.353288,0.054337,-0.018112,-0.489029
19120.363489,0.036224,-0.018112,-0.507141
19120.373671,0.036224,0.054337,-0.543365
19120.383809,0.054337,0.126785,-0.507141
19120.394034,0.036224,0.126785,-0.507141
19120.404373,-0.018112,0.036224,-0.652039
19120.414426,-0.181122,-0.036224,-0.869385
19120.424614,-0.307907,-0.018112,-1.086731
19120.434796,-0.362244,-0.108673,-1.177292
19120.444973,-0.217346,-0.235458,-1.032394
19120.455164,0.108673,-0.036224,-0.633926
19120.465301,0.253571,0.199234,-0.561478
19120.474926,0.163010,-0.633926,-1.394638
19120.484674,0.289795,-2.300247,-1.702545
19120.495283,0.742599,-2.300247,-0.507141
19120.505163,0.452805,-2.300247,-1.068619
19120.516070,0.072449,-1.974228,-0.163010
19120.526200,0.362244,-1.086731,-0.688263
19120.536408,0.615814,-0.652039,-0.597702
19120.546587,0.398468,-0.326019,-0.036224
19120.556776,0.181122,-0.199234,-0.126785
19120.566946,0.126785,-0.380356,-0.380356
19120.577127,0.144897,-0.796936,-0.398468
19120.587253,0.144897,-1.122955,-0.072449
19120.597461,0.090561,-1.322189,-0.018112
19120.607641,-0.018112,-1.412750,-0.054337
19120.617186,-0.054337,-1.467087,-0.036224
19120.628158,-0.072449,-1.485199,0.090561
19120.638224,-0.036224,-1.340302,0.126785
19120.648451,-0.163010,-1.213516,-0.108673
19120.658618,-0.489029,-1.159180,-0.181122
19120.668808,-0.507141,-1.050507,-0.163010
19120.679016,-0.507141,-0.923721,-0.126785
19120.689156,-0.525253,-0.851273,-0.126785
19120.699425,-0.380356,-0.815048,-0.126785
19120.709610,-0.144897,-0.833160,-0.144897
19120.719812,0.054337,-0.815048,-0.090561
19120.729985,0.163010,-0.778824,-0.054337
19120.740158,0.217346,-0.760712,-0.036224
19120.750427,0.235458,-0.724487,-0.036224
19120.760629,0.199234,-0.706375,0.018112
19120.770192,0.163010,-0.724487,-0.108673
19120.780975,0.072449,-0.796936,-0.199234
19120.791129,-0.018112,-0.887497,-0.326019
19120.801365,-0.072449,-0.923721,-0.380356
19120.811494,-0.108673,-0.905609,-0.416580
19120.821578,-0.108673,-0.815048,-0.470917
19120.831674,-0.072449,-0.742599,-0.434692
19120.841992,-0.036224,-0.724487,-0.416580
19120.852180,0.072449,-0.724487,-0.380356
19120.862373,0.126785,-0.778824,-0.271683
19120.872564,0.144897,-0.869385,-0.181122
19120.882699,0.163010,-0.887497,-0.235458
19120.892866,0.090561,-0.887497,-0.271683
19120.903079,-0.036224,-0.941833,-0.271683
19120.913310,-0.144897,-0.978058,-0.289795
19120.923428,-0.253571,-0.978058,-0.271683
19120.933592,-0.326019,-0.978058,-0.235458
19120.944011,-0.380356,-0.978058,-0.181122
19120.953790,-0.380356,-0.996170,-0.126785
19120.964254,-0.307907,-1.050507,-0.108673
19120.973822,-0.181122,-1.122955,-0.108673
19120.983574,0.036224,-1.086731,-0.217346
19120.994585,0.181122,-1.177292,-0.271683
19121.005001,0.126785,-1.304077,-0.253571
19121.015044,0.235458,-1.285965,-0.289795
19121.025227,0.199234,-1.630096,-0.271683
19121.035410,0.163010,-1.829330,-0.253571
19121.045723,0.217346,-1.829330,-0.253571
19121.055788,0.289795,-1.756882,-0.181122
19121.065980,0.398468,-1.593872,-0.181122
19121.076154,0.561478,-1.376526,-0.271683
19121.086350,0.579590,-1.340302,-0.380356
19121.096580,0.525253,-1.322189,-0.452805
19121.106716,0.416580,-1.340302,-0.489029
19121.117002,0.307907,-1.448975,-0.416580
19121.127160,0.163010,-1.448975,-0.416580
19121.137355,0.144897,-1.430862,-0.470917
19121.147527,0.126785,-1.412750,-0.525253
19121.157713,0.163010,-1.394638,-0.525253
19121.167895,0.253571,-1.358414,-0.380356
19121.178080,0.380356,-1.304077,-0.181122
19121.188228,0.489029,-1.231628,0.090561
19121.198339,0.543365,-1.213516,0.416580
19121.208578,0.561478,-1.213516,0.579590
19121.218760,0.579590,-1.068619,0.579590
19121.228953,0.543365,-0.923721,0.470917
19121.239146,0.380356,-0.851273,0.235458
19121.249420,0.126785,-0.887497,-0.072449
19121.259516,-0.126785,-0.869385,-0.398468
19121.269782,-0.181122,-0.833160,-0.416580
19121.279250,-0.144897,-0.905609,-0.235458
19121.290051,-0.108673,-0.996170,-0.036224
19121.300245,-0.072449,-1.014282,-0.090561
19121.310445,-0.036224,-0.996170,-0.181122
19121.320659,0.018112,-0.996170,-0.289795
19121.330814,0.090561,-0.959946,-0.199234
19121.340983,0.090561,-0.923721,0.018112
19121.351243,0.054337,-0.959946,0.000000
19121.361396,-0.054337,-0.923721,-0.036224
19121.371480,0.072449,-0.724487,0.036224
19121.381573,0.235458,-0.507141,0.036224
19121.391932,0.326019,-0.326019,-0.054337
19121.402104,0.326019,-0.199234,-0.108673
19121.412389,0.326019,-0.108673,-0.163010
19121.422570,0.326019,-0.072449,-0.235458
19121.432740,0.344131,0.000000,-0.289795
19121.442909,0.271683,-0.018112,-0.380356
19121.453115,0.181122,-0.018112,-0.434692
19121.463247,0.054337,-0.054337,-0.489029
19121.472807,-0.108673,-0.108673,-0.652039
19121.482544,-0.235458,0.036224,-0.833160
19121.493850,-0.199234,0.163010,-0.796936
19121.503952,-0.163010,0.163010,-0.670151
19121.514146,0.036224,0.289795,-0.543365
19121.523937,0.217346,0.380356,-0.253571
19121.535006,0.235458,-0.036224,-0.796936
19121.544666,0.090561,-0.833160,-1.539536
19121.554728,-0.380356,-1.611984,-0.978058
19121.564865,-0.235458,-1.720657,-0.706375
19121.575039,0.054337,-2.155350,-1.448975
19121.585253,0.525253,-2.300247,-0.307907
19121.595398,0.543365,-1.068619,-0.489029
19121.605718,0.217346,-0.597702,-0.434692
19121.615801,0.126785,-0.416580,-0.289795
19121.625997,0.090561,-0.380356,-0.253571
19121.636255,0.072449,-0.507141,-0.144897
19121.646541,0.090561,-0.778824,-0.181122
19121.656563,0.126785,-1.104843,-0.253571
19121.666745,0.163010,-1.376526,-0.126785
19121.676928,0.126785,-1.575760,0.018112
19121.687116,0.072449,-1.648209,0.054337
19121.697313,0.000000,-1.630096,0.054337
19121.707494,-0.072449,-1.503311,0.072449
19121.717719,-0.054337,-1.267853,0.108673
19121.727836,-0.126785,-1.104843,0.108673
19121.738140,-0.271683,-0.996170,0.036224
19121.748369,-0.380356,-0.941833,-0.090561
19121.758453,-0.416580,-0.887497,-0.144897
19121.768659,-0.380356,-0.833160,-0.163010
19121.778868,-0.217346,-0.815048,-0.126785
19121.789020,-0.090561,-0.833160,-0.054337
19121.799262,-0.036224,-0.833160,-0.090561
19121.809441,0.054337,-0.833160,0.072449
19121.819720,0.163010,-0.869385,0.126785
19121.829908,0.217346,-0.887497,0.126785
19121.840079,0.199234,-0.887497,0.108673
19121.850292,0.199234,-0.887497,0.036224
19121.860449,0.144897,-0.851273,-0.054337
19121.870641,0.072449,-0.833160,-0.072449
19121.880807,0.018112,-0.815048,-0.108673
19121.890972,-0.018112,-0.796936,-0.163010
19121.901145,-0.072449,-0.815048,-0.144897
19121.911314,-0.108673,-0.833160,-0.163010
19121.921479,-0.163010,-0.905609,-0.289795
19121.931540,-0.199234,-0.941833,-0.362244
19121.941601,-0.181122,-0.923721,-0.362244
19121.951979,-0.163010,-0.923721,-0.307907
19121.962140,-0.108673,-0.923721,-0.199234
19121.971682,-0.072449,-0.887497,-0.163010
19121.981566,0.000000,-0.869385,-0.163010
19121.992864,-0.018112,-0.905609,-0.217346
19122.002889,-0.036224,-0.959946,-0.271683
19122.012681,-0.108673,-0.996170,-0.271683
19122.023197,-0.199234,-1.068619,-0.253571
19122.033366,-0.235458,-1.086731,-0.199234
19122.043675,-0.144897,-1.086731,-0.253571
19122.053719,0.072449,-1.159180,-0.307907
19122.063911,0.036224,-1.322189,-0.144897
19122.074084,0.307907,-1.485199,-0.326019
19122.084274,0.326019,-1.666321,-0.416580
19122.094411,0.199234,-1.919891,-0.326019
19122.104614,0.235458,-1.956116,-0.253571
19122.114816,0.326019,-1.648209,-0.199234
19122.125031,0.326019,-1.430862,-0.163010
19122.135165,0.344131,-1.249741,-0.144897
19122.145535,0.362244,-1.141068,-0.163010
19122.155587,0.307907,-1.195404,-0.217346
19122.165762,0.199234,-1.322189,-0.326019
19122.175942,0.126785,-1.376526,-0.398468
19122.186136,0.036224,-1.412750,-0.470917
19122.196277,-0.072449,-1.448975,-0.489029
19122.206600,-0.126785,-1.430862,-0.470917
19122.216704,-0.108673,-1.394638,-0.326019
19122.226918,0.054337,-1.358414,-0.018112
19122.237099,0.181122,-1.376526,0.434692
19122.247295,0.307907,-1.358414,0.760712
19122.257425,0.434692,-1.213516,0.742599
19122.267653,0.543365,-1.104843,0.543365
19122.277823,0.670151,-1.086731,0.307907
19122.288020,0.833160,-0.941833,-0.163010
19122.298227,0.869385,-0.941833,-0.507141
19122.308411,0.706375,-0.887497,-0.615814
19122.318588,0.615814,-0.815048,-0.470917
19122.328775,0.470917,-0.815048,-0.181122
19122.339055,0.344131,-0.887497,0.144897
19122.349244,0.217346,-0.941833,0.362244
19122.359416,-0.018112,-0.996170,0.217346
19122.369625,-0.199234,-1.032394,-0.144897
19122.379774,-0.289795,-1.086731,-0.470917
19122.389969,-0.271683,-1.195404,-0.434692
19122.400184,-0.199234,-1.195404,-0.235458
19122.410413,-0.144897,-1.141068,-0.054337
19122.420614,-0.108673,-1.050507,0.126785
19122.430812,-0.072449,-0.869385,0.163010
19122.440988,0.072449,-0.615814,0.108673
19122.451200,0.235458,-0.416580,-0.036224
19122.461311,0.326019,-0.289795,-0.126785
19122.471051,0.362244,-0.181122,-0.163010
19122.480891,0.380356,-0.126785,-0.199234
19122.491899,0.380356,-0.108673,-0.181122
19122.501598,0.326019,-0.126785,-0.235458
19122.511621,0.253571,-0.181122,-0.271683
19122.522266,0.181122,-0.217346,-0.344131
19122.532466,0.018112,-0.144897,-0.434692
19122.542770,-0.054337,-0.036224,-0.470917
19122.553118,-0.126785,-0.018112,-0.615814
19122.563283,-0.163010,0.072449,-0.796936
19122.573509,-0.163010,0.181122,-0.923721
19122.583637,-0.144897,0.235458,-1.014282
19122.593773,-0.072449,0.235458,-0.887497
19122.603935,0.181122,-0.018112,-0.615814
19122.614170,0.362244,-0.452805,-1.322189
19122.624311,-0.018112,-1.467087,-1.702545
19122.634527,-0.326019,-2.155350,-0.923721
19122.644733,0.163010,-2.227798,-0.815048
19122.654962,0.905609,-2.064789,-1.086731
19122.665168,0.833160,-1.539536,-0.362244
19122.675335,0.615814,-0.597702,-0.561478
19122.685523,0.416580,-0.271683,-0.706375
19122.695659,0.344131,-0.271683,-0.489029
19122.705877,0.307907,-0.398468,-0.380356
19122.716073,0.181122,-0.633926,-0.380356
19122.726255,0.108673,-0.923721,-0.307907
19122.736456,0.181122,-1.159180,-0.199234
19122.746602,0.235458,-1.322189,-0.108673
19122.756784,0.108673,-1.340302,-0.090561
19122.767006,-0.054337,-1.340302,-0.072449
19122.777190,-0.181122,-1.340302,-0.036224
19122.787374,-0.271683,-1.340302,0.036224
19122.797524,-0.307907,-1.285965,0.054337
19122.807747,-0.344131,-1.213516,0.000000
19122.817900,-0.380356,-1.122955,-0.072449
19122.828147,-0.434692,-1.068619,-0.108673
19122.838382,-0.452805,-0.959946,-0.199234
19122.848551,-0.344131,-0.887497,-0.235458
19122.858741,-0.163010,-0.851273,-0.199234
19122.868926,-0.036224,-0.815048,-0.181122
19122.879085,0.072449,-0.796936,-0.126785
19122.889299,0.126785,-0.796936,-0.108673
19122.899540,0.181122,-0.796936,-0.090561
19122.909700,0.235458,-0.815048,-0.072449
19122.919870,0.289795,-0.833160,-0.036224
19122.930065,0.307907,-0.851273,-0.036224
19122.940301,0.253571,-0.833160,-0.108673
19122.950492,0.181122,-0.796936,-0.126785
19122.960677,0.090561,-0.815048,-0.181122
19122.970882,0.036224,-0.833160,-0.072449
19122.980506,-0.072449,-0.887497,-0.108673
19122.991323,-0.126785,-0.905609,-0.199234
19123.000516,-0.108673,-0.887497,-0.217346
19123.011509,-0.090561,-0.869385,-0.235458
19123.021710,-0.090561,-0.887497,-0.253571
19123.032035,-0.054337,-0.923721,-0.271683
19123.042234,-0.018112,-0.978058,-0.235458
19123.052386,0.072449,-0.978058,-0.181122
19123.062568,0.090561,-0.959946,-0.181122
19123.072752,0.108673,-0.959946,-0.253571
19123.082947,0.108673,-0.923721,-0.271683
19123.093071,0.036224,-0.923721,-0.271683
19123.103297,-0.036224,-0.923721,-0.289795
19123.113486,-0.108673,-0.941833,-0.289795
19123.123666,-0.163010,-0.996170,-0.235458
19123.133807,-0.144897,-0.996170,-0.253571
19123.144041,-0.054337,-1.014282,-0.289795
19123.154260,0.054337,-1.086731,-0.362244
19123.164431,0.126785,-1.141068,-0.398468
19123.174620,0.181122,-1.267853,-0.398468
19123.184803,0.199234,-1.467087,-0.344131
19123.194945,0.271683,-1.702545,-0.344131
19123.205114,0.235458,-1.865555,-0.072449
19123.215352,-0.018112,-1.793106,0.054337
19123.225603,-0.054337,-1.467087,0.072449
19123.235767,-0.018112,-1.249741,-0.018112
19123.245921,0.036224,-1.177292,-0.054337
19123.256073,0.144897,-1.177292,-0.054337
19123.266294,0.217346,-1.304077,-0.072449
19123.276468,0.199234,-1.394638,-0.144897
19123.286656,0.126785,-1.467087,-0.271683
19123.296803,0.036224,-1.521423,-0.434692
19123.307030,-0.144897,-1.503311,-0.597702
19123.317223,-0.271683,-1.503311,-0.724487
19123.327414,-0.271683,-1.412750,-0.579590
19123.337587,-0.090561,-1.376526,-0.163010
19123.347824,0.090561,-1.394638,0.344131
19123.358008,0.253571,-1.267853,0.742599
19123.368189,0.416580,-1.086731,0.815048
19123.378351,0.525253,-0.978058,0.652039
19123.388681,0.633926,-0.941833,0.344131
19123.398825,0.706375,-0.833160,0.090561
19123.409040,0.706375,-0.742599,-0.253571
19123.419239,0.434692,-0.688263,-0.307907
19123.429431,0.253571,-0.706375,-0.271683
19123.439639,0.144897,-0.796936,-0.271683
19123.449876,0.072449,-0.815048,-0.326019
19123.460052,0.018112,-0.851273,-0.199234
19123.470290,-0.090561,-0.941833,0.036224
19123.479930,-0.217346,-1.068619,0.362244
19123.492135,-0.326019,-1.050507,0.199234
19123.510859,-0.289795,-1.050507,0.072449
19123.521036,-0.181122,-1.086731,0.090561
19123.531266,-0.072449,-1.014282,0.036224
19123.541053,0.108673,-0.869385,-0.036224
19123.550458,0.253571,-0.633926,-0.072449
19123.561592,0.344131,-0.434692,-0.181122
19123.571703,0.416580,-0.289795,-0.289795
19123.582013,0.344131,-0.289795,-0.326019
19123.592172,0.235458,-0.362244,-0.362244
19123.602410,0.199234,-0.380356,-0.326019
19123.612494,0.181122,-0.380356,-0.307907
19123.622522,0.181122,-0.344131,-0.344131
19123.632773,0.199234,-0.307907,-0.398468
19123.643189,0.199234,-0.326019,-0.416580
19123.653095,0.181122,-0.326019,-0.470917
19123.663575,0.144897,-0.344131,-0.489029
19123.673547,0.072449,-0.271683,-0.579590
19123.683973,0.072449,-0.108673,-0.561478
19123.694166,0.072449,0.000000,-0.615814
19123.703917,0.072449,0.018112,-0.688263
19123.714350,-0.018112,-0.054337,-0.778824
19123.724624,-0.126785,-0.144897,-0.869385
19123.734505,-0.181122,-0.217346,-1.014282
19123.746013,-0.253571,-0.307907,-1.267853
19123.754420,-0.253571,-0.597702,-1.068619
19123.764044,-0.072449,-0.996170,-0.724487
19123.774132,0.326019,-1.340302,-0.851273
19123.784191,0.344131,-1.684433,-0.398468
19123.796169,0.507141,-1.847443,-0.652039
19123.805439,0.670151,-1.956116,-1.068619
19123.815613,0.543365,-1.702545,-0.652039
19123.825757,0.344131,-1.195404,-0.380356
19123.836459,0.126785,-0.742599,-0.470917
19123.846218,0.072449,-0.579590,-0.416580
19123.856428,0.126785,-0.615814,-0.416580
19123.866594,0.126785,-0.760712,-0.452805
19123.876748,0.126785,-0.941833,-0.362244
19123.887057,0.108673,-1.086731,-0.199234
19123.897130,0.072449,-1.159180,-0.108673
19123.907313,0.036224,-1.177292,-0.108673
19123.917505,-0.054337,-1.159180,0.072449
19123.927674,-0.217346,-1.195404,0.090561
19123.937816,-0.253571,-1.249741,0.018112
19123.948038,-0.307907,-1.285965,-0.018112
19123.958267,-0.326019,-1.249741,0.000000
19123.968414,-0.289795,-1.249741,-0.072449
19123.978106,-0.289795,-1.231628,-0.163010
19123.988880,-0.217346,-1.122955,-0.235458
19123.998424,-0.108673,-1.032394,-0.253571
19124.009104,-0.018112,-0.959946,-0.199234
19124.019351,0.054337,-0.905609,-0.163010
19124.028734,0.090561,-0.851273,-0.126785
19124.039600,0.144897,-0.815048,-0.090561
19124.049774,0.199234,-0.796936,-0.036224
19124.060003,0.235458,-0.815048,0.018112
19124.070170,0.217346,-0.796936,0.054337
19124.080366,0.181122,-0.778824,0.054337
19124.090548,0.126785,-0.778824,0.036224
19124.100699,0.090561,-0.815048,-0.054337
19124.110915,0.036224,-0.851273,-0.072449
19124.121130,-0.054337,-0.869385,-0.108673
19124.131275,-0.072449,-0.851273,-0.181122
19124.141450,-0.126785,-0.833160,-0.217346
19124.151622,-0.108673,-0.851273,-0.235458
19124.162015,0.018112,-0.869385,-0.253571
19124.172192,0.018112,-0.851273,-0.217346
19124.182374,0.108673,-0.869385,-0.253571
19124.192540,0.217346,-0.869385,-0.289795
19124.202765,0.253571,-0.815048,-0.289795
19124.212926,0.199234,-0.796936,-0.181122
19124.223112,0.108673,-0.815048,-0.072449
19124.233291,0.018112,-0.869385,-0.054337
19124.243471,-0.090561,-0.923721,-0.108673
19124.253625,-0.108673,-0.959946,-0.181122
19124.263879,-0.163010,-0.996170,-0.181122
19124.274007,-0.217346,-0.996170,-0.199234
19124.284214,-0.235458,-1.050507,-0.163010
19124.294360,-0.199234,-1.068619,-0.126785
19124.304550,0.018112,-1.104843,-0.163010
19124.314747,0.181122,-1.159180,-0.271683
19124.324933,0.163010,-1.213516,-0.344131
19124.335127,-0.036224,-1.430862,-0.217346
19124.345308,0.018112,-1.412750,-0.271683
19124.355496,0.090561,-1.503311,-0.217346
19124.365703,0.217346,-1.593872,-0.126785
19124.375890,0.380356,-1.503311,-0.036224
19124.386042,0.452805,-1.340302,0.199234
19124.396220,0.543365,-1.358414,0.217346
19124.406397,0.507141,-1.376526,0.144897
19124.416637,0.398468,-1.358414,0.090561
19124.426813,0.289795,-1.322189,0.054337
19124.437000,0.181122,-1.213516,0.018112
19124.447189,0.090561,-1.141068,-0.018112
19124.457376,0.054337,-1.177292,-0.090561
19124.467561,0.018112,-1.159180,-0.163010
19124.477204,-0.018112,-1.231628,-0.199234
19124.488089,-0.054337,-1.195404,-0.307907
19124.497594,-0.054337,-1.213516,-0.380356
19124.508332,-0.072449,-1.141068,-0.434692
19124.518570,-0.054337,-1.141068,-0.470917
19124.528354,-0.036224,-1.104843,-0.380356
19124.538990,0.072449,-0.996170,-0.199234
19124.549121,0.181122,-0.996170,0.126785
19124.559305,0.253571,-0.996170,0.380356
19124.569552,0.307907,-0.923721,0.507141
19124.579729,0.289795,-0.869385,0.525253
19124.589928,0.271683,-0.760712,0.434692
19124.600066,0.289795,-0.724487,0.380356
19124.610342,0.253571,-0.633926,0.235458
19124.620508,0.199234,-0.724487,0.126785
19124.630653,0.181122,-0.796936,-0.018112
19124.640859,0.163010,-0.869385,-0.108673
19124.651069,0.163010,-0.851273,-0.199234
19124.661261,0.108673,-0.851273,-0.307907
19124.671424,0.054337,-0.815048,-0.326019
19124.681532,0.036224,-0.833160,-0.271683
19124.691622,0.054337,-0.887497,-0.163010
19124.701938,0.108673,-1.032394,-0.126785
19124.712176,0.126785,-0.941833,-0.090561
19124.722365,0.144897,-0.851273,-0.163010
19124.732546,0.108673,-0.724487,-0.126785
19124.742698,0.090561,-0.633926,-0.108673
19124.752960,0.090561,-0.670151,-0.090561
19124.763186,0.108673,-0.760712,-0.072449
19124.773387,0.144897,-0.923721,-0.018112
19124.783576,0.126785,-1.014282,-0.090561
19124.793748,0.054337,-0.978058,-0.289795
19124.803992,-0.036224,-0.923721,-0.362244
19124.814077,-0.090561,-0.887497,-0.362244
19124.824328,-0.126785,-0.887497,-0.344131
19124.834512,-0.126785,-0.941833,-0.326019
19124.844693,-0.090561,-0.959946,-0.235458
19124.854886,-0.018112,-0.887497,-0.235458
19124.865061,0.054337,-0.851273,-0.217346
19124.875293,0.126785,-0.833160,-0.163010
19124.885421,0.199234,-0.851273,-0.144897
19124.895616,0.253571,-0.833160,-0.181122
19124.905849,0.271683,-0.851273,-0.235458
19124.916012,0.289795,-0.724487,-0.344131
19124.926205,0.326019,-0.724487,-0.253571
19124.936347,0.289795,-0.869385,-0.199234
19124.946556,0.199234,-0.724487,-0.271683
19124.956734,0.126785,-0.597702,-0.271683
19124.966866,0.108673,-0.543365,-0.289795
19124.976517,0.108673,-0.561478,-0.326019
19124.986169,0.108673,-0.597702,-0.380356
19124.996663,0.108673,-0.597702,-0.452805
19125.007506,0.090561,-0.615814,-0.489029
19125.017630,0.036224,-0.670151,-0.579590
19125.027735,-0.018112,-0.688263,-0.688263
19125.038021,-0.072449,-0.815048,-0.724487
19125.048182,-0.072449,-0.978058,-0.706375
19125.058373,-0.108673,-1.122955,-0.706375
19125.068565,-0.090561,-1.213516,-0.796936
19125.078771,-0.018112,-1.213516,-0.869385
19125.088969,0.072449,-1.032394,-0.796936
19125.099111,0.253571,-0.996170,-0.760712
19125.109325,0.362244,-1.050507,-0.652039
19125.119546,0.489029,-1.141068,-0.289795
19125.129700,0.525253,-0.796936,0.126785
19125.139891,0.326019,-0.199234,0.344131
19125.150135,0.054337,0.036224,0.235458
19125.160303,-0.018112,-0.380356,-0.054337
19125.170509,-0.072449,-1.195404,-0.181122
19125.180774,-0.126785,-1.847443,-0.253571
19125.190934,-0.108673,-1.811218,-0.307907
19125.201068,-0.036224,-1.285965,-0.235458
19125.211315,0.163010,-0.978058,-0.163010
19125.221467,0.326019,-0.905609,-0.144897
19125.231589,0.271683,-0.706375,-0.054337
19125.241606,0.144897,-0.615814,0.054337
19125.251961,0.217346,-0.778824,0.054337
19125.262206,0.126785,-0.978058,0.018112
19125.272351,0.018112,-1.122955,-0.054337
19125.282566,-0.072449,-1.322189,-0.072449
19125.292732,-0.126785,-1.448975,-0.090561
19125.302878,-0.144897,-1.448975,-0.072449
19125.313109,-0.163010,-1.213516,-0.018112
19125.323296,-0.126785,-0.887497,-0.018112
19125.333473,-0.108673,-0.742599,0.018112
19125.343669,-0.108673,-0.724487,0.054337
19125.353849,-0.108673,-0.796936,0.054337
19125.364038,-0.108673,-0.869385,0.072449
19125.374225,-0.090561,-0.887497,0.090561
19125.384395,-0.072449,-0.905609,0.090561
19125.394625,-0.018112,-0.923721,0.144897
19125.404824,0.054337,-0.905609,0.181122
19125.414981,0.163010,-0.959946,0.271683
19125.425177,0.362244,-0.760712,0.271683
19125.435347,0.452805,-0.760712,0.271683
19125.445534,0.362244,-0.923721,0.289795
19125.455719,0.253571,-0.851273,0.199234
19125.465862,0.181122,-0.905609,0.072449
