7211.262365,0.126785,-1.086731,-0.217346
7211.273191,0.144897,-1.104843,-0.199234
7211.282969,0.163010,-1.068619,-0.181122
7211.292417,0.181122,-1.050507,-0.199234
7211.303114,0.181122,-1.032394,-0.181122
7211.312846,0.181122,-0.996170,-0.163010
7211.323158,0.144897,-0.996170,-0.144897
7211.333327,0.126785,-0.996170,-0.126785
7211.343059,0.108673,-1.014282,-0.126785
7211.353598,0.108673,-1.014282,-0.126785
7211.364326,0.126785,-1.032394,-0.163010
7211.373693,0.126785,-1.032394,-0.163010
7211.383904,0.108673,-1.032394,-0.181122
7211.394017,0.126785,-1.032394,-0.181122
7211.404158,0.126785,-1.032394,-0.181122
7211.415209,0.144897,-1.032394,-0.181122
7211.424705,0.163010,-1.032394,-0.181122
7211.434644,0.163010,-0.996170,-0.181122
7211.444580,0.163010,-1.014282,-0.181122
7211.454881,0.163010,-1.050507,-0.163010
7211.465760,0.163010,-1.032394,-0.144897
7211.475317,0.144897,-1.032394,-0.163010
7211.485273,0.144897,-0.996170,-0.144897
7211.495814,0.144897,-0.978058,-0.144897
7211.505442,0.108673,-0.996170,-0.144897
7211.516157,0.126785,-0.996170,-0.144897
7211.525542,0.126785,-1.032394,-0.144897
7211.535870,0.144897,-1.050507,-0.163010
7211.546612,0.163010,-1.050507,-0.181122
7211.555840,0.181122,-1.050507,-0.199234
7211.566420,0.181122,-1.032394,-0.199234
7211.576477,0.199234,-0.996170,-0.181122
7211.587166,0.181122,-0.996170,-0.163010
7211.597308,0.181122,-0.996170,-0.144897
7211.607475,0.163010,-1.014282,-0.126785
7211.616941,0.163010,-1.032394,-0.144897
7211.627690,0.144897,-1.032394,-0.144897
7211.637787,0.144897,-1.032394,-0.163010
7211.647885,0.108673,-1.032394,-0.163010
7211.658089,0.126785,-1.014282,-0.163010
7211.668536,0.126785,-1.014282,-0.181122
7211.678050,0.126785,-1.014282,-0.181122
7211.687668,0.126785,-1.050507,-0.217346
7211.699114,0.144897,-1.032394,-0.199234
7211.708237,0.144897,-1.032394,-0.163010
7211.719145,0.144897,-1.032394,-0.144897
7211.729303,0.126785,-1.014282,-0.163010
7211.739516,0.126785,-1.014282,-0.163010
7211.749757,0.126785,-1.014282,-0.181122
7211.759848,0.126785,-1.014282,-0.181122
7211.770037,0.144897,-1.014282,-0.181122
7211.780160,0.181122,-1.032394,-0.199234
7211.790360,0.181122,-1.014282,-0.181122
7211.800629,0.181122,-1.032394,-0.181122
7211.810751,0.163010,-1.014282,-0.181122
7211.820948,0.144897,-1.032394,-0.181122
7211.831130,0.126785,-1.032394,-0.181122
7211.841314,0.108673,-1.050507,-0.181122
7211.851463,0.126785,-1.014282,-0.181122
7211.861681,0.126785,-1.014282,-0.163010
7211.871879,0.144897,-1.014282,-0.181122
7211.882021,0.163010,-1.014282,-0.181122
7211.892211,0.163010,-1.014282,-0.199234
7211.902379,0.163010,-1.032394,-0.199234
7211.912679,0.144897,-1.050507,-0.181122
7211.922851,0.126785,-1.032394,-0.181122
7211.933075,0.126785,-1.014282,-0.163010
7211.943227,0.126785,-1.014282,-0.163010
7211.953345,0.126785,-1.014282,-0.163010
7211.963544,0.126785,-1.032394,-0.163010
7211.973804,0.144897,-1.014282,-0.181122
7211.983933,0.144897,-1.032394,-0.199234
7211.994082,0.126785,-1.050507,-0.199234
7212.004255,0.144897,-1.050507,-0.199234
7212.014475,0.144897,-1.032394,-0.181122
7212.024635,0.163010,-1.032394,-0.144897
7212.034851,0.144897,-0.996170,-0.126785
7212.045044,0.144897,-0.996170,-0.144897
7212.055209,0.126785,-0.996170,-0.144897
7212.065396,0.108673,-1.014282,-0.181122
7212.075561,0.108673,-1.032394,-0.163010
7212.085780,0.108673,-1.032394,-0.163010
7212.095963,0.126785,-1.068619,-0.163010
7212.106180,0.126785,-1.068619,-0.163010
7212.116374,0.126785,-1.068619,-0.181122
7212.126578,0.126785,-1.032394,-0.199234
7212.136752,0.126785,-1.014282,-0.181122
7212.146906,0.126785,-1.014282,-0.163010
7212.157206,0.126785,-0.996170,-0.144897
7212.167673,0.126785,-0.996170,-0.144897
7212.176846,0.126785,-0.996170,-0.144897
7212.187750,0.144897,-1.014282,-0.144897
7212.197615,0.126785,-1.032394,-0.163010
7212.207237,0.144897,-1.050507,-0.181122
7212.217836,0.144897,-1.032394,-0.199234
7212.228050,0.126785,-1.050507,-0.199234
7212.238095,0.126785,-1.032394,-0.181122
7212.248599,0.108673,-1.032394,-0.181122
7212.258712,0.126785,-1.014282,-0.163010
7212.269109,0.126785,-1.014282,-0.144897
7212.278865,0.126785,-1.014282,-0.144897
7212.289064,0.144897,-0.996170,-0.126785
7212.299200,0.144897,-1.014282,-0.144897
7212.309346,0.126785,-1.032394,-0.163010
7212.319613,0.126785,-1.014282,-0.163010
7212.329785,0.144897,-1.032394,-0.199234
7212.339964,0.144897,-1.032394,-0.199234
7212.350099,0.144897,-1.032394,-0.199234
7212.360231,0.163010,-1.032394,-0.199234
7212.370416,0.163010,-1.032394,-0.181122
7212.380603,0.144897,-1.014282,-0.163010
7212.390777,0.144897,-1.032394,-0.163010
7212.401025,0.163010,-1.050507,-0.144897
7212.410464,0.144897,-1.032394,-0.163010
7212.420822,0.144897,-1.032394,-0.163010
7212.431434,0.126785,-1.014282,-0.163010
7212.441587,0.126785,-1.014282,-0.163010
7212.451716,0.144897,-0.996170,-0.144897
7212.461933,0.144897,-1.014282,-0.144897
7212.472074,0.144897,-1.014282,-0.163010
7212.482256,0.144897,-1.032394,-0.163010
7212.492436,0.144897,-1.032394,-0.181122
7212.502660,0.144897,-1.032394,-0.163010
7212.512864,0.144897,-1.032394,-0.144897
7212.523022,0.126785,-1.032394,-0.163010
7212.533180,0.126785,-1.014282,-0.144897
7212.543368,0.126785,-1.032394,-0.163010
7212.553506,0.108673,-1.050507,-0.163010
7212.563724,0.126785,-1.050507,-0.163010
7212.573913,0.126785,-1.050507,-0.163010
7212.584090,0.126785,-1.050507,-0.144897
7212.594328,0.108673,-1.032394,-0.144897
7212.604476,0.108673,-1.014282,-0.144897
7212.614680,0.126785,-1.014282,-0.144897
7212.624873,0.126785,-1.014282,-0.126785
7212.635060,0.126785,-1.032394,-0.126785
7212.645252,0.144897,-1.032394,-0.144897
7212.655399,0.126785,-1.050507,-0.163010
7212.665588,0.126785,-1.050507,-0.163010
7212.675182,0.126785,-1.068619,-0.163010
7212.684843,0.126785,-1.068619,-0.163010
7212.696036,0.144897,-1.050507,-0.144897
7212.705508,0.126785,-1.032394,-0.144897
7212.716266,0.126785,-1.014282,-0.126785
7212.726566,0.108673,-0.996170,-0.126785
7212.736722,0.126785,-1.014282,-0.126785
7212.746930,0.144897,-0.996170,-0.126785
7212.757056,0.126785,-1.032394,-0.144897
7212.767261,0.144897,-1.032394,-0.144897
7212.777662,0.144897,-1.032394,-0.163010
7212.787707,0.144897,-1.032394,-0.144897
7212.797823,0.163010,-1.032394,-0.144897
7212.807977,0.144897,-1.032394,-0.144897
7212.818398,0.144897,-1.014282,-0.126785
7212.828594,0.126785,-1.014282,-0.126785
7212.838771,0.126785,-1.014282,-0.108673
7212.848963,0.126785,-1.014282,-0.126785
7212.859096,0.126785,-1.032394,-0.126785
7212.869832,0.126785,-1.032394,-0.144897
7212.880511,0.126785,-1.050507,-0.163010
7212.889859,0.126785,-1.050507,-0.163010
7212.900002,0.144897,-1.032394,-0.163010
7212.910155,0.144897,-1.032394,-0.144897
7212.920378,0.144897,-1.032394,-0.126785
7212.930562,0.126785,-1.014282,-0.126785
7212.940737,0.144897,-0.996170,-0.126785
7212.950883,0.126785,-1.014282,-0.126785
7212.961150,0.126785,-1.032394,-0.126785
7212.971254,0.108673,-1.032394,-0.126785
7212.981474,0.126785,-1.032394,-0.126785
7212.991654,0.144897,-1.050507,-0.144897
7213.001904,0.163010,-1.050507,-0.163010
7213.012090,0.163010,-1.032394,-0.144897
7213.022191,0.163010,-1.032394,-0.144897
7213.032483,0.144897,-1.032394,-0.126785
7213.042579,0.144897,-1.032394,-0.108673
7213.052734,0.144897,-1.032394,-0.108673
7213.063020,0.144897,-0.996170,-0.108673
7213.073129,0.163010,-1.014282,-0.126785
7213.083387,0.144897,-1.014282,-0.126785
7213.093467,0.163010,-1.014282,-0.144897
7213.103642,0.163010,-1.032394,-0.144897
7213.113722,0.181122,-1.032394,-0.163010
7213.123913,0.163010,-1.032394,-0.144897
7213.134227,0.163010,-1.032394,-0.163010
7213.144377,0.163010,-1.014282,-0.144897
7213.154132,0.144897,-1.014282,-0.126785
7213.164721,0.126785,-1.032394,-0.126785
7213.174447,0.126785,-1.014282,-0.108673
7213.183984,0.126785,-1.032394,-0.126785
7213.195292,0.126785,-1.032394,-0.163010
7213.204543,0.126785,-1.032394,-0.163010
7213.215655,0.144897,-1.032394,-0.181122
7213.225752,0.144897,-1.032394,-0.163010
7213.235945,0.163010,-1.050507,-0.144897
7213.246163,0.144897,-1.050507,-0.144897
7213.256312,0.126785,-1.050507,-0.144897
7213.266515,0.144897,-1.032394,-0.126785
7213.276658,0.144897,-1.014282,-0.126785
7213.286860,0.144897,-1.014282,-0.108673
7213.297018,0.144897,-1.014282,-0.126785
7213.307196,0.163010,-1.014282,-0.126785
7213.317431,0.163010,-1.032394,-0.126785
7213.327639,0.144897,-1.050507,-0.144897
7213.337754,0.163010,-1.032394,-0.144897
7213.347848,0.163010,-1.032394,-0.144897
7213.357947,0.144897,-1.032394,-0.144897
7213.368029,0.144897,-1.014282,-0.144897
7213.378390,0.126785,-1.032394,-0.108673
7213.388592,0.108673,-1.032394,-0.126785
7213.398725,0.108673,-1.032394,-0.126785
7213.408904,0.126785,-1.050507,-0.144897
7213.419128,0.144897,-1.032394,-0.144897
7213.429313,0.163010,-1.032394,-0.144897
7213.439509,0.163010,-1.032394,-0.144897
7213.449649,0.144897,-1.014282,-0.144897
7213.459815,0.144897,-1.032394,-0.144897
7213.470005,0.144897,-1.014282,-0.144897
7213.480187,0.144897,-1.014282,-0.108673
7213.490391,0.144897,-1.032394,-0.126785
7213.500557,0.163010,-1.032394,-0.144897
7213.510721,0.181122,-1.050507,-0.163010
7213.520948,0.163010,-1.050507,-0.144897
7213.531160,0.163010,-1.032394,-0.144897
7213.541325,0.163010,-1.032394,-0.163010
7213.551511,0.163010,-1.032394,-0.144897
7213.561650,0.163010,-1.014282,-0.144897
7213.571865,0.144897,-1.014282,-0.144897
7213.582059,0.144897,-1.014282,-0.108673
7213.592247,0.126785,-1.014282,-0.108673
7213.602464,0.126785,-1.014282,-0.108673
7213.612559,0.126785,-1.014282,-0.126785
7213.622779,0.144897,-1.032394,-0.144897
7213.632978,0.163010,-1.032394,-0.163010
7213.643163,0.163010,-1.032394,-0.163010
7213.653314,0.163010,-1.032394,-0.144897
7213.663478,0.144897,-1.050507,-0.163010
7213.673045,0.144897,-1.032394,-0.144897
7213.682801,0.126785,-1.032394,-0.126785
7213.694020,0.126785,-1.014282,-0.126785
7213.703502,0.126785,-1.014282,-0.126785
7213.714311,0.126785,-1.014282,-0.126785
7213.724504,0.144897,-1.014282,-0.126785
7213.734440,0.163010,-1.032394,-0.144897
7213.744749,0.163010,-1.032394,-0.163010
7213.754890,0.144897,-1.050507,-0.163010
7213.765185,0.163010,-1.050507,-0.144897
7213.775247,0.163010,-1.032394,-0.144897
7213.785471,0.144897,-1.014282,-0.126785
7213.795621,0.144897,-1.014282,-0.126785
7213.805814,0.144897,-1.014282,-0.126785
7213.816151,0.144897,-0.996170,-0.144897
7213.826250,0.144897,-1.032394,-0.144897
7213.836432,0.144897,-1.014282,-0.144897
7213.846613,0.144897,-1.032394,-0.144897
7213.856779,0.144897,-1.050507,-0.144897
7213.867195,0.144897,-1.068619,-0.163010
7213.877384,0.144897,-1.050507,-0.144897
7213.887579,0.144897,-1.032394,-0.144897
7213.897725,0.144897,-1.014282,-0.126785
7213.907978,0.144897,-0.996170,-0.108673
7213.918335,0.126785,-0.996170,-0.108673
7213.928466,0.144897,-0.996170,-0.108673
7213.938619,0.144897,-1.014282,-0.126785
7213.948755,0.144897,-1.032394,-0.144897
7213.958938,0.144897,-1.032394,-0.163010
7213.969194,0.163010,-1.032394,-0.144897
7213.979339,0.163010,-1.050507,-0.163010
7213.989542,0.163010,-1.032394,-0.144897
7213.999673,0.126785,-1.032394,-0.126785
7214.009843,0.144897,-1.014282,-0.126785
7214.019956,0.144897,-1.014282,-0.126785
7214.030076,0.144897,-1.014282,-0.126785
7214.040311,0.144897,-1.014282,-0.144897
7214.050505,0.144897,-1.014282,-0.144897
7214.060651,0.163010,-1.032394,-0.163010
7214.070869,0.144897,-1.032394,-0.163010
7214.081014,0.163010,-1.032394,-0.144897
7214.091238,0.163010,-1.032394,-0.144897
7214.101375,0.144897,-1.050507,-0.144897
7214.111545,0.163010,-1.032394,-0.126785
7214.121785,0.144897,-1.014282,-0.126785
7214.131967,0.126785,-1.014282,-0.126785
7214.142152,0.144897,-1.014282,-0.126785
7214.152292,0.144897,-1.014282,-0.126785
7214.162560,0.144897,-1.032394,-0.144897
7214.172478,0.144897,-1.032394,-0.163010
7214.181956,0.163010,-1.032394,-0.144897
7214.196713,0.163010,-1.050507,-0.144897
7214.212367,0.163010,-1.032394,-0.144897
7214.222411,0.144897,-1.032394,-0.126785
7214.232554,0.108673,-1.014282,-0.144897
7214.242530,0.108673,-1.032394,-0.126785
7214.252606,0.108673,-1.014282,-0.108673
7214.262668,0.126785,-1.032394,-0.126785
7214.272748,0.144897,-1.014282,-0.144897
7214.282834,0.181122,-1.014282,-0.144897
7214.292928,0.163010,-1.032394,-0.126785
7214.303011,0.163010,-1.014282,-0.144897
7214.313107,0.163010,-1.014282,-0.126785
7214.323207,0.144897,-1.032394,-0.144897
7214.333301,0.144897,-1.032394,-0.144897
7214.343380,0.144897,-1.032394,-0.126785
7214.353459,0.126785,-1.032394,-0.144897
7214.364541,0.126785,-1.032394,-0.144897
7214.374713,0.126785,-1.032394,-0.126785
7214.384907,0.144897,-1.014282,-0.144897
7214.395029,0.163010,-1.014282,-0.144897
7214.405233,0.163010,-1.014282,-0.144897
7214.415407,0.144897,-1.032394,-0.144897
7214.425622,0.126785,-1.032394,-0.144897
7214.435816,0.144897,-1.032394,-0.144897
7214.445993,0.126785,-1.032394,-0.126785
7214.456195,0.126785,-1.032394,-0.126785
7214.466370,0.144897,-1.014282,-0.108673
7214.476643,0.144897,-1.032394,-0.144897
7214.486928,0.163010,-1.014282,-0.144897
7214.497070,0.163010,-1.014282,-0.163010
7214.507243,0.181122,-1.014282,-0.144897
7214.517425,0.163010,-1.032394,-0.144897
7214.527618,0.163010,-1.032394,-0.126785
7214.537790,0.144897,-1.032394,-0.126785
7214.547867,0.144897,-1.014282,-0.144897
7214.558006,0.126785,-1.032394,-0.126785
7214.568355,0.126785,-1.014282,-0.126785
7214.578572,0.144897,-1.014282,-0.126785
7214.588866,0.144897,-1.014282,-0.126785
7214.598986,0.144897,-1.032394,-0.144897
7214.609178,0.163010,-1.032394,-0.144897
7214.619310,0.181122,-1.032394,-0.144897
7214.629532,0.181122,-1.032394,-0.144897
7214.639734,0.126785,-1.050507,-0.126785
7214.649859,0.126785,-1.032394,-0.108673
7214.660059,0.126785,-1.014282,-0.108673
7214.670490,0.126785,-1.014282,-0.126785
7214.679907,0.144897,-1.014282,-0.126785
7214.690746,0.126785,-1.014282,-0.144897
7214.700117,0.144897,-1.014282,-0.126785
7214.710945,0.126785,-1.014282,-0.126785
7214.721216,0.144897,-1.032394,-0.126785
7214.731284,0.144897,-1.050507,-0.144897
7214.741508,0.163010,-1.050507,-0.144897
7214.751647,0.163010,-1.032394,-0.126785
7214.761808,0.144897,-1.032394,-0.126785
7214.772072,0.144897,-1.032394,-0.108673
7214.782256,0.144897,-1.014282,-0.126785
7214.792373,0.126785,-1.032394,-0.126785
7214.802520,0.144897,-1.014282,-0.126785
7214.812689,0.144897,-1.032394,-0.126785
7214.822803,0.144897,-1.014282,-0.144897
7214.832982,0.163010,-1.014282,-0.144897
7214.843129,0.144897,-1.032394,-0.126785
7214.853513,0.163010,-1.032394,-0.126785
7214.863608,0.163010,-1.032394,-0.126785
7214.873780,0.163010,-1.014282,-0.126785
7214.883928,0.163010,-1.014282,-0.126785
7214.894152,0.163010,-1.014282,-0.126785
7214.904380,0.163010,-1.014282,-0.144897
7214.914474,0.163010,-1.014282,-0.108673
7214.924705,0.163010,-1.014282,-0.144897
7214.934903,0.163010,-1.032394,-0.144897
7214.945063,0.163010,-1.014282,-0.126785
7214.955367,0.163010,-1.032394,-0.144897
7214.965426,0.163010,-1.032394,-0.126785
7214.975607,0.144897,-1.014282,-0.126785
7214.985848,0.144897,-1.014282,-0.126785
7214.996021,0.144897,-1.032394,-0.108673
7215.006198,0.126785,-1.032394,-0.126785
7215.016330,0.126785,-1.032394,-0.144897
7215.026503,0.144897,-1.032394,-0.126785
7215.037278,0.144897,-1.032394,-0.126785
7215.047111,0.144897,-1.032394,-0.144897
7215.057255,0.163010,-1.032394,-0.144897
7215.067434,0.163010,-1.032394,-0.144897
7215.077595,0.163010,-1.014282,-0.126785
7215.087786,0.144897,-0.996170,-0.126785
7215.097873,0.144897,-1.014282,-0.126785
7215.107993,0.144897,-1.014282,-0.126785
7215.118364,0.144897,-1.014282,-0.126785
7215.128589,0.163010,-1.032394,-0.126785
7215.138763,0.163010,-1.032394,-0.144897
7215.148929,0.163010,-1.032394,-0.144897
7215.158486,0.163010,-1.032394,-0.144897
7215.169219,0.163010,-1.014282,-0.108673
7215.178927,0.163010,-1.032394,-0.126785
7215.189717,0.181122,-1.032394,-0.108673
7215.199385,0.163010,-1.032394,-0.126785
7215.210019,0.163010,-1.032394,-0.126785
7215.220165,0.163010,-1.014282,-0.126785
7215.230352,0.163010,-1.032394,-0.126785
7215.240556,0.163010,-1.032394,-0.108673
7215.250728,0.163010,-1.014282,-0.108673
7215.260822,0.163010,-1.014282,-0.126785
7215.270941,0.163010,-1.032394,-0.144897
7215.281189,0.163010,-1.032394,-0.144897
7215.291339,0.181122,-1.032394,-0.144897
7215.301479,0.163010,-1.014282,-0.126785
7215.311716,0.163010,-1.014282,-0.126785
7215.321862,0.163010,-1.014282,-0.126785
7215.332080,0.144897,-1.032394,-0.126785
7215.342259,0.163010,-1.050507,-0.126785
7215.352441,0.163010,-1.032394,-0.144897
7215.362634,0.163010,-1.032394,-0.144897
7215.372866,0.163010,-1.014282,-0.144897
7215.382997,0.163010,-1.032394,-0.126785
7215.393182,0.163010,-1.050507,-0.126785
7215.403328,0.163010,-1.050507,-0.126785
7215.413542,0.163010,-1.050507,-0.108673
7215.423816,0.181122,-1.014282,-0.108673
7215.433931,0.163010,-1.014282,-0.126785
7215.444103,0.163010,-0.996170,-0.108673
7215.454367,0.163010,-1.014282,-0.108673
7215.464458,0.144897,-1.014282,-0.108673
7215.474723,0.163010,-1.032394,-0.108673
7215.484829,0.163010,-1.050507,-0.108673
7215.495076,0.144897,-1.050507,-0.126785
7215.505292,0.144897,-1.050507,-0.108673
7215.515395,0.144897,-1.050507,-0.126785
7215.525446,0.163010,-1.032394,-0.126785
7215.535673,0.144897,-1.032394,-0.126785
7215.546141,0.163010,-1.014282,-0.126785
7215.556216,0.144897,-1.032394,-0.126785
7215.566339,0.144897,-1.014282,-0.108673
7215.576558,0.126785,-1.014282,-0.108673
7215.586749,0.144897,-1.014282,-0.108673
7215.596890,0.126785,-1.032394,-0.126785
7215.607105,0.144897,-1.032394,-0.126785
7215.617247,0.144897,-1.032394,-0.126785
7215.627457,0.144897,-1.032394,-0.126785
7215.637678,0.126785,-1.032394,-0.126785
7215.647787,0.126785,-1.014282,-0.108673
7215.657960,0.126785,-1.032394,-0.144897
7215.667988,0.144897,-1.032394,-0.126785
7215.677642,0.144897,-1.032394,-0.126785
7215.687327,0.144897,-1.032394,-0.144897
7215.697354,0.144897,-1.032394,-0.126785
7215.707410,0.144897,-1.032394,-0.126785
7215.718567,0.144897,-1.032394,-0.126785
7215.728744,0.126785,-1.032394,-0.108673
7215.738932,0.126785,-1.032394,-0.108673
7215.749260,0.144897,-1.014282,-0.108673
7215.759279,0.144897,-1.032394,-0.126785
7215.769419,0.144897,-1.032394,-0.126785
7215.779576,0.163010,-1.014282,-0.108673
7215.789810,0.181122,-1.032394,-0.108673
7215.799966,0.181122,-1.050507,-0.108673
7215.810162,0.181122,-1.032394,-0.090561
7215.820308,0.163010,-1.014282,-0.090561
7215.830528,0.144897,-1.014282,-0.108673
7215.840719,0.163010,-1.014282,-0.108673
7215.850900,0.163010,-1.014282,-0.090561
7215.861094,0.163010,-0.996170,-0.090561
7215.871238,0.181122,-1.014282,-0.090561
7215.881392,0.181122,-1.032394,-0.090561
7215.891640,0.181122,-1.032394,-0.108673
7215.901783,0.199234,-1.032394,-0.108673
7215.912067,0.181122,-1.032394,-0.108673
7215.922186,0.181122,-1.032394,-0.108673
7215.932387,0.181122,-1.014282,-0.090561
7215.942576,0.181122,-1.014282,-0.108673
7215.952713,0.181122,-1.014282,-0.108673
7215.962919,0.181122,-1.014282,-0.090561
7215.973238,0.181122,-1.032394,-0.108673
7215.983434,0.181122,-1.032394,-0.108673
7215.993521,0.181122,-1.050507,-0.108673
7216.002990,0.163010,-1.050507,-0.108673
7216.013912,0.163010,-1.050507,-0.108673
7216.023859,0.181122,-1.032394,-0.126785
7216.034049,0.163010,-1.014282,-0.108673
7216.044203,0.163010,-1.014282,-0.090561
7216.054421,0.163010,-0.996170,-0.090561
7216.064605,0.163010,-1.014282,-0.090561
7216.074757,0.163010,-1.014282,-0.108673
7216.084947,0.144897,-1.032394,-0.108673
7216.095193,0.144897,-1.032394,-0.108673
7216.105390,0.163010,-1.032394,-0.126785
7216.115676,0.163010,-1.032394,-0.108673
7216.125802,0.163010,-1.032394,-0.108673
7216.135966,0.163010,-1.032394,-0.108673
7216.146130,0.163010,-1.014282,-0.090561
7216.156643,0.144897,-1.032394,-0.108673
7216.166019,0.163010,-1.014282,-0.072449
7216.176231,0.163010,-1.032394,-0.108673
7216.185828,0.163010,-1.032394,-0.126785
7216.196952,0.181122,-1.032394,-0.108673
7216.206381,0.163010,-1.032394,-0.126785
7216.216684,0.181122,-1.032394,-0.108673
7216.227441,0.163010,-1.050507,-0.108673
7216.237544,0.144897,-1.050507,-0.108673
7216.247707,0.144897,-1.032394,-0.090561
7216.257829,0.163010,-1.032394,-0.072449
7216.267898,0.163010,-1.014282,-0.072449
7216.278008,0.163010,-1.014282,-0.090561
7216.288255,0.163010,-1.014282,-0.108673
7216.298396,0.163010,-1.014282,-0.108673
7216.308632,0.163010,-1.032394,-0.108673
7216.318774,0.163010,-1.032394,-0.108673
7216.328980,0.181122,-1.032394,-0.108673
7216.339157,0.163010,-1.050507,-0.090561
7216.349354,0.163010,-1.032394,-0.090561
7216.359746,0.144897,-1.014282,-0.090561
7216.369733,0.163010,-1.014282,-0.090561
7216.379937,0.163010,-1.014282,-0.108673
7216.390119,0.163010,-0.996170,-0.090561
7216.400244,0.163010,-0.996170,-0.108673
7216.410465,0.163010,-1.014282,-0.108673
7216.420600,0.181122,-1.032394,-0.090561
7216.430821,0.144897,-1.050507,-0.108673
7216.441016,0.163010,-1.050507,-0.090561
7216.451158,0.163010,-1.032394,-0.090561
7216.461379,0.163010,-1.032394,-0.072449
7216.471528,0.163010,-1.014282,-0.072449
7216.481702,0.163010,-1.014282,-0.090561
7216.491944,0.163010,-1.014282,-0.090561
7216.502076,0.163010,-1.014282,-0.090561
7216.512294,0.163010,-1.014282,-0.108673
7216.522442,0.163010,-1.014282,-0.108673
7216.532703,0.163010,-1.014282,-0.090561
7216.542852,0.163010,-1.014282,-0.090561
7216.553036,0.144897,-1.050507,-0.090561
7216.563219,0.163010,-1.050507,-0.090561
7216.573366,0.144897,-1.050507,-0.108673
7216.583594,0.144897,-1.032394,-0.090561
7216.593773,0.144897,-1.014282,-0.108673
7216.603916,0.163010,-1.014282,-0.108673
7216.614139,0.163010,-1.014282,-0.090561
7216.624280,0.144897,-1.050507,-0.090561
7216.634518,0.144897,-1.050507,-0.090561
7216.644713,0.144897,-1.032394,-0.108673
7216.654854,0.163010,-1.032394,-0.108673
7216.665040,0.144897,-1.032394,-0.108673
7216.674886,0.144897,-1.050507,-0.090561
7216.684326,0.144897,-1.050507,-0.090561
7216.695626,0.144897,-1.032394,-0.090561
7216.705433,0.144897,-1.032394,-0.108673
7216.715949,0.163010,-1.032394,-0.108673
7216.726022,0.163010,-1.014282,-0.090561
7216.736234,0.144897,-1.014282,-0.108673
7216.746419,0.144897,-1.032394,-0.090561
7216.756582,0.144897,-1.032394,-0.090561
7216.766768,0.144897,-1.032394,-0.090561
7216.776905,0.144897,-1.032394,-0.090561
7216.787129,0.144897,-1.032394,-0.090561
7216.797312,0.163010,-1.014282,-0.090561
7216.807583,0.144897,-1.032394,-0.108673
7216.817723,0.144897,-1.014282,-0.108673
7216.827983,0.144897,-1.032394,-0.108673
7216.838042,0.163010,-1.032394,-0.090561
7216.848405,0.144897,-1.050507,-0.108673
7216.858582,0.144897,-1.050507,-0.090561
7216.868767,0.144897,-1.032394,-0.090561
7216.878998,0.126785,-1.014282,-0.090561
7216.889163,0.144897,-1.014282,-0.090561
7216.899305,0.126785,-1.014282,-0.090561
7216.909407,0.126785,-1.014282,-0.108673
7216.919570,0.126785,-1.032394,-0.108673
7216.929853,0.126785,-1.032394,-0.108673
7216.939974,0.144897,-1.032394,-0.108673
7216.950104,0.144897,-1.050507,-0.108673
7216.960305,0.144897,-1.050507,-0.108673
7216.970465,0.163010,-1.032394,-0.108673
7216.980819,0.144897,-1.050507,-0.108673
7216.990842,0.163010,-1.032394,-0.090561
7217.000956,0.163010,-1.014282,-0.090561
7217.011114,0.163010,-1.014282,-0.108673
7217.021352,0.163010,-1.032394,-0.090561
7217.031575,0.163010,-1.014282,-0.090561
7217.041737,0.144897,-1.032394,-0.108673
7217.051907,0.163010,-1.050507,-0.090561
7217.062095,0.144897,-1.050507,-0.090561
7217.072236,0.163010,-1.050507,-0.090561
7217.082403,0.163010,-1.032394,-0.090561
7217.092649,0.163010,-0.996170,-0.072449
7217.102775,0.144897,-1.014282,-0.090561
7217.112962,0.144897,-0.996170,-0.090561
7217.123126,0.144897,-1.014282,-0.090561
7217.133384,0.144897,-1.014282,-0.090561
7217.143556,0.126785,-1.032394,-0.090561
7217.153691,0.144897,-1.050507,-0.090561
7217.163894,0.144897,-1.050507,-0.108673
7217.173505,0.163010,-1.050507,-0.108673
7217.183202,0.144897,-1.050507,-0.108673
7217.194529,0.144897,-1.014282,-0.090561
7217.203668,0.163010,-1.014282,-0.090561
7217.214613,0.163010,-1.032394,-0.090561
7217.224829,0.144897,-1.032394,-0.090561
7217.235155,0.144897,-1.032394,-0.108673
7217.245330,0.144897,-1.032394,-0.126785
7217.255500,0.144897,-1.050507,-0.108673
7217.265699,0.144897,-1.050507,-0.090561
7217.275838,0.126785,-1.032394,-0.090561
7217.286533,0.144897,-1.032394,-0.108673
7217.296559,0.163010,-1.014282,-0.090561
7217.306708,0.144897,-1.014282,-0.090561
7217.316889,0.163010,-1.014282,-0.090561
7217.327069,0.163010,-1.014282,-0.090561
7217.337323,0.163010,-1.032394,-0.126785
7217.347501,0.144897,-1.032394,-0.126785
7217.357674,0.144897,-1.050507,-0.108673
7217.367824,0.144897,-1.032394,-0.090561
7217.377877,0.126785,-1.050507,-0.108673
7217.388695,0.144897,-1.050507,-0.108673
7217.398435,0.144897,-1.032394,-0.090561
7217.408719,0.144897,-1.032394,-0.108673
7217.418175,0.163010,-1.014282,-0.108673
7217.428883,0.144897,-1.014282,-0.108673
7217.439027,0.163010,-1.014282,-0.126785
7217.449139,0.144897,-1.014282,-0.108673
7217.459353,0.144897,-1.032394,-0.108673
7217.469500,0.144897,-1.050507,-0.126785
7217.479762,0.144897,-1.050507,-0.108673
7217.489901,0.144897,-1.032394,-0.108673
7217.500076,0.144897,-1.032394,-0.090561
7217.510403,0.163010,-1.014282,-0.090561
7217.520515,0.163010,-1.014282,-0.108673
7217.530764,0.144897,-1.014282,-0.090561
7217.540892,0.144897,-1.032394,-0.108673
7217.551074,0.144897,-1.032394,-0.108673
7217.561259,0.144897,-1.032394,-0.108673
7217.571430,0.144897,-1.050507,-0.126785
7217.581717,0.144897,-1.032394,-0.108673
7217.591820,0.144897,-1.032394,-0.108673
7217.601957,0.126785,-1.032394,-0.108673
7217.612166,0.126785,-1.014282,-0.090561
7217.622344,0.126785,-1.014282,-0.090561
7217.632626,0.126785,-1.014282,-0.090561
7217.642745,0.144897,-1.014282,-0.108673
7217.652881,0.144897,-1.032394,-0.126785
7217.663063,0.144897,-1.014282,-0.126785
7217.672595,0.163010,-1.014282,-0.126785
7217.682338,0.163010,-1.032394,-0.126785
7217.693538,0.144897,-1.050507,-0.126785
7217.703054,0.144897,-1.050507,-0.126785
7217.713805,0.144897,-1.032394,-0.108673
7217.724017,0.144897,-1.032394,-0.108673
7217.733534,0.144897,-1.032394,-0.108673
7217.744199,0.144897,-1.014282,-0.108673
7217.754346,0.144897,-1.014282,-0.108673
7217.764540,0.144897,-1.032394,-0.108673
7217.774688,0.144897,-1.032394,-0.108673
7217.784905,0.144897,-1.050507,-0.126785
7217.795115,0.144897,-1.032394,-0.126785
7217.805243,0.144897,-1.032394,-0.108673
7217.815466,0.144897,-1.032394,-0.108673
7217.825622,0.144897,-1.014282,-0.108673
7217.835831,0.144897,-1.032394,-0.090561
7217.846058,0.126785,-1.032394,-0.090561
7217.856265,0.126785,-1.032394,-0.108673
7217.866385,0.144897,-1.032394,-0.108673
7217.877113,0.163010,-1.032394,-0.108673
7217.886842,0.163010,-1.014282,-0.108673
7217.897030,0.163010,-1.032394,-0.108673
7217.907241,0.163010,-1.032394,-0.108673
7217.917381,0.144897,-1.032394,-0.126785
7217.927544,0.144897,-1.032394,-0.108673
7217.937762,0.144897,-1.032394,-0.090561
7217.947903,0.144897,-1.032394,-0.108673
7217.958024,0.163010,-1.050507,-0.108673
7217.968412,0.144897,-1.032394,-0.108673
7217.978631,0.144897,-1.032394,-0.108673
7217.988724,0.144897,-1.014282,-0.108673
7217.998583,0.144897,-1.014282,-0.108673
7218.009206,0.181122,-1.014282,-0.108673
7218.019349,0.163010,-1.032394,-0.090561
7218.029441,0.144897,-1.032394,-0.090561
7218.039641,0.126785,-1.050507,-0.108673
7218.049819,0.126785,-1.050507,-0.108673
7218.060003,0.126785,-1.032394,-0.090561
7218.070182,0.144897,-1.032394,-0.108673
7218.080332,0.144897,-1.032394,-0.108673
7218.090560,0.144897,-1.032394,-0.108673
7218.100695,0.163010,-1.014282,-0.126785
7218.110996,0.163010,-1.032394,-0.108673
7218.121063,0.126785,-1.032394,-0.090561
7218.131266,0.126785,-1.032394,-0.090561
7218.141484,0.126785,-1.050507,-0.108673
7218.151631,0.126785,-1.032394,-0.108673
7218.161790,0.126785,-1.032394,-0.108673
7218.171927,0.108673,-1.032394,-0.108673
7218.181329,0.144897,-1.014282,-0.108673
7218.191674,0.126785,-1.032394,-0.126785
7218.201745,0.126785,-1.032394,-0.126785
7218.212506,0.144897,-1.014282,-0.108673
7218.222712,0.144897,-1.032394,-0.108673
7218.232762,0.144897,-1.050507,-0.108673
7218.243093,0.144897,-1.050507,-0.108673
7218.253223,0.144897,-1.032394,-0.090561
7218.263423,0.144897,-1.032394,-0.090561
7218.273566,0.144897,-1.032394,-0.090561
7218.283824,0.144897,-1.014282,-0.108673
7218.293973,0.144897,-1.032394,-0.108673
7218.304113,0.144897,-1.050507,-0.108673
7218.314369,0.144897,-1.032394,-0.108673
7218.324564,0.144897,-1.032394,-0.090561
7218.334819,0.163010,-1.032394,-0.108673
7218.344926,0.144897,-1.032394,-0.090561
7218.355123,0.126785,-1.032394,-0.090561
7218.365311,0.126785,-1.032394,-0.126785
7218.375483,0.126785,-1.032394,-0.108673
7218.385764,0.144897,-1.014282,-0.108673
7218.395877,0.144897,-1.014282,-0.090561
7218.406129,0.126785,-1.014282,-0.090561
7218.416301,0.163010,-1.032394,-0.108673
7218.426424,0.163010,-1.032394,-0.108673
7218.436520,0.163010,-1.050507,-0.090561
7218.446687,0.144897,-1.050507,-0.108673
7218.456866,0.144897,-1.032394,-0.108673
7218.467087,0.144897,-1.050507,-0.108673
7218.477256,0.144897,-1.032394,-0.108673
7218.487430,0.126785,-1.032394,-0.108673
7218.497665,0.144897,-1.014282,-0.090561
7218.507807,0.126785,-1.014282,-0.090561
7218.518017,0.144897,-0.996170,-0.090561
7218.528367,0.144897,-1.014282,-0.090561
7218.538594,0.144897,-1.014282,-0.090561
7218.548769,0.144897,-1.014282,-0.108673
7218.558953,0.163010,-1.032394,-0.108673
7218.569144,0.144897,-1.032394,-0.108673
7218.579286,0.163010,-1.032394,-0.108673
7218.589499,0.163010,-1.050507,-0.108673
7218.599690,0.163010,-1.050507,-0.108673
7218.609839,0.144897,-1.032394,-0.108673
7218.620056,0.163010,-1.014282,-0.090561
7218.630199,0.163010,-1.014282,-0.090561
7218.640416,0.163010,-1.014282,-0.090561
7218.650562,0.163010,-1.032394,-0.090561
7218.660855,0.144897,-1.032394,-0.108673
7218.671042,0.163010,-1.050507,-0.108673
7218.680671,0.144897,-1.050507,-0.108673
7218.691416,0.144897,-1.050507,-0.108673
7218.700856,0.144897,-1.032394,-0.090561
7218.711758,0.163010,-1.014282,-0.090561
7218.721886,0.163010,-1.014282,-0.090561
7218.732123,0.163010,-1.014282,-0.090561
7218.742234,0.144897,-1.032394,-0.108673
7218.752390,0.163010,-1.050507,-0.108673
7218.762580,0.163010,-1.050507,-0.108673
7218.772720,0.163010,-1.050507,-0.108673
7218.782971,0.163010,-1.032394,-0.090561
7218.793106,0.163010,-1.032394,-0.090561
7218.803251,0.144897,-1.014282,-0.072449
7218.813474,0.126785,-1.032394,-0.090561
7218.823659,0.126785,-1.014282,-0.072449
7218.833813,0.144897,-1.014282,-0.090561
7218.844046,0.144897,-1.032394,-0.108673
7218.854230,0.163010,-1.014282,-0.090561
7218.864411,0.144897,-1.032394,-0.108673
7218.874600,0.144897,-1.050507,-0.108673
7218.884739,0.144897,-1.050507,-0.108673
7218.894981,0.144897,-1.032394,-0.108673
7218.905144,0.126785,-1.032394,-0.090561
7218.915353,0.126785,-1.032394,-0.090561
7218.925556,0.144897,-1.032394,-0.108673
7218.935699,0.144897,-1.014282,-0.108673
7218.945881,0.144897,-1.014282,-0.108673
7218.956131,0.144897,-1.014282,-0.108673
7218.966349,0.144897,-1.014282,-0.108673
7218.976504,0.144897,-1.032394,-0.090561
7218.986781,0.126785,-1.032394,-0.108673
7218.996906,0.126785,-1.032394,-0.108673
7219.007054,0.126785,-1.032394,-0.108673
7219.017241,0.126785,-1.032394,-0.108673
7219.027429,0.126785,-1.014282,-0.108673
7219.037709,0.144897,-1.032394,-0.090561
7219.047774,0.144897,-1.014282,-0.108673
7219.057874,0.144897,-1.032394,-0.108673
7219.068015,0.144897,-1.032394,-0.108673
7219.078363,0.144897,-1.014282,-0.126785
7219.088715,0.144897,-1.032394,-0.108673
7219.098724,0.144897,-1.032394,-0.108673
7219.108897,0.144897,-1.032394,-0.090561
7219.119134,0.144897,-1.032394,-0.090561
7219.129272,0.163010,-1.014282,-0.108673
7219.139373,0.163010,-1.014282,-0.126785
7219.149520,0.144897,-1.014282,-0.090561
7219.159727,0.144897,-1.032394,-0.108673
7219.169932,0.144897,-1.032394,-0.108673
7219.179628,0.144897,-1.032394,-0.090561
7219.190771,0.144897,-1.032394,-0.126785
7219.200147,0.144897,-1.050507,-0.108673
7219.210901,0.163010,-1.050507,-0.108673
7219.221126,0.144897,-1.050507,-0.108673
7219.231239,0.126785,-1.050507,-0.108673
7219.241499,0.144897,-1.032394,-0.108673
7219.251638,0.144897,-1.014282,-0.090561
7219.261815,0.163010,-1.014282,-0.108673
7219.271990,0.163010,-1.014282,-0.108673
7219.282225,0.163010,-1.014282,-0.126785
7219.292375,0.144897,-1.032394,-0.126785
7219.302518,0.144897,-1.050507,-0.126785
7219.312810,0.144897,-1.050507,-0.108673
7219.322985,0.144897,-1.050507,-0.126785
7219.333244,0.144897,-1.032394,-0.126785
7219.343308,0.144897,-1.032394,-0.108673
7219.353480,0.126785,-1.032394,-0.108673
7219.363662,0.144897,-1.014282,-0.108673
7219.373843,0.126785,-1.032394,-0.108673
7219.383982,0.144897,-1.032394,-0.108673
7219.394183,0.126785,-1.032394,-0.108673
7219.404350,0.126785,-1.032394,-0.126785
7219.414575,0.144897,-1.032394,-0.126785
7219.424766,0.144897,-1.032394,-0.126785
7219.434928,0.144897,-1.032394,-0.126785
7219.445117,0.144897,-1.032394,-0.126785
7219.455426,0.126785,-1.032394,-0.108673
7219.465540,0.126785,-1.014282,-0.108673
7219.475665,0.126785,-1.032394,-0.108673
7219.485852,0.126785,-1.032394,-0.126785
7219.496115,0.144897,-1.032394,-0.108673
7219.506271,0.126785,-1.032394,-0.108673
7219.516469,0.126785,-1.032394,-0.144897
7219.526613,0.144897,-1.032394,-0.144897
7219.537327,0.144897,-1.032394,-0.144897
7219.547091,0.144897,-1.032394,-0.126785
7219.557250,0.163010,-1.032394,-0.126785
7219.567405,0.144897,-1.032394,-0.126785
7219.577627,0.144897,-1.032394,-0.108673
7219.587811,0.126785,-1.032394,-0.108673
7219.597988,0.126785,-1.032394,-0.126785
7219.608024,0.126785,-1.032394,-0.108673
7219.618387,0.144897,-1.032394,-0.144897
7219.628580,0.144897,-1.032394,-0.108673
7219.638719,0.144897,-1.032394,-0.126785
7219.648924,0.163010,-1.014282,-0.126785
7219.659132,0.163010,-1.014282,-0.126785
7219.669265,0.126785,-1.032394,-0.126785
7219.679018,0.126785,-1.032394,-0.126785
7219.689615,0.126785,-1.032394,-0.126785
7219.699528,0.108673,-1.014282,-0.108673
7219.710072,0.126785,-1.014282,-0.108673
7219.720290,0.126785,-1.014282,-0.126785
7219.730443,0.126785,-1.032394,-0.144897
7219.740765,0.126785,-1.032394,-0.144897
7219.751031,0.144897,-1.032394,-0.126785
7219.761217,0.144897,-1.032394,-0.144897
7219.771392,0.126785,-1.032394,-0.126785
7219.781580,0.144897,-1.014282,-0.108673
7219.791806,0.126785,-1.032394,-0.126785
7219.801987,0.126785,-1.032394,-0.108673
7219.812127,0.108673,-1.032394,-0.108673
7219.822356,0.108673,-1.050507,-0.126785
7219.832492,0.126785,-1.032394,-0.144897
7219.842713,0.144897,-1.014282,-0.126785
7219.852955,0.144897,-1.014282,-0.144897
7219.863147,0.144897,-1.032394,-0.126785
7219.873318,0.126785,-1.032394,-0.126785
7219.883450,0.126785,-1.050507,-0.126785
7219.893678,0.126785,-1.050507,-0.108673
7219.903814,0.108673,-1.032394,-0.126785
7219.914105,0.126785,-1.050507,-0.126785
7219.924231,0.126785,-1.032394,-0.126785
7219.934371,0.108673,-1.032394,-0.126785
7219.944558,0.126785,-1.032394,-0.126785
7219.954862,0.144897,-1.014282,-0.126785
7219.964975,0.144897,-1.014282,-0.126785
7219.975130,0.144897,-1.014282,-0.126785
7219.985365,0.126785,-1.032394,-0.126785
7219.995565,0.126785,-1.032394,-0.126785
7220.005707,0.108673,-1.032394,-0.108673
7220.015939,0.108673,-1.032394,-0.108673
7220.026085,0.108673,-1.032394,-0.126785
7220.036280,0.108673,-1.032394,-0.126785
7220.046872,0.126785,-1.032394,-0.126785
7220.056726,0.126785,-1.032394,-0.144897
7220.066913,0.144897,-1.032394,-0.126785
7220.077104,0.144897,-1.032394,-0.126785
7220.087267,0.144897,-1.032394,-0.126785
7220.097440,0.144897,-1.032394,-0.144897
7220.107666,0.126785,-1.032394,-0.126785
7220.117774,0.126785,-1.014282,-0.108673
7220.127881,0.126785,-1.014282,-0.090561
7220.137964,0.108673,-1.032394,-0.090561
7220.148030,0.126785,-1.032394,-0.126785
7220.158123,0.144897,-1.032394,-0.144897
7220.168338,0.144897,-1.032394,-0.144897
7220.177970,0.144897,-1.014282,-0.144897
7220.188763,0.144897,-1.014282,-0.126785
7220.199606,0.144897,-1.032394,-0.108673
7220.208933,0.126785,-1.032394,-0.108673
7220.219165,0.126785,-1.050507,-0.108673
7220.229354,0.126785,-1.032394,-0.126785
7220.239523,0.126785,-1.032394,-0.126785
7220.249837,0.126785,-1.032394,-0.126785
7220.259911,0.126785,-1.032394,-0.126785
7220.270097,0.144897,-1.032394,-0.126785
7220.280218,0.126785,-1.032394,-0.126785
7220.290578,0.144897,-1.032394,-0.144897
7220.300576,0.163010,-1.014282,-0.144897
7220.310761,0.144897,-1.032394,-0.126785
7220.320888,0.126785,-1.032394,-0.126785
7220.331051,0.144897,-1.032394,-0.090561
7220.341281,0.126785,-1.032394,-0.108673
7220.351423,0.126785,-1.032394,-0.108673
7220.362188,0.126785,-1.032394,-0.126785
7220.371767,0.144897,-1.014282,-0.126785
7220.381916,0.144897,-1.032394,-0.126785
7220.392204,0.144897,-1.032394,-0.126785
7220.402237,0.144897,-1.032394,-0.108673
7220.412421,0.144897,-1.032394,-0.126785
7220.422628,0.144897,-1.032394,-0.126785
7220.432804,0.126785,-1.032394,-0.126785
7220.443075,0.126785,-1.032394,-0.108673
7220.453139,0.126785,-1.032394,-0.126785
7220.463854,0.126785,-1.032394,-0.126785
7220.473505,0.126785,-1.032394,-0.108673
7220.483649,0.126785,-1.014282,-0.108673
7220.493782,0.126785,-1.032394,-0.126785
7220.503947,0.144897,-1.032394,-0.126785
7220.514194,0.144897,-1.032394,-0.126785
7220.524293,0.163010,-1.032394,-0.126785
7220.534470,0.163010,-1.032394,-0.126785
7220.544679,0.144897,-1.032394,-0.126785
7220.554887,0.126785,-1.014282,-0.108673
7220.565058,0.126785,-1.032394,-0.108673
7220.575257,0.108673,-1.032394,-0.108673
7220.585405,0.126785,-1.032394,-0.108673
7220.595638,0.108673,-1.032394,-0.108673
7220.605803,0.144897,-1.032394,-0.126785
7220.616131,0.163010,-1.050507,-0.126785
7220.626255,0.144897,-1.050507,-0.126785
7220.636376,0.144897,-1.032394,-0.144897
7220.646651,0.144897,-1.032394,-0.126785
7220.656914,0.144897,-1.032394,-0.126785
7220.666975,0.144897,-1.032394,-0.126785
7220.676578,0.126785,-1.032394,-0.108673
7220.687523,0.108673,-1.032394,-0.108673
7220.697395,0.108673,-1.032394,-0.126785
7220.707592,0.090561,-1.050507,-0.126785
7220.717063,0.108673,-1.032394,-0.126785
7220.727785,0.108673,-1.032394,-0.126785
7220.737949,0.144897,-1.032394,-0.126785
7220.748021,0.163010,-1.014282,-0.108673
7220.758434,0.163010,-1.032394,-0.126785
7220.769603,0.163010,-1.032394,-0.126785
7220.778807,0.126785,-1.050507,-0.126785
7220.788955,0.126785,-1.032394,-0.108673
7220.799108,0.126785,-1.032394,-0.108673
7220.809293,0.108673,-1.032394,-0.108673
7220.819515,0.108673,-1.032394,-0.108673
7220.829690,0.126785,-1.032394,-0.108673
7220.839816,0.144897,-1.014282,-0.108673
7220.850049,0.144897,-1.032394,-0.144897
7220.860232,0.144897,-1.032394,-0.144897
7220.870520,0.144897,-1.032394,-0.108673
7220.880720,0.126785,-1.032394,-0.108673
7220.890987,0.126785,-1.050507,-0.126785
7220.901018,0.126785,-1.032394,-0.108673
7220.911195,0.108673,-1.032394,-0.108673
7220.921410,0.108673,-1.032394,-0.108673
7220.931593,0.108673,-1.014282,-0.090561
7220.941739,0.108673,-1.032394,-0.126785
7220.952018,0.126785,-1.032394,-0.144897
7220.962154,0.144897,-1.032394,-0.144897
7220.972404,0.126785,-1.032394,-0.144897
7220.982895,0.126785,-1.050507,-0.126785
7220.993025,0.126785,-1.050507,-0.108673
7221.002469,0.126785,-1.050507,-0.108673
7221.013153,0.126785,-1.032394,-0.090561
7221.023351,0.108673,-1.014282,-0.108673
7221.033587,0.108673,-1.032394,-0.108673
7221.043824,0.108673,-1.032394,-0.108673
7221.053959,0.126785,-1.032394,-0.108673
7221.064140,0.144897,-1.032394,-0.108673
7221.074537,0.144897,-1.050507,-0.126785
7221.084511,0.163010,-1.050507,-0.144897
7221.094781,0.163010,-1.068619,-0.126785
7221.105530,0.163010,-1.050507,-0.108673
7221.115037,0.144897,-1.050507,-0.090561
7221.125243,0.144897,-1.032394,-0.090561
7221.135381,0.144897,-1.014282,-0.090561
7221.145663,0.144897,-1.014282,-0.090561
7221.155743,0.163010,-0.996170,-0.090561
7221.165939,0.144897,-0.996170,-0.108673
7221.175514,0.144897,-1.014282,-0.108673
7221.185202,0.144897,-1.032394,-0.108673
7221.196663,0.126785,-1.050507,-0.126785
7221.205821,0.144897,-1.050507,-0.108673
7221.216398,0.126785,-1.032394,-0.126785
7221.227022,0.126785,-1.032394,-0.090561
7221.237131,0.126785,-1.014282,-0.090561
7221.247332,0.126785,-0.996170,-0.072449
7221.257527,0.144897,-1.014282,-0.090561
7221.267708,0.163010,-1.032394,-0.108673
7221.277889,0.144897,-1.032394,-0.144897
7221.287992,0.144897,-1.032394,-0.144897
7221.298404,0.144897,-1.032394,-0.144897
7221.308586,0.126785,-1.050507,-0.126785
7221.318788,0.144897,-1.050507,-0.108673
7221.328969,0.126785,-1.068619,-0.126785
7221.339113,0.126785,-1.068619,-0.126785
7221.349316,0.108673,-1.032394,-0.108673
7221.359500,0.126785,-1.014282,-0.108673
7221.369832,0.126785,-0.996170,-0.090561
7221.379755,0.144897,-0.996170,-0.108673
7221.389895,0.144897,-1.014282,-0.108673
7221.400068,0.144897,-1.032394,-0.126785
7221.410258,0.144897,-1.032394,-0.144897
7221.420472,0.163010,-1.050507,-0.144897
7221.430649,0.144897,-1.050507,-0.126785
7221.440802,0.126785,-1.050507,-0.126785
7221.450973,0.126785,-1.032394,-0.108673
7221.461202,0.144897,-1.014282,-0.108673
7221.471343,0.126785,-1.014282,-0.108673
7221.481555,0.126785,-1.014282,-0.108673
7221.491833,0.126785,-1.014282,-0.108673
7221.501960,0.144897,-1.032394,-0.144897
7221.512084,0.126785,-1.032394,-0.144897
7221.522292,0.126785,-1.050507,-0.126785
7221.532544,0.126785,-1.050507,-0.126785
7221.542634,0.126785,-1.050507,-0.126785
7221.552855,0.144897,-1.032394,-0.108673
7221.563040,0.126785,-1.032394,-0.126785
7221.573229,0.126785,-1.032394,-0.126785
7221.583431,0.126785,-1.032394,-0.108673
7221.593564,0.144897,-1.014282,-0.108673
7221.603770,0.144897,-1.032394,-0.108673
7221.613922,0.126785,-1.032394,-0.108673
7221.624139,0.126785,-1.050507,-0.108673
7221.634334,0.163010,-1.050507,-0.144897
7221.644490,0.163010,-1.050507,-0.126785
7221.654130,0.144897,-1.050507,-0.126785
7221.664868,0.144897,-1.032394,-0.090561
7221.674443,0.126785,-1.032394,-0.108673
7221.684157,0.126785,-1.014282,-0.108673
7221.695332,0.126785,-1.014282,-0.108673
7221.704625,0.126785,-1.014282,-0.126785
7221.715681,0.144897,-1.014282,-0.108673
7221.725815,0.144897,-1.032394,-0.126785
7221.736007,0.144897,-1.050507,-0.126785
7221.746151,0.144897,-1.050507,-0.126785
7221.756371,0.144897,-1.050507,-0.126785
7221.766560,0.144897,-1.032394,-0.108673
7221.776736,0.126785,-1.014282,-0.090561
7221.786926,0.126785,-1.014282,-0.090561
7221.797218,0.144897,-1.014282,-0.090561
7221.807300,0.144897,-1.014282,-0.108673
7221.817558,0.144897,-1.014282,-0.126785
7221.827686,0.126785,-1.032394,-0.126785
7221.837801,0.126785,-1.050507,-0.126785
7221.848009,0.126785,-1.050507,-0.126785
7221.858029,0.144897,-1.032394,-0.108673
7221.868406,0.126785,-1.050507,-0.126785
7221.878604,0.144897,-1.032394,-0.108673
7221.888732,0.126785,-1.032394,-0.126785
7221.899052,0.126785,-1.032394,-0.108673
7221.909404,0.126785,-1.014282,-0.090561
7221.919777,0.126785,-1.032394,-0.126785
7221.929974,0.144897,-1.014282,-0.144897
7221.940105,0.126785,-1.050507,-0.144897
7221.950269,0.126785,-1.050507,-0.126785
7221.960470,0.126785,-1.032394,-0.108673
7221.970314,0.126785,-1.050507,-0.126785
7221.981007,0.144897,-1.032394,-0.126785
7221.991065,0.144897,-1.032394,-0.126785
7222.001479,0.144897,-1.032394,-0.126785
7222.011613,0.126785,-1.014282,-0.126785
7222.021842,0.126785,-1.014282,-0.108673
7222.032063,0.126785,-1.014282,-0.126785
7222.042132,0.126785,-1.032394,-0.126785
7222.052353,0.126785,-1.032394,-0.126785
7222.062531,0.144897,-1.032394,-0.126785
7222.072728,0.126785,-1.050507,-0.126785
7222.082885,0.144897,-1.050507,-0.144897
7222.093165,0.163010,-1.032394,-0.126785
7222.103221,0.144897,-1.014282,-0.126785
7222.113412,0.144897,-1.014282,-0.108673
7222.123615,0.126785,-1.032394,-0.126785
7222.133826,0.126785,-1.032394,-0.108673
7222.143957,0.126785,-1.014282,-0.108673
7222.154125,0.144897,-1.014282,-0.126785
7222.164328,0.144897,-1.014282,-0.126785
7222.173916,0.126785,-1.032394,-0.126785
7222.183695,0.144897,-1.050507,-0.144897
7222.195030,0.126785,-1.050507,-0.144897
7222.204033,0.144897,-1.068619,-0.126785
7222.215003,0.126785,-1.050507,-0.126785
7222.225262,0.126785,-1.032394,-0.108673
7222.235445,0.144897,-1.014282,-0.090561
7222.245572,0.163010,-1.014282,-0.108673
7222.255765,0.163010,-0.996170,-0.108673
7222.265990,0.144897,-1.014282,-0.108673
7222.276125,0.126785,-1.032394,-0.126785
7222.286319,0.126785,-1.032394,-0.126785
7222.296511,0.126785,-1.032394,-0.126785
7222.306691,0.144897,-1.032394,-0.126785
7222.316884,0.144897,-1.050507,-0.126785
7222.327109,0.144897,-1.050507,-0.126785
7222.337334,0.163010,-1.032394,-0.126785
7222.347499,0.163010,-1.032394,-0.108673
7222.357711,0.144897,-1.032394,-0.090561
7222.367853,0.163010,-1.014282,-0.090561
7222.377994,0.144897,-1.032394,-0.108673
7222.388047,0.144897,-1.032394,-0.126785
7222.398359,0.144897,-1.014282,-0.126785
7222.408636,0.144897,-1.032394,-0.144897
7222.418239,0.144897,-1.014282,-0.144897
7222.428991,0.126785,-1.032394,-0.108673
7222.439131,0.126785,-1.032394,-0.126785
7222.449233,0.144897,-1.050507,-0.108673
7222.459455,0.144897,-1.032394,-0.108673
7222.469631,0.126785,-1.032394,-0.108673
7222.479771,0.126785,-1.032394,-0.108673
7222.489960,0.126785,-1.032394,-0.126785
7222.500233,0.144897,-1.032394,-0.126785
7222.510322,0.144897,-1.050507,-0.108673
7222.520640,0.144897,-1.032394,-0.126785
7222.530777,0.163010,-1.032394,-0.108673
7222.540998,0.144897,-1.032394,-0.126785
7222.551269,0.163010,-1.032394,-0.108673
7222.561383,0.126785,-1.014282,-0.108673
7222.571572,0.126785,-1.032394,-0.108673
7222.581753,0.108673,-1.014282,-0.108673
7222.591916,0.090561,-1.032394,-0.126785
7222.602180,0.108673,-1.032394,-0.144897
7222.612258,0.108673,-1.032394,-0.144897
7222.622473,0.108673,-1.050507,-0.126785
7222.632681,0.126785,-1.032394,-0.126785
7222.642815,0.144897,-1.032394,-0.126785
7222.652873,0.163010,-1.032394,-0.144897
7222.663043,0.181122,-1.014282,-0.144897
7222.672753,0.163010,-1.032394,-0.144897
7222.682338,0.163010,-1.032394,-0.126785
7222.693705,0.144897,-1.032394,-0.126785
7222.703406,0.126785,-1.032394,-0.126785
7222.713749,0.108673,-1.014282,-0.126785
7222.723982,0.108673,-1.050507,-0.126785
7222.733396,0.126785,-1.050507,-0.126785
7222.744381,0.126785,-1.050507,-0.144897
7222.754561,0.144897,-1.032394,-0.144897
7222.764751,0.144897,-1.032394,-0.144897
7222.774898,0.144897,-1.032394,-0.126785
7222.785119,0.144897,-1.014282,-0.144897
7222.795272,0.144897,-1.032394,-0.126785
7222.805483,0.144897,-1.032394,-0.108673
7222.815642,0.144897,-1.014282,-0.108673
7222.825862,0.126785,-1.014282,-0.108673
7222.836074,0.144897,-1.014282,-0.108673
7222.846208,0.144897,-1.032394,-0.126785
7222.856439,0.126785,-1.032394,-0.126785
7222.866616,0.126785,-1.032394,-0.126785
7222.876972,0.144897,-1.032394,-0.144897
7222.887665,0.144897,-1.050507,-0.126785
7222.897201,0.126785,-1.050507,-0.126785
7222.907475,0.144897,-1.050507,-0.108673
7222.917552,0.126785,-1.032394,-0.108673
7222.927773,0.144897,-1.032394,-0.126785
7222.937959,0.144897,-1.014282,-0.126785
7222.947990,0.163010,-1.014282,-0.126785
7222.958389,0.163010,-1.032394,-0.144897
7222.968583,0.144897,-1.032394,-0.126785
7222.978726,0.144897,-1.032394,-0.126785
7222.988949,0.144897,-1.032394,-0.126785
7222.999151,0.144897,-1.014282,-0.126785
7223.009350,0.144897,-1.032394,-0.126785
7223.019587,0.126785,-1.032394,-0.126785
7223.029661,0.108673,-1.032394,-0.108673
7223.039879,0.108673,-1.032394,-0.108673
7223.050029,0.108673,-1.014282,-0.108673
7223.060234,0.126785,-1.032394,-0.126785
7223.070418,0.126785,-1.032394,-0.126785
7223.080614,0.144897,-1.050507,-0.144897
7223.090735,0.144897,-1.032394,-0.144897
7223.100923,0.144897,-1.032394,-0.144897
7223.111101,0.144897,-1.032394,-0.144897
7223.121347,0.126785,-1.050507,-0.126785
7223.131536,0.144897,-1.032394,-0.108673
7223.141713,0.144897,-1.014282,-0.090561
7223.151863,0.144897,-1.032394,-0.126785
7223.162057,0.144897,-1.032394,-0.126785
7223.171901,0.144897,-1.014282,-0.108673
7223.181662,0.144897,-1.032394,-0.126785
7223.192974,0.163010,-1.032394,-0.126785
7223.202769,0.163010,-1.032394,-0.144897
7223.212651,0.163010,-1.032394,-0.163010
7223.223303,0.163010,-1.032394,-0.126785
7223.233103,0.163010,-1.032394,-0.126785
7223.243680,0.144897,-1.032394,-0.108673
7223.253773,0.126785,-1.032394,-0.126785
7223.264000,0.108673,-1.032394,-0.126785
7223.274142,0.126785,-1.032394,-0.144897
7223.284339,0.126785,-1.014282,-0.108673
7223.294687,0.126785,-1.014282,-0.108673
7223.304773,0.144897,-1.014282,-0.126785
7223.314889,0.126785,-1.032394,-0.144897
7223.325107,0.144897,-1.032394,-0.144897
7223.335310,0.144897,-1.032394,-0.144897
7223.345473,0.144897,-1.032394,-0.144897
7223.355742,0.126785,-1.032394,-0.126785
7223.365865,0.126785,-1.032394,-0.126785
7223.376076,0.126785,-1.032394,-0.126785
7223.386264,0.108673,-1.032394,-0.126785
7223.396440,0.126785,-1.014282,-0.126785
7223.406792,0.126785,-1.032394,-0.126785
7223.416835,0.144897,-1.014282,-0.108673
7223.427020,0.144897,-1.014282,-0.126785
7223.437630,0.144897,-1.032394,-0.126785
7223.447450,0.126785,-1.032394,-0.126785
7223.457762,0.126785,-1.032394,-0.126785
7223.467875,0.126785,-1.050507,-0.126785
7223.477974,0.144897,-1.032394,-0.126785
7223.488030,0.144897,-1.014282,-0.108673
7223.498362,0.144897,-1.014282,-0.126785
7223.508570,0.144897,-1.014282,-0.108673
7223.518714,0.144897,-1.032394,-0.126785
7223.528899,0.144897,-1.032394,-0.126785
7223.539105,0.144897,-1.032394,-0.126785
7223.549253,0.163010,-1.032394,-0.163010
7223.559480,0.144897,-1.032394,-0.144897
7223.569666,0.126785,-1.050507,-0.126785
7223.579855,0.144897,-1.032394,-0.108673
7223.590042,0.126785,-1.032394,-0.108673
7223.600180,0.126785,-1.032394,-0.126785
7223.610402,0.126785,-1.032394,-0.108673
7223.620642,0.126785,-1.032394,-0.108673
7223.631148,0.126785,-1.014282,-0.126785
7223.640948,0.144897,-1.014282,-0.126785
7223.651099,0.144897,-1.014282,-0.126785
7223.661349,0.144897,-1.014282,-0.144897
7223.671360,0.163010,-1.032394,-0.126785
7223.680914,0.163010,-1.032394,-0.126785
7223.691921,0.144897,-1.032394,-0.126785
7223.701413,0.126785,-1.032394,-0.126785
7223.712159,0.126785,-1.050507,-0.126785
7223.722492,0.126785,-1.050507,-0.144897
7223.732385,0.144897,-1.032394,-0.126785
7223.742821,0.126785,-1.014282,-0.126785
7223.752913,0.144897,-1.014282,-0.108673
7223.763113,0.144897,-1.014282,-0.126785
7223.773249,0.144897,-1.032394,-0.126785
7223.783554,0.144897,-1.032394,-0.126785
7223.793740,0.144897,-1.032394,-0.126785
7223.803889,0.144897,-1.032394,-0.144897
7223.814070,0.144897,-1.032394,-0.144897
7223.824289,0.144897,-1.050507,-0.126785
7223.834484,0.144897,-1.032394,-0.126785
7223.844677,0.126785,-1.032394,-0.144897
7223.854826,0.144897,-1.014282,-0.108673
7223.865045,0.144897,-0.996170,-0.126785
7223.875246,0.163010,-1.014282,-0.126785
7223.885420,0.163010,-1.014282,-0.126785
7223.895746,0.126785,-1.032394,-0.126785
7223.905784,0.144897,-1.050507,-0.126785
7223.915993,0.126785,-1.050507,-0.126785
7223.926223,0.126785,-1.032394,-0.126785
7223.936424,0.108673,-1.032394,-0.126785
7223.946637,0.126785,-1.014282,-0.126785
7223.956835,0.144897,-1.014282,-0.144897
7223.966983,0.144897,-1.014282,-0.126785
7223.977163,0.144897,-1.014282,-0.144897
7223.987369,0.126785,-1.032394,-0.144897
7223.997573,0.126785,-1.032394,-0.126785
7224.007794,0.126785,-1.032394,-0.126785
7224.017890,0.126785,-1.050507,-0.126785
7224.027971,0.126785,-1.050507,-0.126785
7224.038392,0.144897,-1.032394,-0.126785
7224.048601,0.126785,-1.032394,-0.126785
7224.058917,0.144897,-1.014282,-0.144897
7224.068978,0.126785,-1.014282,-0.144897
7224.079156,0.144897,-1.014282,-0.144897
7224.089301,0.144897,-1.014282,-0.144897
7224.099486,0.163010,-1.032394,-0.144897
7224.109644,0.163010,-1.032394,-0.126785
7224.119822,0.163010,-1.032394,-0.126785
7224.130041,0.144897,-1.032394,-0.126785
7224.140233,0.126785,-1.050507,-0.144897
7224.150397,0.126785,-1.050507,-0.144897
7224.160567,0.126785,-1.032394,-0.144897
7224.170766,0.126785,-1.014282,-0.144897
7224.180359,0.144897,-1.032394,-0.144897
7224.190753,0.144897,-1.014282,-0.126785
7224.200608,0.144897,-1.032394,-0.144897
7224.211401,0.144897,-1.032394,-0.144897
7224.221633,0.126785,-1.014282,-0.144897
7224.231853,0.126785,-1.032394,-0.144897
7224.241966,0.144897,-1.032394,-0.144897
7224.252070,0.144897,-1.032394,-0.126785
7224.262278,0.144897,-1.032394,-0.126785
7224.272437,0.126785,-1.050507,-0.126785
7224.282700,0.126785,-1.032394,-0.126785
7224.292791,0.144897,-1.014282,-0.126785
7224.302977,0.144897,-1.032394,-0.144897
7224.313182,0.163010,-1.032394,-0.126785
7224.323548,0.144897,-1.014282,-0.126785
7224.333626,0.144897,-1.032394,-0.126785
7224.343795,0.126785,-1.032394,-0.144897
7224.353933,0.126785,-1.032394,-0.126785
7224.364151,0.126785,-1.032394,-0.144897
7224.374350,0.144897,-1.050507,-0.144897
7224.384538,0.126785,-1.032394,-0.126785
7224.394721,0.144897,-1.014282,-0.126785
7224.404867,0.126785,-1.032394,-0.144897
7224.415060,0.126785,-1.032394,-0.144897
7224.425287,0.144897,-1.014282,-0.126785
7224.435478,0.126785,-1.032394,-0.126785
7224.445663,0.144897,-1.032394,-0.126785
7224.456973,0.144897,-1.032394,-0.144897
7224.466234,0.126785,-1.032394,-0.144897
7224.476328,0.126785,-1.032394,-0.144897
7224.486473,0.126785,-1.032394,-0.144897
7224.496817,0.144897,-1.032394,-0.144897
7224.506954,0.126785,-1.014282,-0.163010
7224.517139,0.144897,-1.032394,-0.126785
7224.527346,0.126785,-1.014282,-0.108673
7224.537551,0.144897,-1.014282,-0.126785
7224.547734,0.163010,-1.014282,-0.144897
7224.557890,0.144897,-1.032394,-0.144897
7224.568021,0.144897,-1.032394,-0.144897
7224.578399,0.126785,-1.032394,-0.144897
7224.588588,0.144897,-1.032394,-0.144897
7224.598768,0.126785,-1.032394,-0.144897
7224.608912,0.144897,-1.032394,-0.126785
7224.619091,0.126785,-1.014282,-0.126785
7224.629309,0.144897,-1.014282,-0.126785
7224.639498,0.126785,-1.032394,-0.126785
7224.649648,0.144897,-1.032394,-0.126785
7224.659827,0.144897,-1.032394,-0.144897
7224.669995,0.126785,-1.032394,-0.163010
7224.679751,0.144897,-1.032394,-0.144897
7224.690499,0.144897,-1.032394,-0.163010
7224.699962,0.126785,-1.032394,-0.144897
7224.710771,0.126785,-1.032394,-0.144897
7224.720964,0.144897,-1.032394,-0.144897
7224.731150,0.126785,-1.032394,-0.126785
7224.741379,0.144897,-1.014282,-0.126785
7224.751534,0.144897,-1.014282,-0.108673
7224.761767,0.126785,-1.032394,-0.126785
7224.771882,0.144897,-1.032394,-0.126785
7224.782108,0.126785,-1.032394,-0.144897
7224.792252,0.144897,-1.032394,-0.144897
7224.802439,0.126785,-1.032394,-0.126785
7224.812687,0.126785,-1.032394,-0.144897
7224.822869,0.144897,-1.032394,-0.126785
7224.832990,0.126785,-1.032394,-0.126785
7224.843177,0.126785,-1.032394,-0.144897
7224.853337,0.126785,-1.032394,-0.126785
7224.863625,0.126785,-1.032394,-0.144897
7224.873734,0.126785,-1.032394,-0.126785
7224.883924,0.144897,-1.014282,-0.126785
7224.894072,0.144897,-1.032394,-0.144897
7224.904266,0.144897,-1.032394,-0.163010
7224.914337,0.144897,-1.032394,-0.163010
7224.924646,0.144897,-1.050507,-0.163010
7224.934771,0.144897,-1.032394,-0.144897
7224.944921,0.126785,-1.032394,-0.144897
7224.955201,0.144897,-1.014282,-0.144897
7224.965346,0.126785,-1.032394,-0.126785
7224.975502,0.144897,-1.014282,-0.108673
7224.985783,0.144897,-1.014282,-0.126785
7224.995975,0.126785,-1.032394,-0.126785
7225.006132,0.126785,-1.032394,-0.144897
7225.016302,0.126785,-1.032394,-0.144897
7225.026447,0.108673,-1.032394,-0.144897
7225.036691,0.144897,-1.032394,-0.144897
7225.046841,0.144897,-1.032394,-0.144897
7225.057025,0.144897,-1.032394,-0.144897
7225.067224,0.144897,-1.032394,-0.144897
7225.077403,0.144897,-1.032394,-0.126785
7225.087590,0.126785,-1.032394,-0.126785
7225.097768,0.108673,-1.032394,-0.144897
7225.107942,0.126785,-1.032394,-0.144897
7225.118145,0.126785,-1.032394,-0.144897
7225.128406,0.126785,-1.050507,-0.144897
7225.138581,0.126785,-1.032394,-0.144897
7225.148717,0.126785,-1.032394,-0.144897
7225.158892,0.126785,-1.032394,-0.126785
7225.169066,0.126785,-1.032394,-0.126785
7225.178812,0.126785,-1.032394,-0.126785
7225.189557,0.144897,-1.032394,-0.126785
7225.199589,0.144897,-1.014282,-0.126785
7225.209628,0.126785,-1.014282,-0.144897
7225.220084,0.126785,-1.032394,-0.126785
7225.230251,0.144897,-1.032394,-0.163010
7225.240447,0.126785,-1.032394,-0.144897
7225.250667,0.126785,-1.032394,-0.163010
7225.260709,0.126785,-1.032394,-0.144897
7225.270923,0.126785,-1.032394,-0.163010
7225.281142,0.126785,-1.032394,-0.144897
7225.291243,0.126785,-1.032394,-0.126785
7225.301417,0.126785,-1.014282,-0.144897
7225.311639,0.126785,-1.032394,-0.144897
7225.321797,0.126785,-1.014282,-0.144897
7225.332016,0.126785,-1.032394,-0.144897
7225.342198,0.126785,-1.032394,-0.144897
7225.352387,0.126785,-1.032394,-0.163010
7225.362525,0.126785,-1.032394,-0.126785
7225.372746,0.126785,-1.050507,-0.144897
7225.383699,0.126785,-1.032394,-0.163010
7225.393112,0.126785,-1.032394,-0.163010
7225.403208,0.126785,-1.032394,-0.144897
7225.413370,0.108673,-1.014282,-0.126785
7225.423648,0.090561,-1.032394,-0.126785
7225.433771,0.108673,-1.032394,-0.108673
7225.443951,0.144897,-1.032394,-0.108673
7225.454193,0.126785,-1.032394,-0.126785
7225.464359,0.144897,-1.014282,-0.144897
7225.474522,0.144897,-1.014282,-0.144897
7225.484740,0.144897,-1.032394,-0.144897
7225.494890,0.126785,-1.032394,-0.144897
7225.505111,0.126785,-1.032394,-0.144897
7225.515361,0.126785,-1.050507,-0.144897
7225.525563,0.108673,-1.050507,-0.144897
7225.535708,0.108673,-1.032394,-0.126785
7225.545938,0.108673,-1.032394,-0.126785
7225.556115,0.126785,-1.014282,-0.108673
7225.566427,0.108673,-1.014282,-0.126785
7225.576508,0.126785,-1.014282,-0.126785
7225.586709,0.126785,-1.014282,-0.126785
7225.596897,0.126785,-1.032394,-0.144897
7225.607043,0.144897,-1.032394,-0.144897
7225.617222,0.126785,-1.050507,-0.144897
7225.627434,0.126785,-1.050507,-0.144897
7225.637662,0.126785,-1.050507,-0.126785
7225.647863,0.126785,-1.050507,-0.126785
7225.658032,0.126785,-1.032394,-0.126785
7225.668506,0.126785,-1.014282,-0.126785
7225.678025,0.126785,-1.032394,-0.126785
7225.688818,0.126785,-1.032394,-0.126785
7225.698984,0.126785,-1.032394,-0.144897
7225.709069,0.126785,-1.032394,-0.144897
7225.719189,0.126785,-1.014282,-0.126785
7225.729378,0.126785,-1.032394,-0.126785
7225.739568,0.144897,-1.050507,-0.144897
7225.749969,0.126785,-1.050507,-0.144897
7225.759885,0.126785,-1.032394,-0.144897
7225.770092,0.126785,-1.014282,-0.126785
7225.780231,0.090561,-1.014282,-0.126785
7225.790449,0.108673,-1.014282,-0.126785
7225.800644,0.126785,-1.014282,-0.144897
7225.810776,0.126785,-1.014282,-0.126785
7225.820941,0.126785,-1.032394,-0.163010
7225.831178,0.126785,-1.050507,-0.163010
7225.841372,0.126785,-1.032394,-0.144897
7225.851554,0.126785,-1.032394,-0.163010
7225.861679,0.144897,-1.032394,-0.126785
7225.871900,0.108673,-1.032394,-0.126785
7225.882080,0.108673,-1.032394,-0.126785
7225.892231,0.108673,-1.014282,-0.144897
7225.902424,0.108673,-1.014282,-0.126785
7225.912600,0.108673,-1.032394,-0.144897
7225.922771,0.144897,-1.014282,-0.144897
7225.932988,0.144897,-1.032394,-0.144897
7225.943182,0.163010,-1.014282,-0.144897
7225.953405,0.126785,-1.032394,-0.144897
7225.963517,0.126785,-1.032394,-0.144897
7225.973687,0.108673,-1.050507,-0.144897
7225.984031,0.108673,-1.050507,-0.126785
7225.994174,0.108673,-1.050507,-0.144897
7226.003674,0.108673,-1.014282,-0.126785
7226.014553,0.108673,-1.032394,-0.126785
7226.024737,0.108673,-1.032394,-0.163010
7226.034864,0.126785,-1.014282,-0.144897
7226.045038,0.108673,-1.032394,-0.163010
7226.055225,0.108673,-1.032394,-0.144897
7226.065369,0.126785,-1.032394,-0.144897
7226.075612,0.126785,-1.032394,-0.126785
7226.085787,0.126785,-1.032394,-0.126785
7226.096078,0.108673,-1.032394,-0.144897
7226.106171,0.126785,-1.032394,-0.126785
7226.116567,0.108673,-1.032394,-0.126785
7226.126675,0.108673,-1.032394,-0.126785
7226.136777,0.126785,-1.032394,-0.126785
7226.146973,0.144897,-1.032394,-0.144897
7226.157210,0.144897,-1.014282,-0.144897
7226.167438,0.144897,-1.032394,-0.144897
7226.176972,0.126785,-1.050507,-0.144897
7226.187750,0.126785,-1.032394,-0.144897
7226.198153,0.108673,-1.050507,-0.126785
7226.206863,0.108673,-1.050507,-0.126785
7226.216911,0.108673,-1.032394,-0.108673
7226.228146,0.126785,-1.032394,-0.126785
7226.238208,0.126785,-1.014282,-0.126785
7226.248643,0.126785,-1.014282,-0.126785
7226.258612,0.126785,-1.032394,-0.108673
7226.268790,0.144897,-1.014282,-0.126785
7226.278911,0.126785,-1.032394,-0.144897
7226.289072,0.126785,-1.050507,-0.144897
7226.299288,0.126785,-1.050507,-0.144897
7226.309097,0.108673,-1.050507,-0.144897
7226.319601,0.108673,-1.050507,-0.126785
7226.329652,0.108673,-1.032394,-0.126785
7226.340111,0.126785,-1.014282,-0.126785
7226.350372,0.126785,-1.014282,-0.126785
7226.360173,0.126785,-1.014282,-0.126785
7226.370649,0.126785,-1.032394,-0.144897
7226.380918,0.126785,-1.032394,-0.144897
7226.390701,0.126785,-1.050507,-0.126785
7226.401162,0.126785,-1.050507,-0.126785
7226.411389,0.108673,-1.050507,-0.126785
7226.421392,0.108673,-1.050507,-0.108673
7226.431638,0.108673,-1.050507,-0.126785
7226.442173,0.126785,-1.014282,-0.108673
7226.453579,0.126785,-1.014282,-0.108673
7226.471274,0.144897,-1.014282,-0.126785
7226.481556,0.144897,-1.014282,-0.144897
7226.492563,0.126785,-1.032394,-0.126785
7226.502743,0.144897,-1.032394,-0.144897
7226.512842,0.126785,-1.032394,-0.108673
7226.523007,0.108673,-1.050507,-0.126785
7226.533191,0.126785,-1.050507,-0.126785
7226.543379,0.108673,-1.032394,-0.126785
7226.553560,0.108673,-1.032394,-0.108673
7226.563700,0.108673,-1.032394,-0.126785
7226.573924,0.108673,-1.014282,-0.108673
7226.584113,0.108673,-1.032394,-0.144897
7226.594308,0.126785,-1.014282,-0.144897
7226.604493,0.126785,-1.032394,-0.126785
7226.614632,0.126785,-1.050507,-0.126785
7226.624810,0.126785,-1.050507,-0.126785
7226.635053,0.108673,-1.050507,-0.126785
7226.645249,0.126785,-1.032394,-0.126785
7226.655383,0.108673,-1.032394,-0.108673
7226.665619,0.126785,-1.014282,-0.126785
7226.675176,0.126785,-1.014282,-0.126785
7226.684844,0.126785,-1.014282,-0.126785
7226.695946,0.126785,-1.032394,-0.144897
7226.705240,0.144897,-1.032394,-0.144897
7226.716158,0.144897,-1.050507,-0.126785
7226.726471,0.126785,-1.050507,-0.126785
7226.736610,0.108673,-1.050507,-0.126785
7226.746826,0.108673,-1.032394,-0.108673
7226.756972,0.108673,-1.032394,-0.108673
7226.767130,0.108673,-1.032394,-0.126785
7226.777305,0.126785,-1.032394,-0.126785
7226.787525,0.144897,-1.014282,-0.126785
7226.797664,0.144897,-1.014282,-0.144897
7226.807880,0.144897,-1.032394,-0.144897
7226.817994,0.126785,-1.050507,-0.144897
7226.828100,0.126785,-1.032394,-0.126785
7226.838406,0.126785,-1.032394,-0.126785
7226.848600,0.126785,-1.014282,-0.090561
7226.858789,0.108673,-1.032394,-0.126785
7226.868932,0.108673,-1.014282,-0.108673
7226.879133,0.108673,-1.032394,-0.108673
7226.889295,0.126785,-1.032394,-0.126785
7226.899488,0.126785,-1.032394,-0.126785
7226.909709,0.126785,-1.050507,-0.144897
7226.919848,0.144897,-1.032394,-0.144897
7226.930060,0.126785,-1.032394,-0.126785
7226.940254,0.126785,-1.032394,-0.108673
7226.950389,0.144897,-1.032394,-0.108673
7226.960611,0.126785,-1.032394,-0.090561
7226.970873,0.126785,-1.032394,-0.108673
7226.981049,0.126785,-1.032394,-0.108673
7226.991194,0.126785,-1.032394,-0.126785
7227.001373,0.126785,-1.032394,-0.126785
7227.011519,0.126785,-1.050507,-0.126785
7227.021854,0.126785,-1.032394,-0.126785
7227.032009,0.126785,-1.050507,-0.126785
7227.042118,0.126785,-1.032394,-0.126785
7227.052301,0.126785,-1.032394,-0.126785
7227.062451,0.144897,-1.014282,-0.108673
7227.072741,0.144897,-1.014282,-0.108673
7227.082848,0.144897,-0.996170,-0.108673
7227.092992,0.144897,-0.996170,-0.108673
7227.103183,0.126785,-1.014282,-0.090561
7227.113353,0.108673,-1.032394,-0.126785
7227.123414,0.108673,-1.032394,-0.126785
7227.133640,0.108673,-1.050507,-0.144897
7227.143823,0.108673,-1.050507,-0.126785
7227.153955,0.108673,-1.050507,-0.126785
7227.164144,0.126785,-1.032394,-0.108673
7227.173699,0.126785,-1.014282,-0.108673
7227.183483,0.126785,-1.032394,-0.126785
7227.194704,0.144897,-1.032394,-0.126785
7227.203893,0.144897,-1.014282,-0.126785
7227.214918,0.144897,-1.032394,-0.144897
7227.225424,0.126785,-1.050507,-0.126785
7227.235339,0.108673,-1.050507,-0.126785
7227.245490,0.108673,-1.050507,-0.126785
7227.255642,0.108673,-1.050507,-0.126785
7227.265795,0.126785,-1.032394,-0.126785
7227.275982,0.126785,-1.014282,-0.126785
7227.286196,0.126785,-1.032394,-0.126785
7227.296341,0.126785,-1.014282,-0.126785
7227.306528,0.126785,-1.014282,-0.108673
7227.316774,0.126785,-1.014282,-0.090561
7227.326901,0.126785,-1.032394,-0.126785
7227.337131,0.126785,-1.050507,-0.126785
7227.347382,0.126785,-1.032394,-0.126785
7227.357562,0.126785,-1.050507,-0.126785
7227.367687,0.108673,-1.050507,-0.108673
7227.377874,0.126785,-1.032394,-0.108673
7227.387989,0.126785,-1.032394,-0.108673
7227.398051,0.126785,-1.032394,-0.108673
7227.408470,0.126785,-1.014282,-0.126785
7227.419334,0.126785,-1.032394,-0.126785
7227.428311,0.126785,-1.032394,-0.126785
7227.439049,0.126785,-1.032394,-0.126785
7227.449146,0.126785,-1.050507,-0.126785
7227.459353,0.126785,-1.032394,-0.126785
7227.469497,0.126785,-1.032394,-0.108673
7227.479658,0.126785,-1.032394,-0.108673
7227.489849,0.126785,-1.032394,-0.126785
7227.500093,0.126785,-1.032394,-0.108673
7227.510258,0.126785,-1.032394,-0.108673
7227.520402,0.108673,-1.032394,-0.126785
7227.530563,0.108673,-1.032394,-0.108673
7227.541004,0.126785,-1.032394,-0.108673
7227.551161,0.108673,-1.032394,-0.126785
7227.561331,0.126785,-1.032394,-0.144897
7227.571454,0.126785,-1.032394,-0.126785
7227.581673,0.126785,-1.032394,-0.126785
7227.591868,0.126785,-1.032394,-0.126785
7227.602046,0.108673,-1.032394,-0.126785
7227.612232,0.126785,-1.032394,-0.108673
7227.622385,0.126785,-1.032394,-0.108673
7227.632610,0.108673,-1.050507,-0.108673
7227.642792,0.108673,-1.032394,-0.126785
7227.652945,0.108673,-1.032394,-0.126785
7227.663106,0.126785,-1.032394,-0.126785
7227.672657,0.126785,-1.032394,-0.126785
7227.682400,0.144897,-1.032394,-0.126785
7227.693643,0.126785,-1.032394,-0.126785
7227.703047,0.126785,-1.032394,-0.126785
7227.713890,0.126785,-1.032394,-0.108673
7227.724078,0.126785,-1.014282,-0.108673
7227.733536,0.126785,-1.014282,-0.108673
7227.744527,0.126785,-1.014282,-0.126785
7227.754686,0.144897,-1.032394,-0.144897
7227.764875,0.126785,-1.032394,-0.126785
7227.775131,0.126785,-1.032394,-0.126785
7227.785253,0.126785,-1.032394,-0.126785
7227.795442,0.144897,-1.050507,-0.126785
7227.805623,0.144897,-1.032394,-0.126785
7227.815814,0.144897,-1.014282,-0.108673
7227.826122,0.126785,-1.014282,-0.108673
7227.836227,0.126785,-1.014282,-0.090561
7227.846423,0.126785,-1.032394,-0.108673
7227.856599,0.126785,-1.032394,-0.126785
7227.866755,0.108673,-1.050507,-0.144897
7227.877060,0.126785,-1.032394,-0.126785
7227.887143,0.126785,-1.050507,-0.126785
7227.897378,0.126785,-1.050507,-0.126785
7227.907643,0.126785,-1.032394,-0.126785
7227.917716,0.126785,-1.032394,-0.126785
7227.927800,0.126785,-1.014282,-0.108673
7227.937982,0.144897,-1.014282,-0.090561
7227.948014,0.144897,-1.014282,-0.108673
7227.958383,0.126785,-1.014282,-0.108673
7227.968539,0.126785,-1.032394,-0.126785
7227.978700,0.126785,-1.032394,-0.126785
7227.988943,0.144897,-1.032394,-0.126785
7227.999117,0.144897,-1.032394,-0.126785
7228.009376,0.126785,-1.032394,-0.126785
7228.019506,0.126785,-1.032394,-0.108673
7228.029749,0.126785,-1.014282,-0.108673
7228.039880,0.126785,-1.032394,-0.108673
7228.050065,0.126785,-1.014282,-0.126785
7228.060244,0.126785,-1.032394,-0.126785
7228.070379,0.144897,-1.014282,-0.126785
7228.080597,0.126785,-1.032394,-0.108673
7228.090743,0.126785,-1.032394,-0.126785
7228.100929,0.126785,-1.032394,-0.108673
7228.111110,0.126785,-1.050507,-0.126785
7228.121295,0.108673,-1.032394,-0.126785
7228.131505,0.108673,-1.050507,-0.126785
7228.142029,0.126785,-1.032394,-0.126785
7228.152089,0.126785,-1.032394,-0.126785
7228.162268,0.126785,-1.032394,-0.108673
7228.171835,0.144897,-1.014282,-0.126785
7228.181724,0.144897,-1.032394,-0.108673
7228.193011,0.126785,-1.014282,-0.126785
7228.202665,0.126785,-1.050507,-0.144897
7228.213569,0.126785,-1.032394,-0.126785
7228.223386,0.108673,-1.032394,-0.126785
7228.233202,0.108673,-1.050507,-0.126785
7228.243829,0.126785,-1.032394,-0.108673
7228.253976,0.108673,-1.032394,-0.108673
7228.264152,0.126785,-1.032394,-0.126785
7228.274285,0.126785,-1.032394,-0.108673
7228.284501,0.126785,-1.032394,-0.108673
7228.294649,0.144897,-1.014282,-0.108673
7228.304839,0.126785,-1.032394,-0.126785
7228.315092,0.126785,-1.032394,-0.126785
7228.325235,0.108673,-1.032394,-0.126785
7228.335450,0.108673,-1.032394,-0.126785
7228.345641,0.126785,-1.014282,-0.126785
7228.355822,0.126785,-1.032394,-0.126785
7228.366054,0.126785,-1.032394,-0.126785
7228.376174,0.144897,-1.014282,-0.126785
7228.386410,0.144897,-1.014282,-0.108673
7228.396601,0.126785,-1.014282,-0.108673
7228.406845,0.126785,-1.014282,-0.108673
7228.416996,0.108673,-1.032394,-0.126785
7228.427145,0.108673,-1.032394,-0.126785
7228.437368,0.108673,-1.050507,-0.126785
7228.447518,0.108673,-1.050507,-0.126785
7228.457728,0.126785,-1.050507,-0.144897
7228.467856,0.126785,-1.050507,-0.144897
7228.478023,0.126785,-1.032394,-0.108673
7228.488068,0.126785,-1.032394,-0.126785
7228.498432,0.144897,-1.032394,-0.108673
7228.508611,0.126785,-1.014282,-0.108673
7228.518772,0.126785,-1.014282,-0.090561
7228.529069,0.126785,-1.014282,-0.126785
7228.539173,0.126785,-1.032394,-0.144897
7228.549372,0.126785,-1.032394,-0.126785
7228.559539,0.126785,-1.050507,-0.144897
7228.569703,0.126785,-1.050507,-0.126785
7228.579978,0.126785,-1.032394,-0.126785
7228.590096,0.108673,-1.050507,-0.126785
7228.600286,0.126785,-1.032394,-0.126785
7228.610470,0.126785,-1.032394,-0.126785
7228.620595,0.144897,-1.014282,-0.108673
7228.630781,0.144897,-1.014282,-0.108673
7228.640899,0.126785,-1.032394,-0.126785
7228.651041,0.144897,-1.014282,-0.108673
7228.661367,0.108673,-1.050507,-0.126785
7228.671430,0.108673,-1.050507,-0.144897
7228.680931,0.108673,-1.050507,-0.126785
7228.691937,0.108673,-1.032394,-0.126785
7228.701503,0.108673,-1.032394,-0.108673
7228.712184,0.126785,-1.032394,-0.108673
7228.722347,0.126785,-1.032394,-0.108673
7228.732306,0.126785,-1.032394,-0.108673
7228.742747,0.144897,-1.032394,-0.126785
7228.753281,0.144897,-1.032394,-0.108673
7228.763147,0.126785,-1.032394,-0.126785
7228.773266,0.126785,-1.032394,-0.126785
7228.783572,0.126785,-1.032394,-0.126785
7228.793755,0.108673,-1.032394,-0.126785
7228.803948,0.108673,-1.032394,-0.144897
7228.814128,0.108673,-1.032394,-0.108673
7228.824273,0.108673,-1.032394,-0.108673
7228.834495,0.126785,-1.032394,-0.126785
7228.844693,0.144897,-1.014282,-0.126785
7228.854896,0.144897,-1.014282,-0.108673
7228.865079,0.126785,-1.014282,-0.126785
7228.875228,0.126785,-1.014282,-0.126785
7228.885446,0.126785,-1.032394,-0.126785
7228.895594,0.126785,-1.032394,-0.126785
7228.905795,0.108673,-1.050507,-0.126785
7228.916047,0.108673,-1.050507,-0.126785
7228.926186,0.108673,-1.050507,-0.126785
7228.936403,0.108673,-1.050507,-0.126785
7228.946547,0.126785,-1.032394,-0.126785
7228.956748,0.126785,-1.014282,-0.108673
7228.966986,0.144897,-1.014282,-0.108673
7228.977114,0.144897,-1.014282,-0.126785
7228.987304,0.144897,-1.014282,-0.126785
7228.997592,0.126785,-1.032394,-0.126785
7229.007780,0.126785,-1.032394,-0.126785
7229.017920,0.126785,-1.050507,-0.126785
7229.028005,0.108673,-1.050507,-0.126785
7229.038418,0.108673,-1.050507,-0.126785
7229.048600,0.108673,-1.032394,-0.126785
7229.058776,0.126785,-1.032394,-0.126785
7229.069003,0.126785,-1.014282,-0.126785
7229.079152,0.144897,-1.014282,-0.126785
7229.089351,0.144897,-1.014282,-0.126785
7229.099667,0.144897,-1.032394,-0.126785
7229.109667,0.126785,-1.032394,-0.126785
7229.119903,0.108673,-1.032394,-0.126785
7229.130037,0.108673,-1.050507,-0.126785
7229.140271,0.108673,-1.032394,-0.126785
7229.150405,0.126785,-1.032394,-0.108673
7229.160632,0.126785,-1.032394,-0.108673
7229.170855,0.126785,-1.014282,-0.126785
7229.180578,0.126785,-1.014282,-0.108673
7229.191325,0.126785,-1.014282,-0.126785
7229.200700,0.126785,-1.014282,-0.126785
7229.211645,0.144897,-1.014282,-0.126785
7229.221338,0.126785,-1.032394,-0.126785
7229.232300,0.108673,-1.050507,-0.126785
7229.242172,0.108673,-1.050507,-0.126785
7229.252295,0.126785,-1.050507,-0.126785
7229.262469,0.126785,-1.032394,-0.126785
7229.272610,0.126785,-1.050507,-0.126785
7229.282883,0.126785,-1.032394,-0.126785
7229.292955,0.144897,-1.014282,-0.108673
7229.303131,0.144897,-1.014282,-0.126785
7229.313399,0.126785,-1.014282,-0.108673
7229.323516,0.126785,-1.032394,-0.108673
7229.333797,0.126785,-1.032394,-0.126785
7229.343960,0.126785,-1.050507,-0.126785
7229.354128,0.126785,-1.050507,-0.126785
7229.364295,0.126785,-1.050507,-0.108673
7229.374445,0.108673,-1.032394,-0.126785
7229.384659,0.108673,-1.032394,-0.126785
7229.394871,0.126785,-1.032394,-0.126785
7229.405020,0.144897,-1.032394,-0.144897
7229.415256,0.144897,-1.032394,-0.126785
7229.425393,0.144897,-1.014282,-0.126785
7229.435617,0.144897,-1.032394,-0.126785
7229.445774,0.126785,-1.032394,-0.126785
7229.456002,0.126785,-1.032394,-0.144897
7229.466203,0.108673,-1.032394,-0.108673
7229.476343,0.108673,-1.050507,-0.108673
7229.486564,0.108673,-1.050507,-0.108673
7229.496716,0.126785,-1.032394,-0.126785
7229.506947,0.126785,-1.032394,-0.126785
7229.517155,0.144897,-1.032394,-0.144897
7229.527282,0.144897,-1.014282,-0.126785
7229.537512,0.144897,-1.032394,-0.144897
7229.547705,0.144897,-1.032394,-0.126785
7229.557850,0.144897,-1.032394,-0.126785
7229.568002,0.108673,-1.032394,-0.108673
7229.578031,0.108673,-1.032394,-0.126785
7229.588380,0.108673,-1.032394,-0.108673
7229.598572,0.108673,-1.014282,-0.126785
7229.608756,0.126785,-1.014282,-0.108673
7229.618952,0.126785,-1.032394,-0.126785
7229.629088,0.144897,-1.032394,-0.126785
7229.639310,0.144897,-1.032394,-0.126785
7229.649476,0.144897,-1.032394,-0.126785
7229.659680,0.126785,-1.050507,-0.126785
7229.669827,0.108673,-1.050507,-0.126785
7229.679571,0.108673,-1.032394,-0.126785
7229.690343,0.108673,-1.032394,-0.126785
7229.699821,0.126785,-1.032394,-0.126785
7229.710710,0.126785,-1.032394,-0.126785
7229.720917,0.144897,-1.014282,-0.108673
7229.731022,0.126785,-1.032394,-0.126785
7229.741297,0.144897,-1.032394,-0.144897
7229.751431,0.126785,-1.050507,-0.126785
7229.761621,0.126785,-1.032394,-0.126785
7229.771803,0.126785,-1.032394,-0.126785
7229.782047,0.108673,-1.032394,-0.108673
7229.792199,0.108673,-1.050507,-0.126785
7229.802338,0.108673,-1.032394,-0.108673
7229.812556,0.108673,-1.032394,-0.126785
7229.822698,0.126785,-1.014282,-0.108673
7229.833096,0.126785,-1.032394,-0.126785
7229.843106,0.126785,-1.032394,-0.126785
7229.853292,0.144897,-1.032394,-0.126785
7229.863469,0.144897,-1.014282,-0.144897
7229.873601,0.144897,-1.032394,-0.144897
7229.883184,0.144897,-1.014282,-0.126785
7229.893959,0.126785,-1.032394,-0.108673
7229.904125,0.108673,-1.032394,-0.108673
7229.914320,0.126785,-1.032394,-0.108673
7229.924481,0.108673,-1.032394,-0.108673
7229.934805,0.108673,-1.032394,-0.144897
7229.944865,0.126785,-1.032394,-0.144897
7229.955182,0.144897,-1.032394,-0.126785
7229.965248,0.144897,-1.032394,-0.144897
7229.975408,0.144897,-1.014282,-0.144897
7229.985629,0.126785,-1.032394,-0.126785
7229.995928,0.126785,-1.032394,-0.108673
7230.006098,0.126785,-1.050507,-0.108673
7230.016299,0.108673,-1.050507,-0.126785
7230.026415,0.126785,-1.032394,-0.126785
7230.036994,0.126785,-1.032394,-0.126785
7230.046827,0.126785,-1.032394,-0.108673
7230.056998,0.144897,-1.032394,-0.108673
7230.067172,0.144897,-1.032394,-0.126785
7230.077338,0.144897,-1.032394,-0.126785
7230.087526,0.144897,-1.014282,-0.126785
7230.097683,0.144897,-1.032394,-0.126785
7230.107959,0.126785,-1.032394,-0.108673
7230.118170,0.126785,-1.032394,-0.108673
7230.128362,0.108673,-1.050507,-0.108673
7230.138656,0.108673,-1.032394,-0.108673
7230.148770,0.108673,-1.050507,-0.126785
7230.158980,0.108673,-1.032394,-0.126785
7230.169115,0.126785,-1.014282,-0.108673
7230.178805,0.144897,-1.032394,-0.126785
7230.189612,0.163010,-1.032394,-0.126785
7230.199556,0.163010,-1.014282,-0.126785
7230.209296,0.144897,-1.032394,-0.126785
7230.220065,0.126785,-1.032394,-0.126785
7230.229733,0.126785,-1.032394,-0.126785
7230.240371,0.108673,-1.032394,-0.126785
7230.250653,0.108673,-1.032394,-0.126785
7230.260709,0.126785,-1.032394,-0.144897
7230.270885,0.126785,-1.032394,-0.126785
7230.281093,0.126785,-1.032394,-0.126785
7230.291237,0.126785,-1.014282,-0.126785
7230.301510,0.126785,-1.032394,-0.126785
7230.311631,0.144897,-1.032394,-0.144897
7230.321819,0.144897,-1.032394,-0.144897
7230.331959,0.126785,-1.032394,-0.126785
7230.342167,0.108673,-1.032394,-0.144897
7230.352346,0.108673,-1.032394,-0.126785
7230.362539,0.108673,-1.032394,-0.108673
7230.372718,0.108673,-1.032394,-0.126785
7230.382867,0.126785,-1.032394,-0.144897
7230.393088,0.144897,-1.014282,-0.126785
7230.403231,0.126785,-1.032394,-0.126785
7230.413460,0.144897,-1.032394,-0.126785
7230.423628,0.144897,-1.014282,-0.126785
7230.433888,0.144897,-1.032394,-0.126785
7230.444028,0.126785,-1.032394,-0.108673
7230.454281,0.126785,-1.032394,-0.108673
7230.464415,0.108673,-1.050507,-0.126785
7230.474565,0.108673,-1.032394,-0.126785
7230.484802,0.108673,-1.050507,-0.126785
7230.494940,0.126785,-1.032394,-0.108673
7230.505158,0.126785,-1.014282,-0.126785
7230.515355,0.126785,-1.032394,-0.126785
7230.525501,0.126785,-1.032394,-0.126785
7230.535786,0.144897,-1.032394,-0.126785
7230.545926,0.126785,-1.032394,-0.126785
7230.556113,0.126785,-1.032394,-0.126785
7230.566337,0.126785,-1.032394,-0.126785
7230.576470,0.126785,-1.032394,-0.108673
7230.586746,0.108673,-1.032394,-0.108673
7230.596855,0.126785,-1.032394,-0.126785
7230.607071,0.126785,-1.014282,-0.108673
7230.617242,0.126785,-1.032394,-0.126785
7230.627413,0.144897,-1.032394,-0.108673
7230.637772,0.126785,-1.032394,-0.108673
7230.647864,0.126785,-1.032394,-0.126785
7230.658171,0.126785,-1.032394,-0.108673
7230.668401,0.144897,-1.032394,-0.126785
7230.678041,0.126785,-1.050507,-0.126785
7230.688880,0.126785,-1.032394,-0.126785
7230.699022,0.126785,-1.050507,-0.126785
7230.709328,0.108673,-1.032394,-0.108673
7230.719359,0.108673,-1.032394,-0.108673
7230.729485,0.108673,-1.014282,-0.108673
7230.739691,0.126785,-1.032394,-0.108673
7230.750086,0.144897,-1.014282,-0.126785
7230.760055,0.144897,-1.032394,-0.108673
7230.770224,0.126785,-1.032394,-0.126785
7230.780365,0.108673,-1.032394,-0.126785
7230.790472,0.126785,-1.032394,-0.126785
7230.800670,0.108673,-1.050507,-0.126785
7230.810843,0.126785,-1.050507,-0.126785
7230.821033,0.126785,-1.032394,-0.126785
7230.831173,0.126785,-1.032394,-0.126785
7230.841388,0.126785,-1.032394,-0.108673
7230.851591,0.144897,-1.014282,-0.108673
7230.861776,0.144897,-1.014282,-0.126785
7230.871941,0.163010,-1.032394,-0.126785
7230.882083,0.144897,-1.032394,-0.144897
7230.892273,0.144897,-1.032394,-0.108673
7230.902532,0.126785,-1.050507,-0.126785
7230.912735,0.108673,-1.032394,-0.108673
7230.922917,0.090561,-1.050507,-0.126785
7230.933051,0.108673,-1.032394,-0.126785
7230.943269,0.108673,-1.014282,-0.108673
7230.953510,0.126785,-1.032394,-0.126785
7230.963656,0.126785,-1.032394,-0.108673
7230.973783,0.126785,-1.032394,-0.126785
7230.983972,0.144897,-1.032394,-0.144897
7230.994123,0.144897,-1.032394,-0.126785
7231.003864,0.126785,-1.032394,-0.108673
7231.014630,0.108673,-1.032394,-0.126785
7231.024730,0.108673,-1.032394,-0.108673
7231.034966,0.090561,-1.050507,-0.126785
7231.045077,0.108673,-1.032394,-0.126785
7231.055262,0.126785,-1.032394,-0.126785
7231.065452,0.126785,-1.032394,-0.108673
7231.075646,0.126785,-1.032394,-0.126785
7231.085789,0.144897,-1.014282,-0.126785
7231.095981,0.126785,-1.032394,-0.126785
7231.106173,0.126785,-1.032394,-0.126785
7231.116359,0.126785,-1.014282,-0.126785
7231.126544,0.126785,-1.032394,-0.108673
7231.136716,0.108673,-1.032394,-0.108673
7231.146923,0.108673,-1.032394,-0.126785
7231.157162,0.108673,-1.050507,-0.144897
7231.167300,0.126785,-1.032394,-0.144897
