0,-95.4144295328447
1,648.053184007504
2,1153.73092969612
3,1525.43689527441
4,1234.99949226922
5,656.597103888385
6,498.10664570545
7,154.301887093576
8,-528.8761409683129
9,-224.273169298917
10,-499.71162947561896
11,-35.9005068444425
12,18.6928109490537
13,326.018536715499
14,752.8231957999201
15,991.031109573386
16,984.529599189156
17,315.091098011938
18,-271.833178082257
19,-661.38530571823
20,-795.884522169467
21,-1136.63510296208
22,-690.9871609833721
23,-226.48833747446
24,429.90724172434
25,1129.70490249627
26,1385.05624878932
27,1599.13143219921
28,1791.0984425189602
29,1488.4435564352698
30,796.73570943591
31,459.376182135619
32,-8.971087737213251
33,-329.351689871472
34,-213.125641979464
35,106.557593823405
36,333.328117542457
37,763.6665952058521
38,1072.7278673516
39,1249.7740405656698
40,953.5789959126911
41,210.571183639083
42,50.803269441723394
43,-635.4421982402599
44,-451.14571411452596
45,-788.5120292545711
46,-647.2824216265731
47,-271.687005107375
48,549.521548137449
49,1064.68895786399
50,1527.53405093197
51,1446.4558528880802
52,1933.4636600552699
53,1341.60901839542
54,796.549605181078
55,314.87268774112596
56,-160.765231721519
57,-494.09025511051203
58,-279.904810314134
59,69.1597722602192
60,-18.024258610767397
61,983.955428321263
62,1314.56640483505
63,714.510885210695
64,837.0337357120401
65,382.793416446222
66,-65.69308358968
67,-662.992787175448
68,-616.582872219903
69,-836.632013174398
70,-679.528456758104
71,-408.930608430383
72,302.75542772530497
73,996.9241701199901
74,1303.74565430858
75,1603.9579810799698
76,1788.79040358358
77,1101.6948664311699
78,626.138392470029
79,328.77223444423197
80,-117.501674870549
81,-561.1473441765239
82,-557.382439636448
83,158.17021104277902
84,317.625998966701
85,578.075109612813
86,999.2072158713199
87,884.9089979017801
88,696.701362572173
89,312.331214227634
90,-378.663764151021
91,-672.198208629664
92,-1070.72264712449
93,-1313.44210740614
94,-1264.5856363532598
95,-471.947897606903
96,14.604235967049998
97,215.591917269162
98,1074.2380689614802
99,1114.95915734971
100,1081.03833557364
101,916.847545358047
102,404.970588215153
103,-43.9875142668807
104,-470.93995121160896
105,-578.5686250717511
106,-818.1440070140429
107,-649.727658859665
108,-40.8020327304431
109,519.797803940762
110,212.54866658017102
111,451.448889400906
112,397.51451445381105
113,14.6962417700666
114,-487.35454495570605
115,-941.7871980487869
116,-1531.1624221874401
117,-1513.76901048717
118,-1220.8110061402
119,-827.104263588824
120,-384.34137894936697
121,526.4931475237149
122,1214.90360074711
123,1243.95729159932
124,736.262308978715
125,985.5630866193519
126,586.159336482759
127,-140.336092369065
128,-490.932334758862
129,-718.1856941564399
130,-951.251327190047
131,-352.081559759029
132,-123.84927324620399
133,19.5577078683776
134,370.57650424174204
135,382.952579157624
136,451.32985353231794
137,-157.791426020186
138,-574.574943554187
139,-949.540712140057
140,-1237.7224614491001
141,-1225.2787478165899
142,-825.2894997729339
143,-594.3556221962999
144,-126.57794289901699
145,451.83364233112803
146,900.876253766942
147,1598.81305364794
148,1116.6734481877302
149,783.7547608784331
150,597.588487605176
151,108.409306021641
152,-473.71058938064795
153,-660.9231480179251
154,-756.873815810771
155,-100.95446675865101
156,147.757394714414
157,343.857945399532
158,725.247286369489
159,1077.38459072032
160,746.801045829234
161,196.762855511912
162,-73.0491926662021
163,-647.6059710293911
164,-1025.54880792931
165,-902.480797931609
166,-593.664937738708
167,-742.955769019382
168,529.614211493402
169,1062.8257492717098
170,1437.8703330902697
171,1652.62954068133
172,1506.8682267669901
173,1473.4119047021802
174,1022.59286032277
175,190.38041234805402
176,315.020001133302
177,-123.04779609634501
178,-200.123330953928
179,124.348244289319
180,771.812619192355
181,918.7516872354289
182,1088.47457417148
183,1470.18191397877
184,959.6172571733681
185,664.896368997722
186,9.88586047664137
187,25.306220212773198
188,-947.9709501333631
189,-310.307446727467
190,-377.96556071514
191,-177.51629482169201
192,824.828976481739
193,1365.55158048014
194,1780.66635390591
195,1830.627971924
196,2076.59334618518
197,1516.17488888919
198,1455.7653222009
199,625.220568197802
200,231.45756281721
201,-27.987524431117603
202,217.569237382673
203,494.501684166486
204,709.749709158183
205,1116.96463073568
206,1584.36617354875
207,1190.12617302127
208,1274.94007301646
209,883.2477421620199
210,115.788718155156
211,37.9133257852325
212,-759.630641611109
213,-455.26558929027
214,-466.122638817591
215,140.739799293028
216,940.921622846654
217,1582.5354461836903
218,1731.2223306395401
219,2312.38845999544
220,1962.4394453683399
221,1842.21021299433
222,1274.68455975714
223,751.885777989735
224,685.102916241957
225,118.58787862566099
226,415.796028000987
227,363.506870914487
228,935.371227836597
229,1036.948903015
230,1097.78636528526
231,1406.14346985822
232,1353.34900814475
233,561.397642580258
234,57.1161635907502
235,-75.3773910920058
236,-584.631392460701
237,-831.831809232218
238,-425.875544800625
239,192.784581040135
240,712.673644852648
241,1205.41269136336
242,1734.2404091168803
243,2011.0997401944
244,1828.1217230401999
245,1290.9767884351402
246,1420.8579372956601
247,395.12489198558603
248,481.41975033525597
249,-47.5379069928025
250,-42.1905545847283
251,37.504491832207606
252,761.5135914673821
253,896.984467652019
254,1112.3361971455802
255,1271.64064194125
256,846.98395760108
257,399.042250991052
258,-366.268102352734
259,-440.33127385826697
260,-985.5719216843629
261,-824.002453323236
262,-735.680784926579
263,-175.59934042119
264,257.829059481735
265,1047.97578898044
266,1229.47452888579
267,1724.91180956675
268,1324.69590873565
269,1405.20399571461
270,828.2233851317841
271,161.254206379538
272,-142.508895179029
273,-547.613882618896
274,-483.713642490904
275,179.55605202692502
276,347.771806575831
277,643.070202175409
278,760.446218260829
279,607.188392031114
280,696.113936133317
281,576.961861584849
282,-126.68534390638901
283,-751.830602693566
284,-995.329221858634
285,-1169.2288373526899
286,-854.653390289306
287,-405.809440370551
288,399.08511597198
289,778.457883151989
290,1317.4064831392698
291,1534.08880665612
292,1587.5245013470098
293,1272.08809431601
294,777.488410451408
295,212.17776741082
296,-233.306078909474
297,-315.887664451769
298,-332.213092834113
299,-40.9874536809476
300,134.187290283052
301,622.32202995661
302,1099.78763346869
303,853.9442943224859
304,583.3562307512641
305,145.406678025203
306,-299.624368260275
307,-764.282584405519
308,-765.398043187688
309,-1141.44614279389
310,-523.103258523247
311,-44.450608680694195
312,478.84776704128
313,822.6152051048441
314,1482.88874976464
315,1760.51871267371
316,1375.19420667158
317,1221.06953974086
318,801.859013892872
319,-14.454495963185101
320,33.338018600164
321,-222.614527000555
322,-197.799444779313
323,112.226827063801
324,244.201057031824
325,707.229412383454
326,967.4009772901339
327,1268.88993199105
328,709.8343643338941
329,725.233713184328
330,331.593113300886
331,-398.26053131421503
332,-589.578310529791
333,-658.061947716801
334,-520.953688389857
335,97.43007531902771
336,942.2095035044521
337,1155.27455879468
338,1599.07443371776
339,1985.3074085501
340,2133.6890238607502
341,1565.4578475817402
342,1099.04923967875
343,866.954653413163
344,249.49032030001203
345,171.335175152461
346,427.96877828601
347,652.2707449557689
348,785.1259838702949
349,1327.80675432916
350,1429.04870164865
351,1500.51422134374
352,1563.9650025871802
353,1030.1845643894098
354,381.871523509513
355,98.7860764263425
356,-374.29951470358003
357,-327.72671300098
358,84.14286425405051
359,386.53940263197
360,1083.98668293626
361,1450.03489934513
362,1798.294082593
363,2244.0682809875198
364,2355.20139924873
365,2030.6598845682397
366,1645.4850623274099
367,906.323739870851
368,732.648155402287
369,486.73222272623497
370,881.8593010096471
371,682.144927217525
372,1318.8339624527198
373,1525.7553920097
374,1889.15500035041
375,1618.85817300176
376,1362.58940031278
377,1185.55799504981
378,589.7159032631359
379,67.4808168184364
380,-238.005803039941
381,-58.8474741992906
382,69.32905731591771
383,201.34573703839501
384,1303.6928722287
385,1734.76932783434
386,2002.041615589
387,2404.7023363878197
388,2277.12959097538
389,1895.6081551674
390,1912.9895821054101
391,1105.43279357255
392,863.271147512403
393,244.36067997719
394,578.762721653483
395,1125.8768247035
396,792.548578241443
397,1364.88417376816
398,1520.73624294518
399,1772.2172878319197
400,1694.7667315368801
401,1412.54894646272
402,643.779248633761
403,20.740859891955303
404,-49.2513813490869
405,-90.6363161444544
406,-184.635237692564
407,296.324958635222
408,774.513039366013
409,1961.58508709464
410,2220.7077516095896
411,2146.9071240560897
412,2059.46683576361
413,1780.96550839135
414,1576.6396238545199
415,1090.0465178573402
416,722.118778909135
417,131.226115296245
418,539.588190441614
419,180.01938865770902
420,956.011764250607
421,1007.6430166879302
422,1358.75255724565
423,1323.0215266493199
424,1028.2686806254599
425,1061.52545339781
426,538.580303134009
427,-207.970283334384
428,-744.27152980723
429,-674.7484570062551
430,-313.012032397281
431,176.76775810584098
432,569.987586658917
433,1192.39680328973
434,1996.5700404813601
435,2061.20697379183
436,1726.47900272112
437,1490.4179449542098
438,1024.58156697517
439,579.809069857837
440,100.089087612803
441,175.986914352486
442,-73.0091265250314
443,357.449998492707
444,231.267117508774
445,1045.1549318813302
446,1430.27686172043
447,1603.0426778257402
448,1250.56708590001
449,342.125682265321
450,138.06185640789698
451,-532.991277580712
452,-405.850262013703
453,-892.031995104347
454,-411.057886478368
455,-32.460326003863
456,181.035500762481
457,1300.29285680104
458,1423.2406496899898
459,1961.12337219357
460,1847.81960528147
461,1525.31152515396
462,1562.14891714436
463,340.548830479954
464,46.167405029749794
465,-84.9124900475923
466,-277.303558788461
467,186.039326771264
468,575.5954517955549
469,1014.3620789230301
470,1210.28591565175
471,1295.03292150313
472,914.7946147148621
473,632.071673308318
474,127.80441552346001
475,-290.199593450593
476,-316.599784657574
477,-908.858430681053
478,-505.059859816604
479,248.95454466859798
480,503.208952658865
481,1017.7342496345599
482,1808.39059164075
483,2006.26318479401
484,1975.6496149117602
485,1858.4852927643103
486,1113.4711164036698
487,445.54603150282003
488,317.903348120469
489,55.64240175226811
490,232.43375102332
491,330.818500155244
492,824.356120004426
493,1173.5108182224699
494,1740.68753374401
495,1657.0190211323902
496,998.6265637837661
497,851.733873397653
498,-2139.20721061105
499,-11.245833876570401
500,-49.9284437905896
501,-241.771753255478
502,93.4277097435011
503,212.36602054075001
504,862.980809873963
505,1599.14105717849
506,2024.1489393955103
507,2351.09366197188
508,2497.1947844996
509,1958.1915488173602
510,1567.76048378849
511,1163.4043142461699
512,805.668150313541
513,336.355633115901
514,608.661693900941
515,1150.38806823961
516,1169.01395062779
517,1558.48695644728
518,1889.7309829665198
519,1738.1343286076901
520,1842.4824509650198
521,1362.69867215595
522,577.896463808029
523,435.181915337902
524,118.35957195105301
525,-42.2963037986286
526,126.804296219925
527,977.350535441738
528,1255.5030873445598
529,1944.9002912200897
530,2189.41584218612
531,2528.71456244551
532,2636.09223255923
533,2501.05353014073
534,1827.05902959695
535,1424.78235045893
536,955.994501002409
537,744.124484811539
538,714.9716838690711
539,1266.09398172542
540,1288.9117015195698
541,1869.4208323396801
542,2079.4345070353197
543,2014.77727229987
544,2054.2136843338603
545,1243.89775534411
546,994.2423328919181
547,776.1196242417669
548,340.94018068919496
549,631.035051588221
550,330.855564530109
551,1053.27272359274
552,1732.7475600800901
553,1835.63055259452
554,2368.06765851831
555,2657.4254241123604
556,2852.88561070951
557,2061.87628081385
558,1662.20214890811
559,1297.5165496944
560,821.6903606132471
561,607.522811106825
562,919.762474835917
563,870.43087987765
564,1141.0822211383802
565,2089.48349673932
566,2286.54771470464
567,1878.0187238571302
568,1684.78316211615
569,1350.93313338765
570,893.5515091172471
571,410.79916907867204
572,127.506373247213
573,64.5842600189213
574,424.10440785089696
575,360.962305540581
576,997.01409668461
577,1816.63003307595
578,2046.55135221471
579,2236.7356371458604
580,2424.9193618045897
581,2170.2267735944397
582,1683.07891107289
583,1163.63856061633
584,837.5660741138009
585,595.221566936485
586,471.72338429442595
587,1079.64482917334
588,1068.21917246991
589,1448.71162069626
590,1810.22667728406
591,1774.1698216083398
592,1580.5783529286903
593,1192.93511624577
594,540.706095908025
595,214.12852878433102
596,-523.481531378573
597,-318.571106843251
598,139.986384920694
599,235.68062023369097
600,1226.5590725709199
601,1659.4582357724403
602,2258.6765222901
603,2355.31853447741
604,2116.8640578504896
605,1900.8793289964103
606,1420.21923944191
607,902.931062017562
608,523.45832381219
609,425.34421224197
610,182.786279328265
611,615.799811260197
612,1146.18300091138
613,1220.19796677305
614,1555.59992176271
615,1407.51521657498
616,1289.5793606091802
617,1055.15252843339
618,360.910964576583
619,-152.203214365382
620,-456.8856272445
621,-552.038645825839
622,92.8667763084284
623,44.6109281469625
624,736.6672176704441
625,1460.05779230096
626,1955.9952639174498
627,1981.58273076522
628,1961.0653915541398
629,1468.74127996874
630,1592.7390549198499
631,892.723897113417
632,281.268617680359
633,286.753786771832
634,438.980133892633
635,393.73745065236
636,731.786533888815
637,1232.48292193751
638,1418.24336900169
639,1238.38964328068
640,1331.72619947312
641,486.352031247565
642,471.236451916623
643,-163.049630672642
644,-656.27251346927
645,-181.64887563778703
646,-135.62156461103902
647,213.823085867068
648,903.6306725853619
649,1565.83215503577
650,1975.67788618727
651,2080.22154208219
652,2091.75986349511
653,1653.9653249473402
654,1087.6549550571401
655,1064.50857556631
656,514.125925817821
657,333.94564847315604
658,517.652687124945
659,531.72516310763
660,1090.09932368059
661,1455.9512220511701
662,1753.3586955516598
663,1621.70119468161
664,1325.32340472065
665,1047.8052273703802
666,596.876601992103
667,259.974944098146
668,-44.7072980418163
669,-7.80887546761527
670,52.711793794883604
671,497.5082648559599
672,1299.65523401701
673,1865.5999050596697
674,2199.63171671879
675,2619.5531517870604
676,2665.31058077848
677,2002.3305036823301
678,1723.41534334588
679,1307.6624609443302
680,1128.41383228614
681,898.227768008405
682,1036.11948855747
683,1228.50341054031
684,1583.6083499993601
685,1779.3697837731197
686,1878.1842264433499
687,2059.43375779328
688,1962.0232922966102
689,1297.25561954944
690,1122.459117549
691,432.574993300947
692,28.003119336203998
693,257.193121062343
694,342.06384760966597
695,1243.33328631998
696,1776.91554479733
697,1872.3145652447
698,2638.2306531950303
699,3035.95586177346
700,2706.93943972904
701,2619.8138795290397
702,2316.7388002367898
703,1295.04526168958
704,910.577555980242
705,850.616869031705
706,945.667126452022
707,1280.29065512567
708,1739.27183971573
709,1952.3688402368102
710,1847.4009448950799
711,2290.24080946389
712,2380.8585536564397
713,1436.42041441138
714,1241.89660511244
715,653.673088311903
716,352.77945643394895
717,97.558686096969
718,961.0442730330619
719,875.79972285918
720,2015.1827208513398
721,2361.02826741535
722,2727.105555025
723,3064.36586498412
724,2645.54073906879
725,2708.5377059287302
726,2079.72249313529
727,1297.96767040061
728,990.209387246354
729,1008.3735881546099
730,912.999592031663
731,1354.98580229089
732,1935.54088227863
733,1972.34222453994
734,1957.01919284487
735,2074.3399640264
736,2237.0409143762
737,1744.82038398163
738,1034.12440050071
739,408.760006460179
740,285.117784714519
741,516.464197311953
742,271.659849353898
743,689.8842267454891
744,1314.26575304019
745,2076.20253980353
746,2253.6793114727802
747,2664.95161394769
748,2577.6718384852697
749,2292.28750757727
750,1770.3129968956198
751,1418.88523065904
752,932.2958889128889
753,840.8376886184469
754,404.032974478761
755,799.368102770484
756,1323.7469403252699
757,1647.23077513671
758,2185.49274343685
759,1875.9284997895602
760,1819.1489456561103
761,1284.3701468383001
762,858.5274621084731
763,350.29644694278505
764,-45.3393611680364
765,-151.530455978456
766,295.677263479031
767,260.69932966107496
768,845.6546620565609
769,1396.6465517167599
770,2331.3959638119
771,2401.4404631812304
772,2113.16826399456
773,2144.0569708642897
774,1324.67205170013
775,1093.45810682583
776,537.2354997293061
777,534.284014033884
778,522.431921772451
779,795.16114985403
780,1079.331704876
781,1418.6153342684602
782,1845.1821994841603
783,1900.2970772703602
784,1495.34905240099
785,1202.0821808748199
786,509.034171764328
787,-18.5679858404008
788,-74.0700410147719
789,-350.962258899303
790,-17.0582668492539
791,793.6079772170621
792,1077.77313845584
793,1680.94917174044
794,2161.63950725147
795,2327.0784895955303
796,2472.35844989082
797,1877.9235163906897
798,1427.07081548205
799,1244.01204664225
800,547.3728524930091
801,283.786303732827
802,196.024067645688
803,542.504098882098
804,1262.8133486302802
805,1428.31384995384
806,1727.2917390640198
807,1815.9308428286301
808,1707.12423486474
809,1386.2217711266599
810,325.956865828015
811,203.50228581771802
812,-260.447804261472
813,-219.67981091862998
814,193.5557472813
815,477.731898793135
816,1253.6847457889698
817,1463.67548023677
818,2206.83099083981
819,2380.40428376303
820,2276.70833799799
821,2320.6132185250303
822,1480.77219931837
823,1181.67492003915
824,904.6294241880071
825,597.031673525573
826,272.32819872880697
827,698.9395073466569
828,1271.7851136809
829,1103.12306726586
830,1953.41679313495
831,1854.5448703880802
832,1345.82347991253
833,1224.4079213914
834,799.0199550921719
835,307.874692367182
836,0.29481790561241905
837,179.956133251234
838,178.159652720224
839,1076.51537196206
840,1374.42612085257
841,2121.04886698853
842,2547.97106157978
843,2808.5315240186796
844,2784.12314053683
845,2307.84574705148
846,2124.32800000603
847,1322.34626476699
848,1068.20976967239
849,838.2435332856301
850,813.338942467812
851,1147.4027599832302
852,1376.10806715157
853,2214.10775882258
854,2041.86177463536
855,2153.57479192868
856,2268.75627826727
857,1527.36990859076
858,1014.9147213228399
859,763.264512537535
860,350.028122215233
861,643.023666380914
862,550.121272225781
863,1007.3714730177802
864,1686.7999177723902
865,2464.62165284284
866,2764.1131970565
867,2996.47188597128
868,2492.43286593432
869,2795.51142917806
870,2289.5934963101104
871,1890.63009009061
872,1490.05792289665
873,1192.4450267056698
874,1479.4052238355403
875,1474.9291129463097
876,1768.2351807071802
877,2244.3058870885397
878,2572.06045114593
879,2278.8706790454603
880,2135.09922789607
881,1479.9784956025198
882,1103.06049291136
883,826.199527331036
884,622.103122749977
885,608.3696973266581
886,640.308417215528
887,1438.1800699652401
888,1831.8223045595998
889,2265.59371595326
890,2799.15652447633
891,2915.4367039098997
892,3152.1443874845
893,2961.0479193493798
894,2405.1822130168803
895,1659.91454041019
896,1302.94113958925
897,1119.65882537774
898,926.253454368241
899,1492.9131648584803
900,1627.68163208281
901,2009.67947034067
902,2530.4297676919896
903,2451.31336430284
904,2292.2298291819798
905,1736.97457515215
906,1354.94035103709
907,646.756449134702
908,537.942865611127
909,364.876357906255
910,535.792570622586
911,1160.24968941485
912,1709.93660029898
913,2164.39586159085
914,2685.0986148576003
915,2804.1862785122603
916,2709.4207889327104
917,2581.66487107894
918,2230.15945534673
919,1317.78410352651
920,1208.01951562802
921,1010.56697513641
922,802.4944366533881
923,1274.39892396171
924,1194.66850324176
925,2071.86597814964
926,2196.38473537324
927,2256.2812939977
928,1982.74643723622
929,1598.87663209022
930,595.4391364288749
931,435.83215318172404
932,155.54703503322798
933,117.726255758328
934,218.04004945771098
935,895.8513577483141
936,1095.4941467354
937,2022.54792091972
938,2291.87256744952
939,2836.63257404961
940,2576.78835569077
941,2055.8056217347303
942,1644.46282471508
943,1462.5338453645002
944,621.601337323969
945,368.613064099797
946,573.705603464005
947,870.749633787203
948,1347.32591052711
949,1398.48290139423
950,1800.2816977903399
951,1605.60157864452
952,1429.1426760281602
953,1397.5512008192902
954,967.952264224946
955,88.42075142974831
956,108.13705606908
957,96.51824065737841
958,-135.994686425612
959,792.638331261236
960,1110.8714614093499
961,1921.13676509477
962,2099.0123420956697
963,2377.77554670185
964,2538.8894484049
965,2077.46677764308
966,1413.87783687917
967,1053.51712203525
968,691.2151969791651
969,661.126401229246
970,348.556058279394
971,966.6388722547141
972,1070.65132081754
973,1592.2811857014
974,1933.79158410364
975,1834.25492941392
976,1752.11732101623
977,1171.4023454640599
978,985.280223827384
979,395.732083752137
980,117.53047539031999
981,49.5404973531872
982,316.70949835517996
983,799.332456838158
984,1082.50847266791
985,1976.5822760545002
986,2401.23909587345
987,2501.85469130589
988,2560.94166160048
989,2324.6750105576198
990,1774.15750823821
991,1062.03712528275
992,951.916139747612
993,762.201455568923
994,905.8684253380301
995,1060.88548280708
996,1328.28007069652
997,1379.6503291293802
998,1660.8479539114098
999,2018.7456372023103
1000,1797.85229997803
1001,1666.91382601796
1002,1120.5232099591199
1003,559.656858052842
1004,-0.904482478617183
1005,242.89561980595798
1006,675.009352690768
1007,943.010690307435
1008,1637.35491362315
1009,1999.1970116171103
1010,2706.64871121505
1011,2793.8891535645803
1012,2835.72132704139
1013,2475.16595141269
1014,1937.9893111563001
1015,1572.91326701852
1016,984.8747156859199
1017,1058.23566019809
1018,1365.5188579829198
1019,1454.96718646526
1020,1707.15894710583
1021,2053.7679331063
1022,2279.5989244003
1023,2534.53490194202
1024,2172.15874263807
1025,1968.5572714334303
1026,1546.09741344337
1027,690.3993053163251
1028,698.0584006356099
1029,606.208289358897
1030,695.261942488875
1031,1203.8592536633
1032,1863.2769311451998
1033,2508.9955911842603
1034,3235.9744297542898
1035,3183.0594614167303
1036,3232.06040458967
1037,2538.92663383435
1038,2205.51948494119
1039,1608.52943649104
1040,1747.87829185082
1041,1204.13258996143
1042,1374.86343506526
1043,1551.9228461804198
1044,1678.42243785596
1045,2289.81179610977
1046,2670.4385651242
1047,2832.33575709324
1048,4832.69743624729
1049,1894.7806844173397
1050,1726.11934647347
1051,862.556519398441
1052,870.5097095288189
1053,765.8330290367791
1054,1196.13528043645
1055,1371.6321092082499
1056,2014.34589479435
1057,2778.33586826632
1058,3110.77353202669
1059,3019.5956728842198
1060,3587.9331374600897
1061,2718.91684118285
1062,2204.41583661455
1063,1915.8407761545002
1064,1591.6266831957098
1065,1168.31454758235
1066,1353.2399021214699
1067,1517.76481704387
1068,2143.4536133471397
1069,2265.0568051522896
1070,2453.0226357409697
1071,2630.18708159418
1072,2330.2403294504197
1073,1764.14341054332
1074,1124.57430631747
1075,620.509360697686
1076,579.006177681234
1077,343.936094680119
1078,657.022446259348
1079,1288.8325280987199
1080,1754.99559507411
1081,2426.6915135908603
1082,2847.11207285203
1083,3029.85216992025
1084,2803.07525165015
1085,2849.2391937439197
1086,2223.7473809224803
1087,1822.4163843256897
1088,1454.18327387329
1089,956.386177954377
1090,754.2081122172
1091,1118.99885659996
1092,1777.69614182443
1093,2028.26637503788
1094,2141.8650909986
1095,2302.51743420016
1096,1980.7213588828301
1097,1517.0407998521698
1098,977.930218503577
1099,740.266245966793
1100,184.08821245036498
1101,197.565061767359
1102,421.71841066319
1103,982.691832202381
1104,1609.01388062912
1105,2244.87831900842
1106,2516.84429554358
1107,2747.3831225809304
1108,2756.90407064721
1109,2410.1956067207398
1110,2062.83926816842
1111,1347.70022325931
1112,-1626.82164224721
1113,835.373408815262
1114,822.533150417946
1115,1064.04043535745
1116,1513.7267622606198
1117,1706.2911046416198
1118,1860.9384413944897
1119,2027.2529381707398
1120,1811.8983994719601
1121,1302.00059663869
1122,771.1515455194459
1123,307.147786503744
1124,108.120642902953
1125,163.842256705306
1126,358.75788350590796
1127,786.350413782382
1128,1148.45023150345
1129,1939.06360707636
1130,2562.90425436552
1131,2917.4165814929997
1132,2457.16309450234
1133,2361.71049581958
1134,1753.02007962898
1135,1176.0854429343499
1136,773.549116680393
1137,690.1793918452471
1138,644.378328137607
1139,1290.7378676036801
1140,1216.34227899796
1141,1875.74279267845
1142,2016.02928022849
1143,1914.8262694120301
1144,2019.2432151509302
1145,1579.84818788096
1146,900.050485099486
1147,437.12113284628504
1148,69.3208955648281
1149,93.2095337869701
1150,196.968428559353
1151,629.747065742876
1152,1340.9612377070698
1153,2044.81083554318
1154,2475.2580576792398
1155,2603.38191072613
1156,2774.9005950118
1157,2273.0740891582
1158,1875.2679794041298
1159,1469.53002102366
1160,952.9212393933279
1161,1159.53052237026
1162,1022.2234237202301
1163,1233.06163101385
1164,1363.83719945438
1165,2049.7904157522103
1166,2343.19899279996
1167,2285.8741587808104
1168,1924.6810656717998
1169,1661.7977478563098
1170,1157.15709152586
1171,785.5223659491111
1172,326.12006558587603
1173,533.292115449874
1174,734.3746835654491
1175,1267.10079973233
1176,1890.0512431044
1177,2719.4387356645498
1178,3117.5831964870504
1179,3426.05177941891
1180,3019.9725323059697
1181,2676.52784634592
1182,2339.44622158242
1183,2032.85967819255
1184,1782.4907142694396
1185,1384.9273574836902
1186,1321.82534911416
1187,1612.83491720741
1188,1824.8129348429502
1189,2089.0649348871398
1190,2563.9585566223604
1191,2446.38281839338
1192,2425.4485563110397
1193,2126.46628577421
1194,1372.13746950484
1195,763.66856388813
1196,675.283789954965
1197,756.649909455975
1198,1012.70698627845
1199,1707.80476641676
1200,2271.88297025075
1201,2749.0805199177503
1202,2988.96740356142
1203,3524.36857110796
1204,3517.11810326479
1205,3310.74653283058
1206,2994.9331367969503
1207,1929.92691394302
1208,1690.8794297509
1209,1453.6194894524301
1210,1697.53444703466
1211,1566.9490234882098
1212,2119.45214867605
1213,2442.02770692869
1214,2848.2612858107104
1215,2818.61976512021
1216,2600.05441320048
1217,2042.8868272668499
1218,1836.46333704273
1219,1110.24216376447
1220,991.671132242121
1221,799.77813446819
1222,1060.6596561208
1223,1404.7607411092902
1224,2075.9655428625
1225,2731.43730936165
1226,3185.8455546147698
1227,3332.5419210558002
1228,3215.2930305574396
1229,2906.0137554010103
1230,2341.11220164405
1231,2132.46225385222
1232,1732.05431982151
1233,1470.3023081079502
1234,1521.3459989758899
1235,1319.85471104899
1236,2135.7714646586396
1237,2337.2480642013898
1238,2567.5290381514897
1239,2548.92589087752
1240,2493.74382583334
1241,1873.27372050108
1242,1887.4167305861604
1243,1093.12160959349
1244,642.793026514184
1245,685.246018834129
1246,1210.23421581968
1247,1063.31451162643
1248,1877.91190956512
1249,2366.7098337992
1250,2526.3529442207896
1251,3388.5840175062103
1252,2984.2275726542
1253,2763.8785401508303
1254,2291.7818879986303
1255,1838.0417377920103
1256,1584.27062964112
1257,1161.17579026289
1258,1203.69207481835
1259,1626.2100227303
1260,1629.7427409052
1261,2288.40065863796
1262,2452.2338953401604
1263,2478.19360585015
1264,2130.7491680374696
1265,1540.1317890747198
1266,1528.74672017655
1267,748.310560259716
1268,527.498116546191
1269,453.79866404871495
1270,737.060555409636
1271,977.559874713675
1272,1535.47650999147
1273,2152.8730040175196
1274,2653.6420708770497
1275,2828.1656595781105
1276,2834.57028044895
1277,2828.60185961755
1278,2048.98906555519
1279,1567.5979473243801
1280,862.252174715897
1281,1003.38610739362
1282,1032.62898296726
1283,1119.7135050938198
1284,1569.71656375034
1285,1626.93520646708
1286,2194.2844628970997
1287,2479.12206527228
1288,1785.4898522692001
1289,1663.05525038095
1290,953.848682091692
1291,631.022695171926
1292,96.7399281635729
1293,258.482262383806
1294,348.946845337358
1295,881.210005065566
1296,1369.5546075859402
1297,2117.0474205597798
1298,2195.1395498101997
1299,2646.63384494126
1300,2677.5753371834803
1301,2346.9107209227
1302,1837.53777919928
1303,1461.10871541067
1304,1039.99576450047
1305,626.953318220802
1306,1046.44237004355
1307,946.248771256639
1308,1449.90885362375
1309,2044.2760669306601
1310,2046.52759982401
1311,2141.62342858798
1312,1838.1983941280898
1313,1377.5050928295902
1314,1131.89782631105
1315,384.67973746258497
1316,288.947916697753
1317,429.23503087449205
1318,709.1344800815939
1319,985.229394757439
1320,1586.37723604633
1321,2142.21152070922
1322,2485.00223135565
1323,2875.59100915833
1324,2778.76512018193
1325,2373.6349919948498
1326,2111.2114630166197
1327,1839.5311830901899
1328,1292.52759827361
1329,961.977506786111
1330,1157.51497994099
1331,1368.22976949265
1332,1713.0714357529998
1333,2238.0075568041198
1334,2272.9830404925897
1335,2544.52644113837
1336,2301.64936221905
1337,2004.7985244210502
1338,1327.31261999489
1339,929.832985927104
1340,383.758334062602
1341,637.336560017135
1342,724.6119358379849
1343,1213.64622412946
1344,2188.73753719153
1345,2508.5071183956397
1346,3075.95659759635
1347,3355.95724280164
1348,3342.8414524988398
1349,2809.3846816931896
1350,2419.56674728495
1351,1726.09634039793
1352,1977.4097883526802
1353,1512.3721415651098
1354,1414.5519163354002
1355,1643.0948310887698
1356,2153.1126905532897
1357,2602.827324107
1358,2671.0069323354896
1359,2890.5304595323805
1360,2745.7649984786103
1361,2090.8913550805
1362,1711.8073176184198
1363,1213.40034985977
1364,774.615958861001
1365,975.1592403641839
1366,999.0687594651461
1367,1485.11558240272
1368,2427.51361720995
1369,2810.7324342755796
1370,3292.75336004943
1371,3545.7332533225604
1372,3472.7230637237103
1373,3205.26985061914
1374,2794.5502428455898
1375,2179.39748007559
1376,1889.76837036901
1377,1437.5507357709698
1378,1774.2581604945399
1379,1955.90540343612
1380,1988.9233221343
1381,3084.02062243083
1382,3100.26908671781
1383,2963.56582483801
1384,2690.5482076246
1385,2491.2108193405397
1386,1674.59668104905
1387,1366.0792596031301
1388,1024.26016096303
1389,854.985708853411
1390,1243.55942497762
1391,1498.6552361434801
1392,2349.9946102381
1393,2976.64759481472
1394,3482.17096017241
1395,3639.1838623203203
1396,3426.70393498911
1397,3289.6528439794897
1398,2466.91740201932
1399,2011.25111111089
1400,1820.3078328344
1401,1695.97262132333
1402,1613.88461064839
1403,1899.79295942749
1404,2226.0508786863
1405,2480.63691448332
1406,2765.2858047483196
1407,3078.73237122443
1408,2667.85819397137
1409,2255.65052334566
1410,1780.04476566042
1411,1479.96707551708
1412,906.4675427556031
1413,1000.7719697711501
1414,982.11910694888
1415,1596.52924423839
1416,2155.4784064813
1417,2652.18018895358
1418,3124.56834219351
1419,3548.02770327414
1420,3497.54149964544
1421,2953.79449951885
1422,2355.44630681551
1423,2145.68365084782
1424,1657.0562436017
1425,1227.59850889386
1426,1145.6412162585
1427,1887.15912356242
1428,1778.5880183992
1429,2362.59324443382
1430,2474.29756800913
1431,2677.72311418005
1432,2450.86981123553
1433,1901.2064296829801
1434,1462.5084634514901
1435,771.391955080504
1436,850.319693933042
1437,634.197590650017
1438,635.464431524397
1439,1301.9260301746401
1440,1883.06979606787
1441,2470.91737919093
1442,2848.4792421528496
1443,2882.2748652579
1444,3286.3375615132
1445,2305.9661003784804
1446,2169.83985946173
1447,1812.19796020474
1448,1092.9603789174198
1449,1009.45199105006
1450,927.19087582502
1451,1377.62304206448
1452,1593.1995438174301
1453,2098.2378827878697
1454,2319.58953748329
1455,2378.90350252411
1456,1916.6262536348002
1457,1757.45578802616
1458,1465.06589332712
1459,853.7338483082159
1460,223.017970325914
1461,167.517986918707
1462,496.700143342733
1463,1110.49210284316
1464,-820.778196057529
1465,2354.84460271042
1466,2749.8729866787203
1467,3139.2517839494103
1468,2992.37525396268
1469,2691.15387304263
1470,2144.5712860940303
1471,1429.3607967759801
1472,1362.4278789062598
1473,875.926361663662
1474,994.5809608592019
1475,1085.73940466095
1476,1693.54819257669
1477,1792.22836955089
1478,2273.69409990663
1479,2546.09630181777
1480,2276.7970668009198
1481,1841.8074129331198
1482,1163.5643028491302
1483,738.062743277081
1484,774.9901175570959
1485,231.09066130588403
1486,730.4151330030929
1487,928.1303269629
1488,1872.7348397866
1489,2354.1983301115697
1490,2957.1330870882202
1491,3013.01250447549
1492,2949.8950861225703
1493,2707.02987220237
1494,2376.51322072136
1495,1819.3547549379502
1496,1706.25786815139
1497,1459.50766754966
1498,1504.79287653759
1499,1512.6006473038
1500,1702.21563538796
1501,1990.68480540832
1502,2585.3289496460698
1503,2789.72352555872
1504,2469.46475514163
1505,2095.45436179852
1506,1275.22503123254
1507,859.5942757563021
1508,944.8123707927961
1509,1000.3552562634
1510,845.537183276964
1511,1617.0773081751001
1512,2023.85968645458
1513,2459.93700777505
1514,3249.62300214128
1515,3666.5296766296
1516,3088.5266745862396
1517,2844.5646940233
1518,2435.75958788507
1519,2068.4955121497896
1520,1840.97027458655
1521,1721.20117646315
1522,1486.5306294657
1523,2116.7573469661497
1524,2312.7857639371696
1525,2839.20368540932
1526,2835.92713495058
1527,2728.81416195595
1528,2718.0965348349
1529,2114.36715327628
1530,1969.6063020932002
1531,1316.45191760848
1532,1335.50935722392
1533,800.6183700779021
1534,1288.98049128131
1535,1692.4835545461701
1536,2435.98241858124
1537,3077.61922624114
1538,3591.42267962651
1539,3776.6846597893
1540,3762.23504021048
1541,3364.7751243679304
1542,2902.9957700834198
1543,2401.1637297328502
1544,2005.2332733687301
1545,1651.96280919077
1546,1753.1093275923402
1547,2246.16020755111
1548,2307.00058583066
1549,3201.16722566772
1550,3061.74716177752
1551,3361.87970725845
1552,3037.32789080169
1553,2410.10284951358
1554,2084.56567958323
1555,1605.89962314963
1556,1074.3069008551
1557,1185.4433172464699
1558,1275.2440786642999
1559,1655.14878653681
1560,2574.92907384333
1561,3055.5988726411797
1562,3457.47032147882
1563,3877.7482122291
1564,3456.2498386253997
1565,3102.34991267451
1566,3017.0514628418
1567,2574.3749541008397
1568,1905.62495449841
1569,1820.5511944868301
1570,1679.1658929590699
1571,2152.24117169138
1572,2357.70661942687
1573,3107.94254931755
1574,3101.34694869597
1575,3231.3684990011798
1576,2843.1192518062603
1577,2393.2598302823103
1578,2039.1209464805
1579,1312.31623742578
1580,1273.11756577836
1581,1308.5659476982598
1582,1512.6618544554801
1583,1853.2206572501602
1584,2231.12161721709
1585,2872.09365028658
1586,3532.4990087558704
1587,3467.97800824872
1588,3319.3355320053
1589,3138.6748740194703
1590,2517.62911734079
1591,2220.20480462885
1592,1553.17150691971
1593,1604.4557928368201
1594,1783.50672570101
1595,1913.8781702621302
1596,2175.2624047798604
1597,2371.8167581304397
1598,2671.3087879712602
1599,2835.7894710952696
1600,2475.1528187302897
1601,2262.0470509377697
1602,1257.7428812368198
1603,804.752379796241
1604,701.9135188913209
1605,767.9241018654599
1606,954.211670895107
1607,1231.1015490849
1608,1931.99543540751
1609,2653.84345760005
1610,3043.65306849241
1611,3290.5656084893703
1612,3179.88828004502
1613,2890.4881893105894
1614,2158.64828210742
1615,2000.5165825749102
1616,1495.23041833055
1617,1176.76235094233
1618,1287.22333745746
1619,1461.15900922171
1620,2062.59171969293
1621,2122.9744276522697
1622,2456.99475056714
1623,2474.79128504399
1624,2381.6014633689497
1625,1682.7739699258898
1626,1284.34229313784
1627,724.3395825810969
1628,699.1018270292129
1629,666.333971078816
1630,1085.3002307975698
1631,1388.9724894674
1632,1972.8842531281302
1633,2696.2025286037197
1634,2796.5700989028005
1635,3182.71147090086
1636,2994.7195391653004
1637,2710.47449617971
1638,2326.34272219564
1639,1861.7010255146201
1640,1319.83395986398
1641,1075.2580794814999
1642,1081.44786829072
1643,1431.6633080567199
1644,1695.16016674574
1645,2114.29847947969
1646,2345.17007436748
1647,2362.8038172795
1648,2422.56936479183
1649,2141.0977498943
1650,1702.5995262945999
1651,1165.00863243899
1652,824.666488436969
1653,529.325394907991
1654,1000.55918507922
1655,1204.77119973974
1656,1920.97382207038
1657,2370.26562918052
1658,3246.14705583338
1659,3173.06629614512
1660,3194.1345931700503
1661,3052.90152299404
1662,2358.3016971085
1663,2095.82881849131
1664,1528.00877505334
1665,1550.46920164004
1666,-855.53162031487
1667,1781.4153436897602
1668,2249.5580493818397
1669,2430.69193372406
1670,2784.31570398747
1671,2833.96049885947
1672,2546.8476411405604
1673,2110.56294674308
1674,1752.2078048028302
1675,1007.2272943305901
1676,1084.48787518066
1677,677.7056529879061
1678,1049.44390262204
1679,1709.0248617345198
