23592.119009,-0.217346,-1.068619,-0.018112
23592.129079,-0.036224,-0.778824,0.380356
23592.139158,0.108673,-0.652039,0.452805
23592.149205,0.380356,-0.742599,0.525253
23592.159403,0.470917,-1.068619,0.652039
23592.169311,0.561478,-1.340302,0.688263
23592.179346,0.615814,-1.557648,0.543365
23592.189905,0.543365,-1.630096,0.326019
23592.200577,0.489029,-1.575760,0.054337
23592.210016,0.398468,-1.412750,-0.144897
23592.220374,0.253571,-1.086731,-0.235458
23592.230143,0.217346,-0.869385,-0.217346
23592.240599,0.199234,-0.615814,-0.235458
23592.250736,0.253571,-0.543365,-0.217346
23592.260488,0.326019,-0.633926,-0.217346
23592.271024,0.344131,-0.670151,-0.199234
23592.281772,0.307907,-0.633926,-0.199234
23592.291436,0.253571,-0.561478,-0.217346
23592.301334,0.253571,-0.525253,-0.253571
23592.311545,0.235458,-0.543365,-0.289795
23592.321590,0.199234,-0.579590,-0.307907
23592.332357,0.163010,-0.597702,-0.271683
23592.341472,0.126785,-0.633926,-0.271683
23592.351897,0.072449,-0.706375,-0.289795
23592.361985,0.054337,-0.742599,-0.253571
23592.372168,0.018112,-0.778824,-0.199234
23592.383079,-0.072449,-0.833160,-0.217346
23592.392049,-0.163010,-0.833160,-0.235458
23592.402475,-0.235458,-0.778824,-0.235458
23592.413230,-0.181122,-0.633926,-0.144897
23592.422586,-0.126785,-0.525253,-0.054337
23592.433352,-0.090561,-0.489029,0.054337
23592.443623,-0.072449,-0.525253,0.108673
23592.453215,-0.072449,-0.633926,0.181122
23592.464005,-0.054337,-0.778824,0.235458
23592.473343,-0.054337,-0.923721,0.235458
23592.483868,-0.072449,-1.068619,0.253571
23592.493388,-0.108673,-1.141068,0.235458
23592.503463,-0.090561,-1.213516,0.217346
23592.514771,0.072449,-1.104843,-0.018112
23592.525021,0.163010,-1.032394,-0.253571
23592.534335,0.271683,-1.014282,-0.724487
23592.545290,0.344131,-1.122955,-0.833160
23592.555531,0.235458,-1.267853,-0.615814
23592.565767,0.090561,-1.448975,-0.615814
23592.575827,0.072449,-1.684433,-0.561478
23592.586026,0.090561,-1.883667,-0.525253
23592.596174,0.217346,-1.956116,-0.615814
23592.605866,0.344131,-1.811218,-0.688263
23592.615457,0.452805,-1.557648,-0.688263
23592.625634,0.489029,-1.485199,-0.652039
23592.636642,0.525253,-1.394638,-0.507141
23592.646895,0.507141,-1.430862,-0.362244
23592.657264,0.489029,-1.503311,-0.271683
23592.667169,0.434692,-1.430862,-0.217346
23592.677512,0.307907,-1.177292,-0.163010
23592.687607,0.253571,-0.978058,-0.199234
23592.697789,0.253571,-0.869385,-0.217346
23592.707974,0.253571,-0.851273,-0.253571
23592.718150,0.217346,-0.869385,-0.289795
23592.728375,0.163010,-0.887497,-0.271683
23592.738544,0.181122,-0.869385,-0.163010
23592.748683,0.199234,-0.670151,-0.108673
23592.758892,0.235458,-0.561478,-0.072449
23592.769090,0.217346,-0.452805,-0.072449
23592.779277,0.235458,-0.344131,-0.072449
23592.789457,0.217346,-0.271683,-0.054337
23592.799708,0.217346,-0.235458,-0.054337
23592.809867,0.235458,-0.217346,-0.036224
23592.819965,0.217346,-0.217346,-0.018112
23592.830287,0.235458,-0.217346,0.018112
23592.840433,0.235458,-0.253571,0.036224
23592.850649,0.217346,-0.307907,0.036224
23592.860797,0.235458,-0.380356,0.054337
23592.870987,0.253571,-0.416580,0.054337
23592.881180,0.271683,-0.380356,0.018112
23592.891363,0.271683,-0.362244,-0.036224
23592.901501,0.271683,-0.326019,-0.144897
23592.911723,0.326019,-0.289795,-0.271683
23592.921905,0.398468,-0.344131,-0.416580
23592.932229,0.525253,-0.452805,-0.543365
23592.942290,0.652039,-0.724487,-0.670151
23592.952445,0.778824,-1.086731,-0.815048
23592.962649,0.815048,-1.648209,-1.050507
23592.972184,0.724487,-2.082901,-1.557648
23592.983090,0.181122,-2.028564,-1.304077
23592.993091,-0.235458,-1.122955,-0.833160
23593.003475,-0.144897,-0.833160,-0.235458
23593.013633,-0.072449,-0.561478,0.253571
23593.023829,-0.054337,-0.380356,0.362244
23593.034006,-0.108673,-0.344131,0.344131
23593.044196,-0.090561,-0.380356,0.344131
23593.054327,0.072449,-0.307907,0.217346
23593.064567,0.235458,-0.470917,0.108673
23593.074819,0.235458,-0.941833,0.072449
23593.084961,0.199234,-2.010452,-2.082901
23593.095152,0.579590,-2.119125,-1.611984
23593.104758,0.652039,-1.974228,0.344131
23593.114562,0.507141,-1.974228,1.141068
23593.124457,0.416580,-1.738770,0.959946
23593.134937,0.217346,-1.304077,0.742599
23593.144675,0.163010,-1.104843,0.615814
23593.155765,0.235458,-1.358414,0.543365
23593.166178,0.344131,-1.865555,0.434692
23593.176284,0.380356,-1.901779,0.253571
23593.186339,0.380356,-1.684433,-0.072449
23593.196384,0.543365,-1.376526,-0.489029
23593.206488,0.760712,-0.959946,-1.086731
23593.216538,0.615814,-0.760712,-0.163010
23593.226697,0.633926,-0.796936,0.344131
23593.236981,0.778824,-1.285965,0.326019
23593.247139,1.376526,-1.503311,0.253571
23593.257373,1.485199,-1.611984,0.181122
23593.267524,1.213516,-1.376526,0.181122
23593.277709,0.959946,-1.014282,0.199234
23593.287903,0.778824,-0.796936,0.163010
23593.298087,0.688263,-0.724487,0.126785
23593.308258,0.688263,-0.670151,0.090561
23593.318411,0.670151,-0.597702,0.072449
23593.328658,0.561478,-0.489029,0.090561
23593.338811,0.452805,-0.489029,0.090561
23593.349125,0.434692,-0.543365,0.090561
23593.359189,0.380356,-0.597702,0.072449
23593.369352,0.362244,-0.652039,0.072449
23593.379542,0.307907,-0.670151,0.072449
23593.389690,0.271683,-0.706375,0.090561
23593.399898,0.253571,-0.724487,0.090561
23593.410089,0.217346,-0.760712,0.090561
23593.420276,0.181122,-0.815048,0.108673
23593.430483,0.163010,-0.833160,0.108673
23593.440700,0.126785,-0.851273,0.090561
23593.450882,0.090561,-0.851273,0.036224
23593.461067,0.036224,-0.851273,-0.018112
23593.471205,-0.018112,-0.869385,-0.018112
23593.481411,0.018112,-1.014282,0.054337
23593.491631,0.018112,-1.068619,0.072449
23593.501806,-0.018112,-1.141068,0.090561
23593.511995,-0.018112,-1.231628,0.126785
23593.522118,-0.054337,-1.285965,0.144897
23593.532383,-0.090561,-1.322189,0.144897
23593.542565,-0.108673,-1.340302,0.163010
23593.552704,-0.126785,-1.376526,0.199234
23593.562864,-0.144897,-1.376526,0.217346
23593.573102,-0.144897,-1.358414,0.217346
23593.583292,-0.144897,-1.322189,0.163010
23593.593458,-0.144897,-1.304077,-0.181122
23593.603065,0.144897,-1.195404,-1.195404
23593.612740,0.434692,-1.213516,-1.159180
23593.623945,0.525253,-1.249741,-0.851273
23593.633716,0.670151,-1.177292,-0.869385
23593.644324,0.760712,-1.068619,-0.887497
23593.654468,0.778824,-0.996170,-0.670151
23593.664685,0.778824,-1.014282,-0.525253
23593.674823,0.815048,-1.068619,-0.452805
23593.685063,0.978058,-1.141068,-0.416580
23593.695243,1.503311,-1.249741,-0.525253
23593.705411,2.010452,-1.195404,-0.633926
23593.715634,1.883667,-0.923721,-0.543365
23593.726034,1.394638,-0.760712,-0.235458
23593.736061,1.177292,-0.652039,0.000000
23593.746225,1.014282,-0.561478,0.036224
23593.756377,0.905609,-0.543365,-0.054337
23593.766544,0.724487,-0.597702,-0.108673
23593.777040,0.579590,-0.633926,-0.072449
23593.787162,0.470917,-0.652039,0.054337
23593.797400,0.362244,-0.652039,0.036224
23593.807574,0.307907,-0.670151,0.036224
23593.817700,0.307907,-0.652039,0.072449
23593.827949,0.289795,-0.652039,0.090561
23593.838158,0.271683,-0.633926,0.090561
23593.848278,0.217346,-0.615814,0.108673
23593.858542,0.181122,-0.579590,0.054337
23593.868754,0.090561,-0.543365,-0.018112
23593.878865,0.054337,-0.561478,-0.054337
23593.889048,-0.018112,-0.525253,-0.036224
23593.899239,-0.036224,-0.507141,-0.018112
23593.909414,-0.036224,-0.452805,-0.018112
23593.919559,-0.054337,-0.398468,-0.018112
23593.929744,0.018112,-0.326019,-0.018112
23593.940019,0.289795,-0.326019,-0.126785
23593.950140,0.579590,-0.307907,-0.144897
23593.960318,0.615814,-0.326019,-0.181122
23593.970459,0.652039,-0.398468,-0.271683
23593.980760,0.688263,-0.489029,-0.344131
23593.990926,0.724487,-0.579590,-0.416580
23594.001130,0.742599,-0.688263,-0.489029
23594.011254,0.688263,-0.959946,-0.579590
23594.021415,0.543365,-1.285965,-0.815048
23594.031579,0.181122,-1.539536,-1.195404
23594.041807,-0.108673,-1.938004,-1.412750
23594.051921,-0.380356,-2.155350,-1.358414
23594.062141,-0.561478,-1.938004,-1.050507
23594.072285,-0.615814,-1.575760,-0.579590
23594.082489,-0.652039,-1.412750,-0.271683
23594.092641,-0.507141,-1.394638,-0.126785
23594.102206,-0.434692,-1.684433,-0.199234
23594.111930,-0.344131,-2.046677,-0.380356
23594.123357,0.090561,-1.738770,-0.072449
23594.133336,0.163010,-1.159180,0.054337
23594.143782,0.271683,-0.633926,-0.018112
23594.153906,0.380356,-0.253571,-0.271683
23594.164108,0.470917,0.018112,-0.615814
23594.174250,0.507141,0.090561,-0.018112
23594.184481,0.434692,-0.398468,0.072449
23594.194695,0.470917,-0.778824,0.181122
23594.204888,0.561478,-1.122955,0.271683
23594.215071,0.633926,-1.485199,0.344131
23594.225314,0.706375,-1.702545,0.380356
23594.235454,0.742599,-1.666321,0.398468
23594.245694,0.742599,-1.503311,0.362244
23594.255866,0.724487,-1.249741,0.344131
23594.266050,0.778824,-0.941833,0.289795
23594.276237,0.905609,-0.742599,0.235458
23594.286468,0.796936,-0.597702,0.144897
23594.296581,0.670151,-0.543365,0.108673
23594.306630,0.597702,-0.561478,0.072449
23594.316954,0.615814,-0.579590,0.090561
23594.327254,0.652039,-0.688263,0.090561
23594.337329,0.724487,-0.778824,0.090561
23594.347531,0.670151,-0.851273,0.072449
23594.357754,0.579590,-0.851273,0.090561
23594.368028,0.507141,-0.833160,0.072449
23594.378117,0.470917,-0.778824,0.054337
23594.388287,0.470917,-0.760712,0.072449
23594.398460,0.452805,-0.724487,0.072449
23594.408660,0.380356,-0.760712,0.090561
23594.418849,0.271683,-0.869385,0.072449
23594.428992,0.235458,-0.978058,0.108673
23594.439213,0.217346,-1.086731,0.126785
23594.449445,0.217346,-1.195404,0.163010
23594.459656,0.181122,-1.304077,0.163010
23594.469742,0.144897,-1.322189,0.163010
23594.479957,0.090561,-1.322189,0.108673
23594.490151,0.036224,-1.267853,0.054337
23594.500309,-0.054337,-1.213516,-0.090561
23594.510576,-0.144897,-1.122955,-0.326019
23594.520727,-0.235458,-1.068619,-0.507141
23594.530924,-0.235458,-1.050507,-0.470917
23594.541111,-0.235458,-1.068619,-0.434692
23594.551301,-0.217346,-1.086731,-0.326019
23594.561427,-0.199234,-1.104843,-0.217346
23594.571630,-0.181122,-1.086731,-0.181122
23594.581821,-0.126785,-1.104843,-0.144897
23594.591965,-0.090561,-1.086731,-0.108673
23594.601497,-0.054337,-1.104843,-0.018112
23594.611246,-0.018112,-1.122955,0.054337
23594.622260,0.018112,-1.068619,0.108673
23594.632515,0.054337,-0.978058,0.126785
23594.642746,0.072449,-0.941833,0.108673
23594.652901,0.090561,-1.014282,0.036224
23594.663088,0.144897,-1.068619,-0.054337
23594.673220,0.217346,-1.104843,-0.217346
23594.683437,0.289795,-1.104843,-0.344131
23594.693627,0.344131,-1.122955,-0.344131
23594.703818,0.416580,-1.141068,-0.307907
23594.714017,0.489029,-1.195404,-0.289795
23594.724171,0.543365,-1.304077,-0.326019
23594.734482,0.579590,-1.340302,-0.470917
23594.744679,0.615814,-1.340302,-0.597702
23594.754850,0.615814,-1.213516,-0.633926
23594.765078,0.579590,-1.086731,-0.706375
23594.775256,0.561478,-1.032394,-0.633926
23594.785417,0.543365,-1.014282,-0.543365
23594.795608,0.633926,-1.050507,-0.525253
23594.805801,0.742599,-1.159180,-0.543365
23594.815976,0.923721,-1.195404,-0.507141
23594.826216,1.104843,-1.177292,-0.434692
23594.836352,1.267853,-1.068619,-0.199234
23594.846453,1.593872,-0.905609,0.072449
23594.856585,1.467087,-0.851273,0.271683
23594.866908,1.032394,-0.688263,0.253571
23594.877137,0.760712,-0.615814,0.144897
23594.887324,0.561478,-0.706375,-0.163010
23594.897501,0.253571,-0.815048,-0.253571
23594.907696,0.144897,-0.815048,-0.307907
23594.917883,0.108673,-0.742599,-0.199234
23594.928148,0.108673,-0.615814,0.018112
23594.938257,0.108673,-0.470917,0.163010
23594.948446,0.163010,-0.344131,0.199234
23594.958633,0.199234,-0.217346,0.163010
23594.968802,0.235458,-0.144897,0.126785
23594.978958,0.235458,-0.108673,0.144897
23594.989268,0.235458,-0.054337,0.144897
23594.999339,0.199234,-0.054337,0.126785
23595.009536,0.199234,-0.018112,0.126785
23595.019710,0.199234,-0.072449,0.126785
23595.029870,0.217346,-0.090561,0.144897
23595.040073,0.253571,-0.144897,0.126785
23595.050253,0.235458,-0.199234,0.090561
23595.060501,0.271683,-0.253571,0.054337
23595.070602,0.307907,-0.344131,-0.018112
23595.080812,0.326019,-0.434692,0.018112
23595.090967,0.362244,-0.489029,0.054337
23595.100509,0.398468,-0.507141,0.126785
23595.110214,0.398468,-0.579590,0.144897
23595.120773,0.380356,-0.742599,0.108673
23595.131577,0.470917,-0.887497,-0.126785
23595.141739,0.452805,-1.448975,-0.597702
23595.151198,0.090561,-1.883667,-2.101013
23595.162132,-0.181122,-2.010452,-2.300247
23595.172172,-0.271683,-1.774994,-1.720657
23595.182381,-0.235458,-1.358414,-1.014282
23595.192559,-0.181122,-1.068619,-0.633926
23595.202746,-0.108673,-0.869385,-0.380356
23595.212932,0.018112,-0.688263,-0.181122
23595.223087,0.199234,-0.579590,0.036224
23595.233309,0.362244,-0.470917,0.090561
23595.243516,0.416580,-0.525253,0.036224
23595.253655,0.416580,-0.597702,-0.108673
23595.263909,0.362244,-0.652039,-0.108673
23595.274090,0.362244,-0.724487,-0.144897
23595.284291,0.489029,-0.833160,-0.235458
23595.294480,0.652039,-0.959946,-0.108673
23595.304674,0.742599,-1.050507,-0.163010
23595.314887,0.615814,-1.159180,0.054337
23595.325044,0.543365,-1.557648,0.398468
23595.334583,0.742599,-2.137238,0.000000
23595.345431,0.688263,-2.300247,-2.300247
23595.355586,0.398468,-2.300247,-1.648209
23595.365737,-0.090561,-2.209686,-0.018112
23595.375958,0.126785,-0.833160,0.543365
23595.386153,0.380356,-0.688263,0.724487
23595.396298,0.434692,-0.670151,0.670151
23595.406341,0.507141,-0.724487,0.579590
23595.416553,0.561478,-0.851273,0.561478
23595.426580,0.670151,-1.068619,0.561478
23595.436979,0.724487,-1.231628,0.507141
23595.447159,0.670151,-1.267853,0.362244
23595.457289,0.597702,-1.141068,0.217346
23595.467484,0.525253,-0.996170,0.090561
23595.477715,0.416580,-0.905609,-0.036224
23595.487890,0.253571,-0.796936,-0.434692
23595.498059,0.199234,-0.543365,-1.086731
23595.508251,0.235458,-0.579590,-0.851273
23595.518422,0.271683,-0.706375,-0.326019
23595.528707,0.289795,-0.796936,-0.163010
23595.538811,0.253571,-0.815048,-0.090561
23595.548993,0.181122,-0.760712,-0.181122
23595.559136,0.090561,-0.706375,-0.344131
23595.569386,0.018112,-0.670151,-0.434692
23595.579578,-0.036224,-0.670151,-0.434692
23595.589720,-0.018112,-0.652039,-0.398468
23595.599309,0.018112,-0.670151,-0.307907
23595.609202,0.018112,-0.670151,-0.253571
23595.619273,-0.054337,-0.688263,-0.307907
23595.630508,-0.072449,-0.688263,-0.199234
23595.640617,-0.018112,-0.670151,-0.090561
23595.650401,0.036224,-0.652039,0.036224
23595.660932,0.126785,-0.688263,0.144897
23595.671122,0.199234,-0.724487,0.217346
23595.681337,0.199234,-0.742599,0.271683
23595.691522,0.163010,-0.742599,0.289795
23595.701685,0.108673,-0.778824,0.235458
23595.711871,0.054337,-0.833160,0.090561
23595.722003,-0.018112,-0.923721,-0.090561
23595.732238,0.018112,-0.941833,-0.163010
23595.742434,0.054337,-0.959946,-0.072449
23595.752615,0.181122,-1.050507,-0.072449
23595.762909,0.235458,-1.122955,-0.144897
23595.773043,0.253571,-1.213516,-0.235458
23595.783215,0.181122,-1.267853,-0.470917
23595.793402,0.126785,-1.340302,-0.597702
23595.803588,0.090561,-1.503311,-0.706375
23595.813736,0.108673,-1.630096,-0.760712
23595.823991,0.144897,-1.811218,-0.778824
23595.834200,0.217346,-2.010452,-0.796936
23595.844635,0.344131,-2.101013,-0.724487
23595.854594,0.452805,-1.793106,-0.525253
23595.864743,0.543365,-1.430862,-0.398468
23595.874977,0.489029,-1.340302,-0.362244
23595.885159,0.489029,-1.304077,-0.398468
23595.895338,0.470917,-1.249741,-0.380356
23595.905533,0.452805,-1.159180,-0.326019
23595.915728,0.470917,-1.032394,-0.307907
23595.925880,0.507141,-0.905609,-0.307907
23595.936123,0.525253,-0.778824,-0.326019
23595.946323,0.507141,-0.706375,-0.307907
23595.956452,0.470917,-0.633926,-0.289795
23595.966532,0.380356,-0.597702,-0.235458
23595.976689,0.307907,-0.579590,-0.181122
23595.987102,0.289795,-0.507141,-0.126785
23595.997823,0.253571,-0.416580,-0.072449
23596.007452,0.235458,-0.362244,-0.054337
23596.017639,0.235458,-0.271683,-0.018112
23596.027782,0.217346,-0.199234,0.018112
23596.037965,0.199234,-0.144897,0.018112
23596.048132,0.199234,-0.108673,0.000000
23596.058259,0.181122,-0.090561,0.036224
23596.068441,0.199234,-0.108673,0.036224
23596.078703,0.235458,-0.144897,0.018112
23596.088856,0.289795,-0.217346,-0.018112
23596.098875,0.398468,-0.380356,-0.036224
23596.108496,0.380356,-0.489029,-0.036224
23596.118592,0.344131,-0.525253,-0.036224
23596.129561,0.307907,-0.579590,-0.036224
23596.139680,0.289795,-0.615814,-0.036224
23596.149973,0.380356,-0.561478,-0.217346
23596.160005,0.434692,-0.652039,-0.652039
23596.170155,0.452805,-1.086731,-0.851273
23596.180411,0.416580,-1.557648,-1.285965
23596.190607,0.199234,-1.847443,-1.485199
23596.200779,-0.144897,-1.738770,-1.394638
23596.210956,-0.199234,-1.376526,-0.923721
23596.221088,-0.181122,-1.177292,-0.561478
23596.231320,-0.108673,-0.923721,-0.217346
23596.241506,-0.018112,-0.652039,0.126785
23596.251694,0.108673,-0.525253,0.235458
23596.261842,0.108673,-0.416580,0.181122
23596.272072,0.126785,-0.452805,0.054337
23596.282324,0.199234,-0.615814,-0.018112
23596.292490,0.326019,-0.778824,-0.054337
23596.302662,0.398468,-1.177292,-0.561478
23596.312850,0.561478,-1.738770,-2.155350
23596.323024,0.887497,-1.521423,-1.430862
23596.333232,1.050507,-1.340302,-0.362244
23596.343397,0.760712,-1.159180,-0.163010
23596.353597,0.525253,-1.376526,0.597702
23596.363875,0.416580,-1.394638,0.959946
23596.373984,0.326019,-1.539536,0.796936
23596.384202,0.217346,-2.028564,-0.253571
23596.394407,0.072449,-2.300247,-1.992340
23596.404612,0.072449,-1.919891,-0.724487
23596.414812,0.271683,-1.430862,0.036224
23596.424936,0.452805,-1.231628,0.326019
23596.435241,0.507141,-0.978058,0.615814
23596.445420,0.579590,-0.887497,0.615814
23596.455570,0.561478,-0.978058,0.579590
23596.465760,0.525253,-1.104843,0.470917
23596.476015,0.507141,-1.231628,0.253571
23596.486208,0.507141,-1.304077,0.036224
23596.496337,0.452805,-1.322189,-0.108673
23596.506425,0.398468,-1.159180,-0.072449
23596.516583,0.326019,-0.978058,-0.018112
23596.526910,0.307907,-0.851273,0.018112
23596.537116,0.289795,-0.760712,0.018112
23596.547327,0.253571,-0.670151,0.000000
23596.557469,0.217346,-0.633926,-0.018112
23596.567670,0.217346,-0.633926,-0.090561
23596.577861,0.199234,-0.670151,-0.181122
23596.588065,0.181122,-0.688263,-0.271683
23596.598278,0.181122,-0.670151,-0.344131
23596.607938,0.144897,-0.597702,-0.380356
23596.617529,0.108673,-0.561478,-0.416580
23596.628753,0.090561,-0.525253,-0.416580
23596.638759,0.072449,-0.561478,-0.452805
23596.648923,0.090561,-0.633926,-0.398468
23596.659104,0.108673,-0.688263,-0.271683
23596.669248,0.090561,-0.688263,-0.126785
23596.679523,0.054337,-0.688263,-0.090561
23596.689766,-0.054337,-0.688263,-0.144897
23596.699926,-0.163010,-0.724487,-0.326019
23596.710106,-0.235458,-0.688263,-0.380356
23596.720247,-0.090561,-0.615814,-0.126785
23596.730574,-0.018112,-0.597702,0.054337
23596.740646,0.018112,-0.615814,0.090561
23596.750851,0.072449,-0.633926,0.163010
23596.760987,0.108673,-0.706375,0.253571
23596.771196,0.144897,-0.815048,0.344131
23596.781347,0.181122,-0.978058,0.416580
23596.791350,0.181122,-1.104843,0.434692
23596.801765,0.090561,-1.195404,0.416580
23596.811890,0.018112,-1.014282,0.144897
23596.822103,-0.072449,-0.851273,-0.036224
23596.836505,-0.018112,-0.796936,-0.144897
23596.842488,0.108673,-0.851273,-0.579590
23596.852710,0.163010,-1.014282,-0.941833
23596.862834,0.144897,-1.177292,-0.561478
23596.873017,0.163010,-1.467087,-0.380356
23596.883208,0.199234,-1.738770,-0.452805
23596.893445,0.217346,-1.956116,-0.688263
23596.903621,0.235458,-2.119125,-0.941833
23596.913831,0.344131,-2.082901,-0.815048
23596.923975,0.434692,-1.901779,-0.597702
23596.934417,0.543365,-1.702545,-0.507141
23596.944414,0.543365,-1.611984,-0.470917
23596.954601,0.489029,-1.575760,-0.398468
23596.964893,0.416580,-1.630096,-0.380356
23596.974999,0.416580,-1.557648,-0.362244
23596.985250,0.344131,-1.358414,-0.271683
23596.995086,0.289795,-1.068619,-0.235458
23597.005746,0.326019,-0.869385,-0.217346
23597.015748,0.380356,-0.742599,-0.199234
23597.025895,0.434692,-0.706375,-0.199234
23597.036115,0.452805,-0.688263,-0.217346
23597.046298,0.452805,-0.706375,-0.163010
23597.056441,0.380356,-0.652039,-0.144897
23597.066567,0.289795,-0.561478,-0.018112
23597.077035,0.326019,-0.416580,0.036224
23597.087139,0.235458,-0.362244,-0.036224
23597.097323,0.217346,-0.289795,-0.036224
23597.106997,0.235458,-0.235458,0.036224
23597.117341,0.253571,-0.199234,0.036224
23597.127744,0.253571,-0.163010,0.018112
23597.137961,0.217346,-0.144897,-0.018112
23597.148133,0.181122,-0.126785,-0.036224
23597.158307,0.181122,-0.126785,-0.036224
23597.168578,0.181122,-0.181122,-0.054337
23597.178853,0.235458,-0.217346,-0.018112
23597.188959,0.253571,-0.344131,0.036224
23597.199174,0.271683,-0.489029,0.072449
23597.209350,0.271683,-0.615814,0.090561
23597.219481,0.289795,-0.670151,0.018112
23597.229690,0.434692,-0.633926,-0.253571
23597.239886,0.507141,-0.706375,-0.615814
23597.250078,0.543365,-1.104843,-0.887497
23597.260227,0.543365,-1.521423,-1.322189
23597.270439,0.326019,-1.793106,-1.611984
23597.280624,-0.054337,-1.720657,-1.014282
23597.290803,-0.199234,-1.104843,-0.579590
23597.301020,-0.126785,-0.851273,-0.289795
23597.311205,-0.090561,-0.615814,-0.036224
23597.321373,-0.054337,-0.434692,0.054337
23597.331671,-0.036224,-0.307907,0.036224
23597.341720,0.018112,-0.289795,-0.054337
23597.352114,0.072449,-0.271683,-0.126785
23597.362259,0.181122,-0.543365,-0.289795
23597.372547,0.217346,-1.322189,-1.322189
23597.382658,0.579590,-1.593872,-1.195404
23597.392856,0.923721,-1.648209,-0.706375
23597.403074,1.340302,-1.666321,-0.470917
23597.413262,1.539536,-1.593872,-0.235458
23597.423447,0.905609,-1.774994,0.416580
23597.433765,0.633926,-2.245911,0.688263
23597.443874,0.271683,-2.300247,0.416580
23597.454079,-0.090561,-2.300247,-0.670151
23597.464244,-0.344131,-1.249741,-1.756882
23597.474456,-0.054337,-0.959946,0.090561
23597.484685,0.090561,-0.833160,0.525253
23597.494873,0.289795,-0.833160,0.688263
23597.505026,0.470917,-0.815048,0.615814
23597.515239,0.525253,-0.959946,0.543365
23597.525393,0.615814,-1.394638,0.326019
23597.535614,0.597702,-1.630096,-0.108673
23597.545800,0.579590,-1.702545,-0.434692
23597.555982,0.452805,-1.340302,-0.326019
23597.566323,0.307907,-1.032394,-0.126785
23597.576322,0.235458,-0.869385,-0.108673
23597.586486,0.199234,-0.706375,-0.072449
23597.596570,0.199234,-0.652039,-0.072449
23597.606235,0.199234,-0.706375,-0.144897
23597.616639,0.217346,-0.688263,-0.199234
23597.627046,0.199234,-0.724487,-0.199234
23597.637229,0.199234,-0.742599,-0.163010
23597.647392,0.181122,-0.724487,-0.126785
23597.657544,0.181122,-0.724487,-0.126785
23597.667876,0.181122,-0.724487,-0.126785
23597.677992,0.144897,-0.706375,-0.181122
23597.688117,0.108673,-0.688263,-0.235458
23597.698298,0.054337,-0.670151,-0.289795
23597.708539,-0.036224,-0.633926,-0.344131
23597.718655,-0.090561,-0.579590,-0.380356
23597.728827,-0.126785,-0.470917,-0.380356
23597.739046,-0.199234,-0.380356,-0.416580
23597.749235,-0.271683,-0.326019,-0.507141
23597.759379,-0.253571,-0.452805,-0.090561
23597.769607,0.036224,-0.815048,0.072449
23597.779804,0.072449,-0.851273,0.108673
23597.789982,0.036224,-0.851273,0.126785
23597.800162,0.036224,-0.778824,0.199234
23597.810385,0.072449,-0.742599,0.163010
23597.820609,0.090561,-0.724487,0.144897
23597.830759,0.072449,-0.796936,0.126785
23597.840920,0.054337,-0.869385,0.108673
23597.851162,0.018112,-0.978058,0.054337
23597.861256,0.018112,-1.122955,-0.036224
23597.871545,0.054337,-1.213516,-0.163010
23597.881672,0.054337,-1.177292,-0.398468
23597.891855,0.126785,-1.249741,-0.615814
23597.902031,0.126785,-1.340302,-0.507141
23597.912242,0.108673,-1.448975,-0.525253
23597.922416,0.144897,-1.521423,-0.652039
23597.932705,0.181122,-1.593872,-0.760712
23597.942809,0.235458,-1.666321,-0.760712
23597.953012,0.307907,-1.684433,-0.652039
23597.963152,0.362244,-1.756882,-0.507141
23597.973333,0.380356,-1.756882,-0.326019
23597.983638,0.380356,-1.666321,-0.199234
23597.993801,0.380356,-1.503311,-0.181122
23598.003916,0.217346,-1.122955,-0.235458
23598.014464,0.199234,-0.959946,-0.199234
23598.024611,0.253571,-0.869385,-0.235458
23598.034816,0.344131,-0.796936,-0.271683
23598.044974,0.416580,-0.778824,-0.271683
23598.055169,0.452805,-0.815048,-0.271683
23598.065339,0.434692,-0.778824,-0.235458
23598.075645,0.326019,-0.688263,-0.181122
23598.085838,0.235458,-0.597702,-0.181122
23598.095650,0.217346,-0.489029,-0.163010
23598.105169,0.199234,-0.398468,-0.144897
23598.115280,0.199234,-0.344131,-0.126785
23598.126436,0.199234,-0.271683,-0.108673
23598.136613,0.217346,-0.235458,-0.054337
23598.146606,0.199234,-0.217346,-0.054337
23598.157009,0.235458,-0.163010,-0.036224
23598.167055,0.235458,-0.199234,-0.036224
23598.177330,0.271683,-0.253571,-0.036224
23598.187551,0.307907,-0.362244,-0.072449
23598.197717,0.326019,-0.434692,-0.072449
23598.207917,0.326019,-0.525253,-0.054337
23598.218115,0.307907,-0.688263,-0.036224
23598.228308,0.344131,-0.796936,-0.235458
23598.238549,0.235458,-0.959946,-0.543365
23598.248717,0.199234,-1.122955,-0.760712
23598.258738,0.163010,-1.358414,-1.068619
23598.269103,0.072449,-1.630096,-1.304077
23598.279295,-0.072449,-1.829330,-1.159180
23598.289480,-0.217346,-1.811218,-0.941833
23598.299655,-0.271683,-1.521423,-0.670151
23598.309845,-0.326019,-1.068619,-0.344131
23598.320064,-0.271683,-0.760712,-0.144897
23598.330190,-0.181122,-0.615814,0.036224
23598.340408,-0.090561,-0.507141,0.144897
23598.350649,-0.036224,-0.217346,0.199234
23598.360746,-0.036224,-0.217346,0.072449
23598.370909,0.108673,-0.380356,-0.036224
23598.381141,0.181122,-0.833160,0.018112
23598.391347,0.344131,-1.104843,-0.217346
23598.401521,0.851273,-1.467087,-1.974228
23598.411705,1.394638,-1.575760,-2.245911
23598.421948,1.213516,-1.575760,0.126785
23598.432073,1.068619,-1.630096,1.521423
23598.442298,0.796936,-1.593872,1.195404
23598.452483,0.633926,-1.974228,-0.398468
23598.462616,0.470917,-2.300247,-1.141068
23598.472812,0.163010,-1.412750,-0.235458
23598.483048,0.289795,-1.231628,0.380356
23598.493234,0.344131,-0.996170,0.470917
23598.503431,0.416580,-0.887497,0.470917
23598.513617,0.452805,-0.923721,0.543365
23598.523792,0.398468,-0.959946,0.507141
23598.533881,0.344131,-1.104843,0.344131
23598.544088,0.235458,-1.231628,0.271683
23598.554271,0.181122,-1.285965,0.163010
23598.564415,0.163010,-1.231628,0.036224
23598.574665,0.126785,-1.159180,-0.108673
23598.584876,0.108673,-1.050507,-0.163010
23598.595009,0.054337,-0.978058,-0.163010
23598.604648,0.108673,-0.869385,-0.126785
23598.614288,0.144897,-0.742599,-0.126785
23598.625511,0.163010,-0.633926,-0.163010
23598.635436,0.199234,-0.597702,-0.144897
23598.645754,0.199234,-0.579590,-0.199234
23598.655948,0.163010,-0.579590,-0.344131
23598.666217,0.144897,-0.543365,-0.597702
23598.676292,0.144897,-0.543365,-0.688263
23598.686516,0.163010,-0.633926,-0.470917
23598.696612,0.163010,-0.724487,-0.289795
23598.706959,0.126785,-0.724487,-0.199234
23598.717110,0.072449,-0.688263,-0.163010
23598.727349,-0.018112,-0.615814,-0.163010
23598.737545,-0.054337,-0.507141,-0.144897
23598.747712,-0.072449,-0.470917,-0.144897
23598.757879,-0.108673,-0.561478,-0.054337
23598.768131,-0.144897,-0.724487,-0.018112
23598.778308,-0.181122,-0.923721,-0.036224
23598.788492,-0.253571,-1.159180,-0.108673
23598.798657,-0.326019,-1.213516,-0.181122
23598.808851,-0.416580,-1.177292,-0.344131
23598.818988,-0.543365,-1.249741,-0.688263
23598.829258,-0.597702,-1.430862,-0.887497
23598.839446,-0.307907,-1.539536,-0.633926
23598.849657,0.018112,-1.557648,-0.434692
23598.859754,0.181122,-1.485199,-0.271683
23598.869985,0.416580,-1.376526,-0.235458
23598.880157,0.633926,-1.195404,-0.108673
23598.890399,0.815048,-0.996170,0.090561
23598.900562,0.923721,-0.796936,0.181122
23598.910727,0.869385,-0.670151,0.108673
23598.920910,0.670151,-0.706375,-0.072449
23598.931073,0.525253,-0.833160,-0.326019
23598.941311,0.452805,-0.959946,-0.525253
23598.951497,0.416580,-0.851273,-0.362244
23598.961633,0.217346,-0.778824,-0.253571
23598.971803,0.181122,-0.724487,-0.181122
23598.982168,0.181122,-0.724487,-0.144897
23598.992232,0.163010,-0.724487,-0.108673
23599.002365,0.181122,-0.742599,-0.126785
23599.012589,0.163010,-0.706375,-0.144897
23599.022778,0.126785,-0.652039,-0.181122
23599.033001,0.108673,-0.597702,-0.163010
23599.043178,0.108673,-0.543365,-0.144897
23599.053381,0.144897,-0.561478,-0.126785
23599.063511,0.181122,-0.579590,-0.108673
23599.073693,0.217346,-0.652039,-0.108673
23599.083784,0.289795,-0.670151,-0.090561
23599.094158,0.289795,-0.688263,-0.072449
23599.103679,0.326019,-0.652039,-0.108673
23599.113419,0.344131,-0.688263,-0.199234
23599.124641,0.398468,-0.706375,-0.452805
23599.134304,0.416580,-0.724487,-0.905609
23599.145054,0.253571,-0.996170,-1.304077
23599.155228,0.126785,-1.503311,-1.376526
23599.165395,-0.108673,-1.919891,-1.195404
23599.175542,-0.235458,-2.119125,-0.869385
23599.185877,-0.398468,-1.992340,-0.470917
23599.196012,-0.398468,-0.833160,-0.217346
23599.206209,-0.326019,-0.525253,0.126785
23599.216328,-0.199234,-0.434692,0.362244
23599.226498,-0.126785,-0.452805,0.362244
23599.236585,-0.108673,-0.507141,0.416580
23599.246650,0.018112,-0.326019,0.217346
23599.256961,0.235458,-0.470917,-0.144897
23599.267103,0.199234,-0.941833,-0.090561
23599.277289,0.742599,-1.539536,-2.300247
23599.287567,0.905609,-2.209686,-1.720657
23599.296962,0.706375,-2.300247,0.688263
23599.307898,0.796936,-2.300247,0.706375
23599.318077,0.597702,-1.847443,-0.380356
23599.328203,0.307907,-1.014282,-0.344131
23599.338451,0.253571,-0.760712,0.434692
23599.348580,0.271683,-0.543365,0.507141
23599.358788,0.362244,-0.652039,0.489029
23599.369191,0.434692,-0.887497,0.416580
23599.379176,0.470917,-1.050507,0.398468
23599.389349,0.507141,-1.285965,0.326019
23599.399542,0.470917,-1.521423,0.235458
23599.409730,0.362244,-1.557648,0.144897
23599.419909,0.235458,-1.412750,0.036224
23599.430049,0.163010,-1.014282,-0.181122
23599.440321,0.072449,-0.778824,-0.271683
23599.450483,0.181122,-0.615814,-0.380356
23599.460629,0.289795,-0.452805,-0.380356
23599.470800,0.326019,-0.434692,-0.307907
23599.481026,0.326019,-0.670151,-0.289795
23599.491212,0.307907,-0.833160,-0.271683
23599.501372,0.271683,-0.869385,-0.217346
23599.511630,0.163010,-0.815048,-0.235458
23599.521824,0.090561,-0.742599,-0.289795
23599.531940,-0.018112,-0.688263,-0.416580
23599.542278,-0.072449,-0.597702,-0.470917
23599.552411,-0.072449,-0.579590,-0.326019
23599.562541,-0.054337,-0.597702,-0.199234
23599.572766,-0.054337,-0.615814,-0.108673
23599.582944,-0.072449,-0.633926,-0.090561
23599.593095,-0.090561,-0.688263,-0.036224
23599.602672,-0.108673,-0.760712,-0.018112
23599.612377,-0.090561,-0.796936,0.018112
23599.623578,-0.072449,-0.887497,-0.018112
23599.633675,-0.090561,-0.959946,-0.072449
23599.643987,-0.126785,-0.941833,-0.108673
23599.654165,-0.163010,-0.869385,-0.126785
23599.664295,-0.126785,-0.869385,-0.362244
23599.674470,-0.036224,-1.068619,-0.507141
23599.684688,0.036224,-1.086731,-0.561478
23599.694903,0.054337,-1.159180,-0.652039
23599.705095,0.108673,-1.231628,-0.742599
23599.715262,0.144897,-1.285965,-0.688263
23599.725559,0.199234,-1.340302,-0.525253
23599.735703,0.289795,-1.304077,-0.380356
23599.745905,0.344131,-1.249741,-0.235458
23599.756108,0.380356,-1.177292,-0.126785
23599.766251,0.398468,-1.195404,-0.090561
23599.776422,0.289795,-1.267853,-0.199234
23599.786501,0.235458,-1.394638,-0.344131
23599.796667,0.289795,-1.557648,-0.416580
23599.807002,0.416580,-1.575760,-0.380356
23599.817130,0.434692,-1.358414,-0.380356
23599.827370,0.307907,-1.086731,-0.344131
23599.837550,0.199234,-0.923721,-0.326019
23599.847715,0.126785,-0.833160,-0.289795
23599.857922,0.144897,-0.815048,-0.199234
23599.868129,0.144897,-0.796936,-0.181122
23599.878299,0.163010,-0.706375,-0.181122
23599.888478,0.163010,-0.615814,-0.163010
23599.898666,0.199234,-0.543365,-0.163010
23599.908855,0.199234,-0.470917,-0.163010
23599.919046,0.199234,-0.452805,-0.126785
23599.929177,0.199234,-0.434692,-0.126785
23599.939418,0.217346,-0.398468,-0.126785
23599.949620,0.235458,-0.344131,-0.126785
23599.959788,0.253571,-0.307907,-0.144897
23599.970046,0.271683,-0.326019,-0.181122
23599.980168,0.271683,-0.289795,-0.217346
23599.990339,0.307907,-0.289795,-0.235458
23600.000487,0.362244,-0.289795,-0.326019
23600.010721,0.470917,-0.307907,-0.470917
23600.020907,0.615814,-0.380356,-0.742599
23600.031082,0.597702,-0.688263,-0.978058
23600.041272,0.561478,-1.141068,-1.086731
23600.051485,0.253571,-1.539536,-1.195404
23600.061627,-0.054337,-1.811218,-1.032394
23600.071788,-0.217346,-2.155350,-0.670151
23600.082030,-0.289795,-2.245911,-0.289795
23600.092357,-0.362244,-1.847443,-0.108673
23600.102068,-0.326019,-1.358414,0.199234
23600.111509,-0.307907,-0.923721,0.362244
23600.122534,-0.326019,-0.597702,0.289795
23600.132875,-0.362244,-0.434692,0.054337
23600.142963,-0.380356,-0.271683,-0.289795
23600.153152,-0.344131,-0.887497,-1.195404
23600.163295,-0.452805,-1.430862,0.398468
23600.173442,-0.362244,-1.774994,0.271683
23600.183678,-0.126785,-2.010452,-0.307907
23600.193963,0.036224,-1.738770,-0.271683
23600.204107,0.018112,-1.702545,-0.036224
23600.214294,0.090561,-1.811218,0.181122
23600.224425,0.235458,-1.919891,0.217346
23600.234681,0.507141,-1.756882,0.108673
23600.244884,0.670151,-1.322189,0.307907
23600.255115,0.706375,-1.014282,0.470917
23600.265271,0.778824,-0.959946,0.507141
23600.275469,0.905609,-1.014282,0.489029
23600.285666,1.412750,-1.249741,0.434692
23600.295816,1.575760,-1.521423,0.380356
23600.306037,1.648209,-1.666321,0.326019
23600.316228,1.539536,-1.575760,0.271683
23600.326374,1.394638,-1.358414,0.253571
23600.336539,1.213516,-0.978058,0.217346
23600.346956,1.014282,-0.688263,0.144897
23600.357183,0.833160,-0.507141,0.126785
23600.367324,0.724487,-0.380356,0.144897
23600.377512,0.652039,-0.416580,0.126785
23600.387707,0.688263,-0.561478,0.090561
23600.397892,0.742599,-0.615814,0.072449
23600.408076,0.778824,-0.706375,0.054337
23600.418258,0.724487,-0.742599,0.018112
23600.428400,0.561478,-0.815048,-0.054337
23600.438650,0.398468,-0.869385,-0.126785
23600.448822,0.307907,-0.851273,-0.126785
23600.459042,0.253571,-0.796936,-0.144897
23600.469178,0.217346,-0.742599,-0.108673
23600.479405,0.217346,-0.670151,-0.054337
23600.489571,0.199234,-0.633926,0.072449
23600.499768,0.163010,-0.633926,0.181122
23600.509943,0.144897,-0.688263,0.289795
23600.520145,0.126785,-0.815048,0.434692
23600.530271,0.108673,-0.959946,0.489029
23600.540494,0.054337,-1.086731,0.470917
23600.550681,0.036224,-1.177292,0.470917
23600.560860,-0.036224,-1.195404,0.434692
23600.571118,-0.090561,-1.177292,0.362244
23600.581250,-0.144897,-1.195404,0.326019
23600.591386,-0.199234,-1.231628,0.289795
23600.601009,-0.235458,-1.285965,0.271683
23600.610750,-0.271683,-1.322189,0.307907
23600.620970,-0.289795,-1.340302,0.271683
23600.632110,-0.307907,-1.249741,0.181122
23600.642245,-0.307907,-1.177292,0.126785
23600.652388,-0.289795,-1.104843,0.090561
23600.662458,-0.253571,-1.086731,0.036224
23600.672747,-0.235458,-1.122955,-0.036224
23600.682919,-0.217346,-1.141068,-0.126785
23600.693144,-0.090561,-1.159180,-0.561478
23600.703314,0.163010,-1.195404,-1.032394
23600.713510,0.126785,-1.104843,-0.561478
23600.723686,0.054337,-1.050507,-0.235458
23600.733980,0.036224,-1.032394,-0.108673
23600.744103,0.090561,-1.032394,-0.108673
23600.754301,0.163010,-1.050507,-0.217346
23600.764498,0.307907,-1.086731,-0.416580
23600.774694,0.507141,-1.122955,-0.778824
23600.784855,0.742599,-1.104843,-1.195404
23600.795148,0.905609,-1.104843,-1.285965
23600.805337,0.941833,-1.122955,-1.050507
23600.815447,0.959946,-1.195404,-0.833160
23600.825691,1.086731,-1.304077,-0.652039
23600.835851,1.883667,-1.376526,-0.452805
23600.846034,2.082901,-1.630096,-0.416580
23600.856285,2.137238,-1.467087,-0.452805
23600.866473,1.738770,-0.833160,-0.398468
23600.876603,1.195404,-0.525253,-0.289795
23600.886976,0.815048,-0.452805,-0.235458
23600.897155,0.615814,-0.579590,-0.108673
23600.907335,0.470917,-0.742599,0.018112
23600.917529,0.380356,-0.869385,0.000000
23600.927673,0.289795,-0.869385,-0.036224
23600.937901,0.271683,-0.742599,-0.054337
23600.948091,0.289795,-0.652039,-0.036224
23600.958273,0.344131,-0.615814,-0.108673
23600.968443,0.398468,-0.561478,-0.163010
23600.978645,0.416580,-0.525253,-0.144897
23600.988839,0.416580,-0.434692,-0.072449
23600.999007,0.344131,-0.434692,-0.072449
23601.009367,0.235458,-0.434692,-0.054337
23601.019397,0.126785,-0.452805,0.036224
23601.029598,0.108673,-0.597702,0.054337
23601.039780,0.090561,-0.597702,0.018112
23601.049951,0.054337,-0.525253,0.054337
23601.060160,0.072449,-0.470917,0.072449
23601.070315,0.018112,-0.434692,-0.036224
23601.080488,0.000000,-0.380356,-0.090561
23601.090739,0.199234,-0.289795,-0.144897
23601.100329,0.452805,-0.253571,-0.181122
23601.110086,0.507141,-0.253571,-0.181122
23601.120090,0.543365,-0.326019,-0.199234
23601.131184,0.543365,-0.398468,-0.199234
23601.141352,0.507141,-0.489029,-0.217346
23601.150780,0.525253,-0.561478,-0.199234
23601.161521,0.543365,-0.652039,-0.199234
23601.171766,0.543365,-0.760712,-0.235458
23601.181999,0.507141,-0.959946,-0.217346
23601.192057,0.434692,-1.177292,-0.235458
23601.202239,0.326019,-1.394638,-0.307907
23601.212414,0.199234,-1.648209,-0.470917
23601.222563,0.036224,-1.829330,-0.724487
23601.232795,-0.199234,-1.919891,-0.833160
23601.243000,-0.398468,-1.865555,-0.724487
23601.253191,-0.543365,-1.720657,-0.416580
23601.263345,-0.633926,-1.557648,-0.108673
23601.273537,-0.706375,-1.412750,-0.018112
23601.283805,-0.724487,-1.285965,0.054337
23601.293945,-0.706375,-1.141068,0.126785
23601.304112,-0.615814,-1.068619,0.126785
23601.314304,-0.543365,-1.086731,-0.072449
23601.324517,-0.525253,-1.267853,-0.217346
23601.334805,-0.253571,-1.593872,-0.507141
23601.344884,0.181122,-1.774994,-0.633926
23601.355099,0.181122,-1.702545,-0.561478
23601.365270,0.163010,-1.267853,-0.144897
23601.375517,0.163010,-0.869385,0.090561
23601.385694,0.181122,-0.615814,0.144897
23601.395840,0.199234,-0.416580,0.036224
23601.406074,0.271683,-0.181122,-0.090561
23601.416271,0.289795,-0.054337,-0.253571
23601.426409,0.398468,-0.018112,-0.416580
23601.436730,0.543365,-0.090561,-0.543365
23601.446641,0.706375,-0.271683,-0.489029
23601.456966,1.304077,-0.724487,-0.163010
23601.467102,1.412750,-1.177292,0.434692
23601.477368,1.086731,-1.485199,0.561478
23601.487544,0.959946,-1.684433,0.561478
23601.497736,0.851273,-1.593872,0.525253
23601.507904,0.796936,-1.304077,0.452805
23601.518091,0.760712,-1.050507,0.344131
23601.528244,0.688263,-0.887497,0.271683
23601.538474,0.615814,-0.760712,0.217346
23601.548663,0.561478,-0.633926,0.181122
23601.558813,0.525253,-0.561478,0.108673
23601.568982,0.470917,-0.579590,0.018112
23601.579221,0.434692,-0.724487,-0.036224
23601.589387,0.434692,-0.796936,-0.036224
23601.599222,0.416580,-0.833160,-0.054337
23601.608990,0.380356,-0.887497,-0.054337
23601.618893,0.344131,-0.905609,-0.090561
23601.630033,0.307907,-0.923721,-0.108673
23601.640214,0.271683,-0.959946,-0.163010
23601.650293,0.271683,-0.978058,-0.163010
23601.660592,0.217346,-1.050507,-0.217346
23601.670677,0.181122,-1.104843,-0.235458
23601.680910,0.144897,-1.141068,-0.253571
23601.691109,0.090561,-1.177292,-0.235458
23601.701300,0.036224,-1.213516,-0.253571
23601.711475,-0.054337,-1.231628,-0.307907
23601.721615,-0.090561,-1.213516,-0.271683
23601.731788,-0.108673,-1.141068,-0.181122
23601.742029,-0.108673,-1.032394,-0.090561
23601.752218,-0.108673,-0.941833,-0.072449
23601.762402,-0.126785,-0.851273,-0.090561
23601.772623,-0.108673,-0.796936,-0.144897
23601.782795,-0.126785,-0.760712,-0.199234
23601.792988,-0.181122,-0.760712,-0.253571
23601.803189,-0.199234,-0.760712,-0.326019
23601.813333,-0.217346,-0.760712,-0.398468
23601.823583,-0.235458,-0.688263,-0.289795
23601.833739,-0.235458,-0.597702,-0.144897
23601.844028,-0.217346,-0.525253,-0.054337
23601.854218,-0.163010,-0.434692,-0.054337
23601.864354,-0.126785,-0.434692,-0.126785
23601.874664,0.036224,-0.543365,-0.036224
23601.884802,0.126785,-0.615814,0.054337
23601.894982,0.199234,-0.706375,0.144897
23601.905167,0.217346,-0.815048,0.181122
23601.915335,0.235458,-0.923721,0.181122
23601.925601,0.235458,-0.996170,0.144897
23601.936004,0.181122,-1.014282,0.108673
23601.945975,0.072449,-0.959946,0.090561
23601.956166,0.036224,-0.923721,0.018112
23601.966322,-0.018112,-0.851273,-0.072449
23601.976593,-0.036224,-0.760712,-0.126785
23601.986632,0.018112,-0.688263,-0.199234
23601.996979,0.054337,-0.633926,-0.289795
23602.007125,0.072449,-0.615814,-0.344131
23602.017332,0.072449,-0.652039,-0.344131
23602.027529,0.108673,-0.778824,-0.326019
23602.037703,0.144897,-0.923721,-0.416580
23602.047898,0.199234,-1.267853,-0.633926
23602.058089,0.163010,-1.430862,-0.833160
23602.068229,0.090561,-1.575760,-0.778824
23602.078275,0.072449,-1.738770,-0.579590
23602.088615,0.126785,-2.046677,-0.670151
23602.098745,0.199234,-2.282135,-0.796936
23602.106809,0.362244,-2.300247,-0.615814
23602.117901,0.543365,-2.300247,-0.434692
23602.127858,0.579590,-2.300247,-0.380356
23602.138908,0.434692,-1.539536,-0.434692
23602.149471,0.380356,-1.122955,-0.362244
23602.159460,0.307907,-0.905609,-0.271683
23602.169866,0.271683,-0.760712,-0.199234
23602.180160,0.307907,-0.760712,-0.126785
23602.189963,0.362244,-0.996170,-0.199234
23602.200454,0.362244,-1.141068,-0.416580
23602.210402,0.380356,-1.050507,-0.470917
23602.220829,0.307907,-0.851273,-0.398468
23602.231108,0.289795,-0.706375,-0.362244
23602.240997,0.271683,-0.597702,-0.326019
23602.251031,0.271683,-0.452805,-0.271683
23602.262387,0.271683,-0.253571,-0.181122
23602.270631,0.253571,-0.253571,-0.181122
23602.280675,0.217346,-0.217346,-0.144897
23602.291275,0.199234,-0.199234,-0.054337
23602.302027,0.181122,-0.217346,-0.036224
23602.312174,0.163010,-0.235458,-0.018112
23602.322308,0.163010,-0.307907,0.018112
23602.332423,0.199234,-0.362244,0.054337
23602.342615,0.199234,-0.416580,0.090561
23602.352840,0.217346,-0.452805,0.090561
23602.362992,0.217346,-0.489029,0.126785
23602.373160,0.199234,-0.489029,0.126785
23602.383408,0.163010,-0.507141,0.090561
23602.393657,0.144897,-0.525253,0.090561
23602.403843,0.144897,-0.525253,0.036224
23602.414024,0.163010,-0.489029,-0.072449
23602.424211,0.289795,-0.470917,-0.344131
23602.434363,0.344131,-0.815048,-0.815048
23602.444633,0.307907,-1.267853,-1.521423
23602.454850,0.036224,-1.485199,-1.521423
23602.464989,-0.217346,-1.611984,-1.231628
23602.475316,-0.326019,-1.575760,-0.760712
23602.485394,-0.344131,-1.448975,-0.289795
23602.495622,-0.307907,-1.141068,0.036224
23602.505761,-0.253571,-0.796936,0.163010
23602.515957,-0.217346,-0.543365,0.199234
23602.526177,-0.181122,-0.416580,-0.018112
23602.536470,-0.144897,-0.434692,-0.199234
23602.546555,-0.090561,-0.470917,-0.380356
23602.556640,-0.108673,-0.887497,-1.503311
23602.567082,0.126785,-0.978058,-1.340302
23602.577128,0.217346,-1.213516,-0.652039
23602.587389,0.470917,-1.394638,-0.778824
23602.597530,0.724487,-1.611984,-0.398468
23602.607177,0.887497,-2.155350,0.543365
23602.617396,0.978058,-2.300247,0.796936
23602.625465,0.489029,-2.300247,0.054337
23602.637364,0.054337,-2.300247,-0.181122
23602.648103,-0.253571,-1.412750,-1.267853
23602.658335,-0.126785,-0.869385,-0.199234
23602.667779,0.163010,-0.724487,0.362244
23602.678515,0.362244,-0.670151,0.724487
23602.688720,0.561478,-0.742599,0.742599
23602.698933,0.579590,-0.996170,0.760712
23602.709106,0.543365,-1.231628,0.652039
23602.719225,0.597702,-1.521423,0.235458
23602.729414,0.579590,-1.901779,-0.307907
23602.739631,0.615814,-1.865555,-0.326019
23602.749840,0.416580,-1.358414,-0.217346
23602.760020,0.271683,-1.068619,-0.163010
23602.770148,0.217346,-0.887497,-0.036224
23602.780320,0.108673,-0.796936,-0.018112
23602.789871,0.090561,-0.796936,-0.054337
23602.800712,0.072449,-0.833160,-0.126785
23602.810847,0.054337,-0.851273,-0.217346
23602.821066,0.018112,-0.796936,-0.271683
23602.831265,-0.018112,-0.760712,-0.307907
23602.841422,-0.036224,-0.670151,-0.307907
23602.851679,-0.036224,-0.652039,-0.271683
23602.861857,-0.036224,-0.633926,-0.253571
23602.872002,-0.054337,-0.633926,-0.289795
23602.882172,-0.054337,-0.652039,-0.326019
23602.892396,-0.072449,-0.633926,-0.326019
23602.902625,-0.090561,-0.615814,-0.307907
23602.912806,-0.126785,-0.543365,-0.307907
23602.922993,-0.163010,-0.507141,-0.326019
23602.933147,-0.199234,-0.489029,-0.307907
23602.943367,-0.235458,-0.507141,-0.307907
23602.953567,-0.235458,-0.597702,-0.307907
23602.963775,-0.144897,-0.597702,-0.199234
23602.973926,-0.054337,-0.543365,-0.163010
23602.984174,0.036224,-0.507141,-0.072449
23602.994353,0.108673,-0.470917,0.072449
23603.004553,0.181122,-0.434692,0.199234
23603.014772,0.199234,-0.470917,0.217346
23603.024967,0.163010,-0.597702,0.235458
23603.035141,0.126785,-0.742599,0.235458
23603.045356,0.054337,-0.959946,0.163010
23603.055539,-0.054337,-1.195404,0.036224
23603.065721,-0.163010,-1.376526,-0.289795
23603.075988,-0.235458,-1.448975,-0.724487
23603.086071,-0.217346,-1.358414,-0.796936
23603.096411,-0.163010,-1.376526,-0.670151
23603.106204,-0.126785,-1.503311,-0.652039
23603.115576,-0.090561,-1.666321,-0.615814
23603.126751,-0.018112,-1.919891,-0.615814
23603.137151,0.072449,-2.119125,-0.742599
23603.147235,0.054337,-2.264023,-0.652039
23603.157400,0.054337,-2.227798,-0.507141
23603.167718,0.326019,-1.883667,-0.163010
23603.177729,0.380356,-1.539536,-0.072449
23603.187929,0.326019,-1.322189,-0.289795
23603.198113,0.235458,-1.231628,-0.380356
23603.208317,0.199234,-1.141068,-0.326019
23603.218447,0.235458,-1.032394,-0.235458
23603.228732,0.253571,-0.996170,-0.307907
23603.238905,0.271683,-0.978058,-0.470917
23603.249068,0.271683,-0.851273,-0.398468
23603.259249,0.163010,-0.742599,-0.307907
23603.269398,0.144897,-0.760712,-0.235458
23603.279614,0.144897,-0.688263,-0.199234
23603.289799,0.163010,-0.615814,-0.163010
23603.299978,0.199234,-0.525253,-0.126785
23603.310205,0.199234,-0.452805,-0.126785
23603.320371,0.199234,-0.362244,-0.126785
23603.330516,0.181122,-0.307907,-0.090561
23603.340715,0.199234,-0.235458,-0.072449
23603.351000,0.199234,-0.199234,-0.054337
23603.361064,0.199234,-0.199234,-0.036224
23603.371243,0.199234,-0.235458,-0.018112
23603.381464,0.235458,-0.289795,0.036224
23603.391661,0.253571,-0.380356,0.036224
23603.401849,0.235458,-0.452805,0.072449
23603.412053,0.434692,-0.434692,0.072449
23603.422241,0.362244,-0.470917,-0.090561
23603.432372,0.434692,-0.452805,-0.126785
23603.442615,0.307907,-0.597702,-0.199234
23603.452805,0.289795,-0.652039,-0.380356
23603.463003,0.289795,-0.833160,-0.543365
23603.473165,0.307907,-1.141068,-0.742599
23603.483366,0.253571,-1.539536,-1.285965
23603.493565,-0.072449,-1.593872,-1.322189
23603.503774,-0.253571,-1.467087,-1.086731
23603.513984,-0.235458,-1.231628,-0.688263
23603.524180,-0.217346,-0.996170,-0.344131
23603.534314,-0.163010,-0.742599,-0.126785
23603.544555,-0.126785,-0.597702,-0.018112
23603.554757,-0.108673,-0.507141,0.018112
23603.564902,-0.072449,-0.434692,-0.018112
23603.575087,-0.036224,-0.416580,-0.108673
23603.585329,0.036224,-0.543365,-0.235458
23603.595488,0.108673,-0.760712,-0.670151
23603.605105,0.181122,-1.032394,-1.503311
23603.614784,0.362244,-1.213516,-1.358414
23603.625982,0.525253,-1.304077,-0.543365
23603.636177,0.652039,-1.231628,0.036224
23603.646352,0.851273,-1.086731,0.036224
23603.656546,0.996170,-1.014282,-0.235458
23603.666722,0.887497,-1.267853,-0.633926
23603.677033,0.833160,-2.101013,-0.416580
23603.687202,0.307907,-2.300247,0.923721
23603.697410,0.018112,-2.300247,-0.108673
23603.707584,-0.163010,-1.702545,-1.322189
23603.717709,-0.235458,-0.869385,0.670151
23603.727909,0.271683,-0.652039,0.760712
23603.738247,0.416580,-0.670151,0.688263
23603.748285,0.452805,-0.833160,0.633926
23603.758471,0.434692,-1.285965,0.253571
23603.768615,0.452805,-1.901779,-0.326019
23603.778853,0.380356,-2.119125,-0.072449
23603.789063,0.036224,-1.847443,-0.018112
23603.799252,-0.108673,-1.557648,-0.036224
23603.809417,0.036224,-1.213516,0.054337
23603.819656,0.235458,-0.905609,0.090561
23603.829819,0.271683,-0.742599,-0.036224
23603.839986,0.253571,-0.688263,-0.181122
23603.850202,0.199234,-0.706375,-0.235458
23603.860311,0.126785,-0.778824,-0.289795
23603.870478,0.072449,-0.796936,-0.307907
23603.880767,0.072449,-0.778824,-0.253571
23603.890943,0.072449,-0.724487,-0.235458
23603.901111,0.090561,-0.688263,-0.217346
23603.911289,0.054337,-0.670151,-0.235458
23603.921502,0.036224,-0.670151,-0.289795
23603.931633,-0.018112,-0.688263,-0.326019
23603.941848,-0.036224,-0.688263,-0.362244
23603.952041,-0.072449,-0.670151,-0.344131
23603.962222,-0.108673,-0.579590,-0.217346
23603.972360,-0.108673,-0.507141,-0.126785
23603.982581,-0.144897,-0.380356,-0.126785
23603.992781,-0.163010,-0.253571,-0.181122
23604.002911,-0.163010,-0.199234,-0.199234
23604.013159,-0.199234,-0.271683,-0.235458
23604.023413,-0.090561,-0.489029,-0.217346
23604.033601,0.018112,-0.652039,-0.126785
23604.043780,0.090561,-0.742599,-0.036224
23604.053966,0.126785,-0.778824,0.036224
23604.064150,0.126785,-0.742599,0.090561
23604.074263,0.108673,-0.706375,0.163010
23604.084519,0.036224,-0.670151,0.126785
23604.094781,0.018112,-0.670151,0.090561
23604.104499,0.018112,-0.706375,0.036224
23604.114003,0.036224,-0.869385,-0.054337
23604.125283,0.054337,-1.068619,-0.199234
23604.135067,0.036224,-1.267853,-0.470917
23604.145435,-0.072449,-1.430862,-0.706375
23604.155672,-0.126785,-1.575760,-0.706375
23604.165817,-0.181122,-1.756882,-0.724487
23604.175998,-0.199234,-1.938004,-0.778824
23604.186213,-0.144897,-2.028564,-0.688263
23604.196659,-0.108673,-2.119125,-0.633926
23604.206494,0.126785,-2.028564,-0.470917
23604.216591,0.253571,-1.793106,-0.307907
23604.226710,0.344131,-1.593872,-0.289795
23604.236977,0.307907,-1.448975,-0.362244
23604.247147,0.199234,-1.304077,-0.416580
23604.257339,0.144897,-1.177292,-0.344131
23604.267531,0.144897,-1.104843,-0.271683
23604.277773,0.163010,-1.032394,-0.307907
23604.287906,0.181122,-0.941833,-0.344131
23604.298093,0.217346,-0.851273,-0.416580
23604.308274,0.253571,-0.778824,-0.434692
23604.318469,0.271683,-0.742599,-0.398468
23604.328676,0.271683,-0.706375,-0.307907
23604.338975,0.253571,-0.670151,-0.253571
23604.349007,0.235458,-0.633926,-0.163010
23604.359215,0.199234,-0.579590,-0.108673
23604.369458,0.199234,-0.507141,-0.090561
23604.379553,0.181122,-0.416580,-0.054337
23604.389745,0.181122,-0.326019,-0.036224
23604.399927,0.199234,-0.271683,-0.036224
23604.410118,0.199234,-0.235458,-0.018112
23604.420299,0.199234,-0.217346,-0.018112
23604.430478,0.199234,-0.199234,0.018112
23604.440694,0.199234,-0.271683,0.090561
23604.450895,0.289795,-0.326019,-0.054337
23604.461071,0.344131,-0.289795,-0.054337
23604.471209,0.380356,-0.326019,-0.072449
23604.481414,0.416580,-0.380356,-0.072449
23604.491636,0.380356,-0.507141,-0.072449
23604.501809,0.307907,-0.633926,-0.126785
23604.511994,0.271683,-0.796936,-0.235458
23604.522175,0.235458,-1.086731,-0.525253
23604.532411,0.199234,-1.340302,-0.941833
23604.542599,0.144897,-1.503311,-1.340302
23604.552791,-0.054337,-1.485199,-1.503311
23604.562923,-0.253571,-1.467087,-1.412750
23604.573109,-0.307907,-1.358414,-1.032394
23604.583326,-0.253571,-1.122955,-0.633926
23604.593485,-0.199234,-0.887497,-0.307907
23604.603077,-0.144897,-0.652039,-0.072449
23604.612784,-0.054337,-0.452805,0.126785
23604.623975,-0.018112,-0.344131,0.144897
23604.633751,0.018112,-0.326019,0.108673
23604.644365,0.072449,-0.398468,0.054337
23604.654552,0.163010,-0.579590,-0.108673
23604.664736,0.271683,-1.014282,-0.144897
23604.674874,0.525253,-1.503311,-1.938004
23604.685096,1.249741,-1.702545,-1.177292
23604.695311,1.141068,-1.557648,0.199234
23604.705500,0.887497,-1.521423,0.941833
23604.715672,0.724487,-1.956116,0.543365
23604.725927,0.344131,-2.300247,-0.326019
23604.736055,-0.036224,-2.300247,-1.539536
23604.746302,-0.090561,-1.630096,-1.195404
23604.756439,0.181122,-1.249741,0.543365
23604.766564,0.289795,-0.959946,0.688263
23604.776590,0.362244,-0.742599,0.887497
23604.786960,0.416580,-0.670151,0.688263
23604.797149,0.416580,-0.796936,0.615814
23604.807325,0.489029,-1.014282,0.452805
23604.817478,0.525253,-1.412750,0.054337
23604.827717,0.452805,-1.865555,-0.253571
23604.837936,0.344131,-2.028564,-0.036224
23604.848091,0.253571,-1.593872,0.090561
23604.858289,0.271683,-1.213516,0.090561
23604.868533,0.235458,-0.959946,0.054337
23604.878714,0.199234,-0.815048,-0.018112
23604.888845,0.181122,-0.742599,-0.036224
23604.899033,0.181122,-0.706375,-0.090561
23604.909209,0.181122,-0.688263,-0.144897
23604.919401,0.235458,-0.652039,-0.326019
23604.929528,0.217346,-0.615814,-0.344131
23604.939890,0.181122,-0.633926,-0.326019
23604.949992,0.163010,-0.615814,-0.326019
23604.960174,0.126785,-0.597702,-0.362244
23604.970311,0.090561,-0.597702,-0.416580
23604.980558,0.054337,-0.615814,-0.507141
23604.990738,0.018112,-0.633926,-0.525253
23605.000938,-0.018112,-0.688263,-0.452805
23605.011293,-0.018112,-0.724487,-0.344131
23605.021334,-0.036224,-0.742599,-0.253571
23605.031508,-0.108673,-0.706375,-0.199234
23605.041743,-0.181122,-0.633926,-0.253571
23605.051898,-0.217346,-0.489029,-0.199234
23605.062075,-0.181122,-0.344131,-0.199234
23605.072207,-0.144897,-0.253571,-0.090561
23605.082392,-0.054337,-0.362244,0.072449
23605.092660,0.126785,-0.525253,0.181122
23605.102139,0.163010,-0.688263,0.253571
23605.112080,0.181122,-0.851273,0.362244
23605.123181,0.163010,-0.996170,0.452805
23605.133318,0.054337,-1.122955,0.416580
23605.143489,-0.054337,-1.213516,0.289795
23605.153674,-0.163010,-1.195404,0.000000
23605.163855,-0.217346,-0.959946,-0.181122
23605.174019,-0.054337,-0.978058,-0.217346
23605.184471,0.036224,-0.978058,-0.235458
23605.194529,0.018112,-0.996170,-0.253571
23605.204692,-0.018112,-1.068619,-0.362244
23605.214912,-0.054337,-1.231628,-0.579590
23605.225106,-0.036224,-1.467087,-0.923721
23605.235270,0.000000,-1.720657,-1.068619
23605.245507,0.090561,-1.865555,-0.724487
23605.255695,0.235458,-2.046677,-0.507141
23605.265880,0.289795,-2.227798,-0.670151
23605.275962,0.235458,-2.137238,-0.670151
23605.286187,0.289795,-1.847443,-0.344131
23605.296308,0.217346,-1.575760,-0.199234
23605.306408,0.199234,-1.503311,-0.144897
23605.316542,0.144897,-1.430862,-0.217346
23605.326605,0.090561,-1.267853,-0.235458
23605.336910,0.126785,-1.032394,-0.217346
23605.347117,0.217346,-0.887497,-0.253571
23605.357340,0.344131,-0.815048,-0.271683
23605.367519,0.416580,-0.796936,-0.307907
23605.377659,0.416580,-0.796936,-0.307907
23605.387984,0.398468,-0.760712,-0.235458
23605.398067,0.307907,-0.615814,-0.108673
23605.408263,0.217346,-0.525253,-0.090561
23605.418448,0.217346,-0.434692,-0.072449
23605.428609,0.199234,-0.362244,-0.072449
23605.438985,0.199234,-0.289795,-0.072449
23605.449062,0.217346,-0.271683,-0.090561
23605.459235,0.235458,-0.271683,-0.090561
23605.469360,0.235458,-0.271683,-0.090561
23605.479603,0.235458,-0.271683,-0.090561
23605.489755,0.235458,-0.271683,-0.072449
23605.499945,0.235458,-0.289795,-0.090561
23605.510136,0.235458,-0.307907,-0.072449
23605.520323,0.235458,-0.344131,-0.072449
23605.530457,0.289795,-0.380356,-0.018112
23605.540736,0.362244,-0.398468,0.036224
23605.550969,0.416580,-0.434692,0.090561
23605.561081,0.452805,-0.452805,0.054337
23605.571267,0.326019,-0.670151,-0.163010
23605.581578,0.253571,-0.941833,-0.470917
23605.591630,0.199234,-1.304077,-1.104843
23605.601147,0.018112,-1.666321,-1.684433
23605.610923,-0.289795,-1.811218,-1.847443
23605.621038,-0.489029,-1.793106,-1.503311
23605.632264,-0.452805,-1.485199,-0.923721
23605.642414,-0.416580,-0.833160,-0.144897
23605.652787,-0.181122,-0.543365,0.126785
23605.662960,-0.108673,-0.326019,0.235458
23605.673090,-0.036224,-0.253571,0.199234
23605.683384,-0.018112,-0.163010,0.144897
23605.693504,0.018112,-0.036224,0.018112
23605.703693,0.163010,-0.163010,-0.181122
23605.713883,0.380356,-0.652039,-0.344131
23605.724030,0.470917,-1.177292,-0.289795
23605.734233,1.358414,-1.829330,-2.300247
23605.744487,1.539536,-1.811218,-1.304077
23605.754702,1.611984,-1.756882,0.344131
23605.764897,1.430862,-1.702545,1.285965
23605.775034,0.959946,-2.209686,0.760712
23605.785260,0.362244,-2.300247,0.452805
23605.795515,-0.054337,-2.300247,-0.724487
23605.805719,-0.452805,-1.756882,-2.046677
23605.815847,-0.235458,-1.068619,0.398468
23605.826062,-0.108673,-0.597702,0.452805
23605.836255,0.054337,-0.380356,0.507141
23605.846399,0.235458,-0.561478,0.633926
23605.856611,0.344131,-0.887497,0.742599
23605.866933,0.416580,-1.793106,0.452805
23605.877102,0.362244,-2.209686,0.054337
23605.887337,0.380356,-2.191574,-0.126785
23605.897534,0.217346,-1.593872,-0.126785
23605.907709,0.235458,-1.159180,-0.199234
23605.917896,0.271683,-0.796936,-0.144897
23605.928075,0.271683,-0.652039,-0.163010
23605.938400,0.289795,-0.615814,-0.181122
23605.948454,0.289795,-0.688263,-0.235458
23605.958668,0.271683,-0.778824,-0.307907
23605.968809,0.217346,-0.815048,-0.362244
23605.978983,0.181122,-0.796936,-0.344131
23605.989205,0.126785,-0.706375,-0.344131
23605.999409,0.072449,-0.597702,-0.362244
23606.009537,0.018112,-0.507141,-0.362244
23606.019768,0.018112,-0.525253,-0.344131
23606.029960,0.018112,-0.579590,-0.307907
23606.040143,0.054337,-0.652039,-0.271683
23606.050338,0.072449,-0.688263,-0.253571
23606.060558,0.018112,-0.688263,-0.253571
23606.070695,-0.036224,-0.688263,-0.307907
23606.080937,-0.108673,-0.670151,-0.344131
23606.090705,-0.181122,-0.633926,-0.344131
23606.100729,-0.235458,-0.597702,-0.344131
23606.110340,-0.235458,-0.507141,-0.271683
23606.120517,-0.126785,-0.398468,0.018112
23606.131603,-0.018112,-0.434692,0.108673
23606.141806,0.108673,-0.543365,0.126785
23606.151668,0.163010,-0.688263,0.144897
23606.162051,0.199234,-0.778824,0.235458
23606.172187,0.108673,-0.851273,0.271683
23606.182528,0.018112,-0.905609,0.289795
23606.192580,-0.090561,-0.996170,0.271683
23606.202759,-0.144897,-1.086731,0.181122
23606.212958,-0.181122,-1.104843,0.072449
23606.223114,-0.036224,-1.231628,-0.144897
23606.233339,-0.018112,-1.068619,-0.326019
23606.243543,-0.036224,-1.122955,-0.597702
23606.253723,-0.036224,-1.304077,-0.670151
23606.263956,-0.072449,-1.521423,-0.778824
23606.274088,-0.072449,-1.720657,-0.851273
23606.284376,0.018112,-1.883667,-0.724487
23606.294575,0.108673,-2.046677,-0.796936
23606.304770,0.108673,-1.974228,-0.688263
23606.314953,0.072449,-1.938004,-0.362244
23606.325136,0.271683,-1.829330,-0.126785
23606.335315,0.398468,-1.630096,-0.199234
23606.345480,0.344131,-1.358414,-0.271683
23606.355710,0.181122,-1.340302,-0.307907
23606.365893,0.181122,-1.249741,-0.289795
23606.376057,0.235458,-1.104843,-0.235458
23606.386246,0.362244,-0.996170,-0.289795
23606.396407,0.452805,-0.887497,-0.380356
23606.406554,0.470917,-0.815048,-0.398468
23606.416604,0.489029,-0.706375,-0.344131
23606.426973,0.416580,-0.633926,-0.253571
23606.437106,0.307907,-0.597702,-0.181122
23606.447349,0.253571,-0.525253,-0.126785
23606.457522,0.217346,-0.434692,-0.126785
23606.467679,0.217346,-0.326019,-0.108673
23606.477852,0.199234,-0.271683,-0.108673
23606.488070,0.181122,-0.217346,-0.108673
23606.498256,0.199234,-0.163010,-0.072449
23606.508439,0.199234,-0.144897,-0.054337
23606.518632,0.217346,-0.163010,-0.054337
23606.528816,0.235458,-0.163010,-0.054337
23606.538961,0.253571,-0.199234,-0.054337
23606.549181,0.271683,-0.289795,-0.054337
23606.559338,0.326019,-0.398468,-0.054337
23606.569720,0.362244,-0.489029,0.018112
23606.579862,0.398468,-0.706375,-0.036224
23606.590034,0.597702,-0.724487,-0.108673
23606.599638,0.615814,-0.688263,-0.307907
23606.609317,0.452805,-0.869385,-0.670151
23606.619447,0.380356,-1.177292,-0.959946
23606.630574,0.271683,-1.521423,-1.122955
23606.640761,0.072449,-1.666321,-1.122955
23606.650553,-0.108673,-1.630096,-0.905609
23606.661119,-0.181122,-1.575760,-0.706375
23606.671317,-0.235458,-1.322189,-0.434692
23606.681446,-0.217346,-0.978058,-0.181122
23606.691663,-0.163010,-0.760712,-0.054337
23606.701846,-0.126785,-0.633926,0.090561
23606.712028,-0.072449,-0.489029,0.163010
23606.722171,-0.072449,-0.398468,0.108673
23606.732339,-0.054337,-0.289795,-0.018112
23606.742578,0.036224,-0.398468,-0.163010
23606.752767,0.054337,-0.941833,-0.416580
23606.762949,0.090561,-1.702545,-2.119125
23606.773172,0.434692,-1.593872,-1.485199
23606.783438,0.706375,-1.575760,-0.724487
23606.793543,0.959946,-1.467087,-0.362244
23606.803724,0.941833,-1.575760,-0.181122
23606.813873,0.579590,-2.064789,0.579590
23606.824158,0.289795,-1.974228,0.144897
23606.834348,0.054337,-1.068619,-0.742599
23606.844495,0.126785,-0.887497,-0.036224
23606.854737,0.163010,-0.833160,0.489029
23606.864861,0.199234,-0.869385,0.579590
23606.875045,0.217346,-0.996170,0.525253
23606.885281,0.253571,-1.177292,0.398468
23606.895466,0.271683,-1.430862,0.326019
23606.905648,0.235458,-1.702545,0.326019
23606.915806,0.181122,-1.793106,0.199234
23606.926032,0.090561,-1.611984,0.018112
23606.936254,0.072449,-1.285965,-0.090561
23606.946414,0.108673,-1.032394,-0.126785
23606.956539,0.181122,-0.869385,-0.199234
23606.966565,0.289795,-0.815048,-0.253571
23606.976663,0.380356,-0.851273,-0.253571
23606.986961,0.434692,-0.941833,-0.181122
23606.997145,0.452805,-0.996170,-0.126785
23607.007296,0.470917,-0.978058,-0.090561
23607.017512,0.470917,-0.887497,-0.108673
23607.027697,0.470917,-0.815048,-0.163010
23607.037899,0.434692,-0.742599,-0.199234
23607.048087,0.416580,-0.688263,-0.163010
23607.058260,0.362244,-0.688263,-0.126785
23607.068432,0.271683,-0.742599,-0.090561
23607.078777,0.126785,-0.724487,-0.054337
23607.088821,0.090561,-0.670151,-0.036224
23607.098890,0.018112,-0.670151,-0.054337
23607.108455,-0.054337,-0.670151,-0.108673
23607.118248,-0.108673,-0.706375,-0.217346
23607.129467,-0.199234,-0.724487,-0.398468
23607.138744,-0.289795,-0.724487,-0.398468
23607.149631,-0.289795,-0.706375,-0.235458
23607.159955,-0.289795,-0.688263,-0.108673
23607.170125,-0.235458,-0.652039,0.036224
23607.180300,-0.217346,-0.652039,0.181122
23607.190493,-0.181122,-0.688263,0.235458
23607.200671,-0.108673,-0.796936,0.217346
23607.210843,-0.036224,-0.851273,0.253571
23607.220980,-0.036224,-0.887497,0.235458
23607.231210,-0.090561,-0.833160,0.271683
23607.241421,-0.163010,-0.815048,0.217346
23607.251591,-0.163010,-0.778824,0.144897
23607.261770,-0.090561,-0.742599,0.036224
23607.271971,0.072449,-0.778824,-0.235458
23607.282130,0.199234,-0.778824,-0.344131
23607.292391,0.235458,-0.851273,-0.344131
23607.302561,0.289795,-0.996170,-0.416580
23607.312734,0.235458,-1.177292,-0.507141
23607.322931,0.126785,-1.231628,-0.543365
23607.333087,0.144897,-1.503311,-0.561478
23607.343256,0.199234,-1.865555,-0.380356
23607.353483,0.253571,-2.209686,-0.253571
23607.363713,0.416580,-2.300247,-0.326019
23607.372768,0.670151,-2.300247,-0.633926
23607.384958,0.887497,-2.191574,-0.905609
23607.395070,0.923721,-1.702545,-0.941833
23607.405248,0.887497,-1.430862,-0.815048
23607.415396,0.941833,-1.267853,-0.633926
23607.425610,1.014282,-1.177292,-0.507141
23607.435774,1.032394,-1.213516,-0.489029
23607.445968,1.050507,-1.285965,-0.507141
23607.456199,1.032394,-1.285965,-0.543365
23607.466310,0.959946,-1.249741,-0.452805
23607.476520,0.724487,-1.104843,-0.362244
23607.486607,0.579590,-1.086731,-0.289795
23607.496971,0.543365,-0.978058,-0.217346
23607.507155,0.489029,-0.869385,-0.235458
23607.517330,0.470917,-0.742599,-0.126785
23607.527533,0.434692,-0.507141,-0.072449
23607.537658,0.362244,-0.416580,-0.018112
23607.547900,0.344131,-0.307907,0.036224
23607.558076,0.344131,-0.199234,0.036224
23607.568392,0.344131,-0.108673,0.018112
23607.578401,0.362244,-0.018112,-0.036224
23607.588685,0.380356,0.000000,-0.054337
23607.598671,0.362244,-0.072449,-0.036224
23607.608258,0.344131,-0.163010,-0.090561
23607.618075,0.344131,-0.144897,-0.090561
23607.629245,0.380356,-0.126785,-0.108673
23607.639446,0.470917,-0.181122,-0.144897
23607.649728,0.579590,-0.289795,-0.126785
23607.659812,0.633926,-0.416580,-0.181122
23607.669956,0.652039,-0.579590,-0.253571
23607.680115,0.525253,-0.815048,-0.326019
23607.690376,0.235458,-1.014282,-0.434692
23607.700565,-0.018112,-1.231628,-0.525253
23607.710716,-0.163010,-1.448975,-0.362244
23607.720850,-0.326019,-1.630096,-0.090561
23607.731082,-0.434692,-1.648209,0.108673
23607.741371,-0.543365,-1.611984,0.181122
23607.751481,-0.633926,-1.485199,0.126785
23607.761660,-0.670151,-1.285965,-0.253571
23607.771847,-0.579590,-1.086731,-0.670151
23607.781980,-0.398468,-2.300247,-1.304077
23607.792244,-0.561478,-2.300247,-1.684433
23607.802572,-0.507141,-2.300247,-1.485199
23607.814688,-0.036224,-1.177292,-0.108673
23607.824889,0.253571,-0.489029,0.144897
23607.835061,0.380356,-0.108673,-0.072449
23607.845194,0.416580,0.090561,-0.181122
23607.855411,0.489029,0.108673,0.000000
23607.865564,0.633926,0.036224,0.163010
23607.875783,0.706375,-0.181122,0.307907
23607.885949,0.923721,-0.633926,0.253571
23607.896213,1.050507,-1.195404,0.307907
23607.906343,1.213516,-1.684433,0.326019
23607.916427,1.322189,-1.901779,0.344131
23607.926564,1.249741,-1.611984,0.271683
23607.936590,0.978058,-1.104843,0.199234
23607.946950,0.778824,-0.815048,0.144897
23607.957149,0.615814,-0.543365,0.163010
23607.967280,0.380356,-0.525253,0.163010
23607.977458,0.326019,-0.561478,0.199234
23607.987679,0.344131,-0.670151,0.144897
23607.997908,0.380356,-0.778824,0.090561
23608.008038,0.416580,-0.851273,0.090561
23608.018255,0.470917,-0.923721,0.108673
23608.028452,0.507141,-0.996170,0.072449
23608.038629,0.561478,-1.032394,0.036224
23608.048804,0.597702,-0.978058,0.018112
23608.059016,0.561478,-0.941833,-0.072449
23608.069178,0.470917,-0.959946,-0.090561
23608.079461,0.380356,-0.978058,-0.090561
23608.089555,0.307907,-0.996170,-0.072449
23608.099254,0.253571,-1.014282,-0.036224
23608.109033,0.181122,-1.068619,-0.018112
23608.119159,0.163010,-1.177292,0.072449
23608.130323,0.108673,-1.231628,0.108673
23608.140441,0.054337,-1.285965,0.181122
23608.150213,-0.018112,-1.285965,0.199234
23608.160865,-0.072449,-1.231628,0.199234
23608.171003,-0.108673,-1.159180,0.163010
23608.181138,-0.144897,-1.050507,0.126785
23608.191366,-0.199234,-1.014282,-0.018112
23608.201580,-0.289795,-1.068619,-0.018112
23608.211777,-0.326019,-1.104843,0.018112
23608.221892,-0.326019,-1.050507,0.072449
23608.232111,-0.326019,-1.014282,0.054337
23608.242371,-0.344131,-0.978058,-0.036224
23608.252549,-0.380356,-0.869385,-0.235458
23608.262733,-0.362244,-0.760712,-0.416580
23608.272917,-0.144897,-0.778824,-0.452805
23608.283063,-0.072449,-0.851273,-0.434692
23608.293292,-0.036224,-0.887497,-0.362244
23608.303537,0.018112,-0.941833,-0.235458
23608.313724,0.054337,-0.978058,-0.144897
23608.323434,0.072449,-1.032394,-0.036224
23608.334277,0.108673,-1.086731,0.090561
23608.345020,0.126785,-1.141068,0.181122
23608.354668,0.144897,-1.177292,0.217346
23608.364817,0.181122,-1.104843,0.217346
23608.374947,0.235458,-1.050507,0.235458
23608.385192,0.253571,-1.014282,0.217346
23608.395367,0.271683,-0.996170,0.217346
23608.405585,0.307907,-0.959946,0.199234
23608.415770,0.326019,-1.032394,0.144897
23608.425946,0.344131,-1.322189,0.090561
23608.436100,0.452805,-1.448975,0.054337
23608.446313,0.579590,-1.539536,-0.072449
23608.456388,0.959946,-1.575760,-0.597702
23608.466433,1.394638,-1.322189,-1.684433
23608.476617,1.340302,-0.959946,-2.010452
23608.487070,1.340302,-0.760712,-1.304077
23608.497193,1.249741,-0.724487,-0.633926
23608.507381,1.104843,-0.833160,-0.271683
23608.517570,1.141068,-0.978058,-0.199234
23608.527749,1.159180,-1.086731,-0.235458
23608.537873,1.104843,-1.086731,-0.235458
23608.548110,1.050507,-1.086731,-0.235458
23608.558284,1.032394,-1.032394,-0.217346
23608.568562,1.086731,-0.923721,-0.199234
23608.578604,1.195404,-0.869385,-0.217346
23608.588811,1.050507,-0.887497,-0.235458
23608.598858,0.869385,-0.887497,-0.072449
23608.608470,0.670151,-0.887497,0.126785
23608.618612,0.489029,-0.923721,0.235458
23608.629478,0.307907,-0.941833,0.144897
23608.639665,0.144897,-0.869385,-0.108673
23608.649976,0.090561,-0.742599,-0.181122
23608.660032,0.054337,-0.706375,-0.108673
23608.670196,0.126785,-0.706375,-0.054337
23608.680329,0.253571,-0.688263,0.072449
23608.690565,0.253571,-0.670151,0.108673
23608.700748,0.235458,-0.615814,0.108673
23608.710970,0.163010,-0.561478,0.163010
23608.721079,0.090561,-0.543365,0.090561
23608.731308,0.036224,-0.615814,0.054337
23608.741549,0.018112,-0.615814,-0.018112
23608.751687,0.018112,-0.561478,0.018112
23608.761862,0.072449,-0.452805,-0.018112
23608.772072,0.181122,-0.362244,-0.054337
23608.782212,0.307907,-0.326019,-0.108673
23608.792513,0.416580,-0.235458,-0.163010
23608.802697,0.489029,-0.181122,-0.144897
23608.812846,0.561478,-0.163010,-0.217346
23608.823072,0.597702,-0.235458,-0.253571
23608.833259,0.633926,-0.289795,-0.253571
23608.843407,0.615814,-0.380356,-0.271683
23608.853635,0.633926,-0.452805,-0.326019
23608.863771,0.670151,-0.489029,-0.452805
23608.873995,0.688263,-0.597702,-0.670151
23608.884154,0.543365,-0.851273,-0.959946
23608.894476,0.289795,-1.267853,-1.575760
23608.904628,-0.416580,-1.992340,-1.575760
23608.914869,-0.615814,-1.938004,-1.177292
23608.925032,-0.615814,-1.648209,-0.543365
23608.935167,-0.507141,-1.376526,-0.036224
23608.945395,-0.416580,-1.213516,0.344131
23608.955591,-0.271683,-1.086731,0.760712
23608.965763,-0.108673,-1.267853,0.959946
23608.976036,0.181122,-1.666321,0.778824
23608.986221,0.434692,-1.811218,0.470917
23608.996334,0.380356,-1.756882,0.126785
23609.006419,0.235458,-1.448975,-0.362244
23609.016620,0.108673,-0.996170,-0.489029
23609.026972,0.126785,-0.525253,-0.851273
23609.037167,0.199234,-0.072449,-1.557648
23609.047339,0.307907,-0.163010,-1.249741
23609.057536,0.452805,-0.326019,-0.688263
23609.067720,0.670151,-0.579590,-0.018112
23609.077935,0.724487,-0.941833,0.470917
23609.088107,0.796936,-1.285965,0.670151
23609.098309,0.796936,-1.485199,0.670151
23609.107991,0.760712,-1.467087,0.615814
23609.117555,0.652039,-1.267853,0.525253
23609.128732,0.507141,-1.050507,0.416580
23609.138861,0.416580,-0.706375,0.199234
23609.149056,0.344131,-0.670151,0.126785
23609.159273,0.344131,-0.796936,0.054337
23609.169436,0.380356,-0.923721,0.036224
23609.179591,0.398468,-1.032394,0.054337
23609.189894,0.398468,-1.086731,0.018112
23609.200061,0.416580,-1.104843,-0.072449
23609.210214,0.326019,-1.104843,-0.199234
23609.220375,0.235458,-1.032394,-0.362244
23609.230587,0.181122,-1.014282,-0.344131
23609.240748,0.181122,-0.959946,-0.235458
23609.250914,0.181122,-0.923721,-0.144897
23609.260594,0.163010,-0.887497,-0.072449
23609.270343,0.144897,-0.887497,-0.036224
23609.281476,0.126785,-0.923721,-0.036224
23609.291628,0.108673,-0.941833,-0.072449
23609.301123,0.090561,-0.978058,-0.163010
23609.311765,0.108673,-1.014282,-0.199234
23609.321909,0.072449,-1.032394,-0.217346
23609.332264,-0.018112,-1.068619,-0.253571
23609.342288,-0.072449,-1.068619,-0.271683
23609.352480,-0.090561,-1.050507,-0.235458
23609.362593,-0.126785,-0.996170,-0.217346
23609.372788,-0.144897,-0.923721,-0.217346
23609.382952,-0.181122,-0.869385,-0.289795
23609.393167,-0.217346,-0.796936,-0.307907
23609.403363,-0.235458,-0.796936,-0.307907
23609.413551,-0.235458,-0.742599,-0.289795
23609.423774,-0.253571,-0.706375,-0.344131
23609.433903,-0.289795,-0.706375,-0.416580
23609.444142,-0.253571,-0.652039,-0.289795
23609.454345,-0.144897,-0.670151,-0.054337
23609.464557,-0.108673,-0.579590,0.126785
23609.474762,-0.036224,-0.507141,0.144897
23609.484882,0.018112,-0.470917,0.126785
23609.495104,0.126785,-0.579590,0.072449
23609.505316,0.181122,-0.688263,0.090561
23609.515500,0.181122,-0.778824,0.144897
23609.525722,0.144897,-0.869385,0.144897
23609.535888,0.108673,-0.887497,0.144897
23609.546147,0.054337,-0.851273,0.126785
23609.556308,-0.036224,-0.796936,0.072449
23609.566486,-0.126785,-0.778824,-0.072449
23609.576615,-0.181122,-0.724487,-0.163010
23609.586925,-0.144897,-0.579590,-0.181122
23609.597114,-0.126785,-0.470917,-0.235458
23609.606808,-0.090561,-0.525253,-0.470917
23609.617234,0.072449,-0.815048,-0.561478
23609.626632,0.090561,-0.815048,-0.561478
23609.637703,0.072449,-1.322189,-0.561478
23609.647861,-0.036224,-1.503311,-0.796936
23609.658066,-0.144897,-1.630096,-0.905609
23609.668224,-0.199234,-1.702545,-0.706375
23609.678264,-0.090561,-1.793106,-0.452805
23609.688560,0.163010,-2.028564,-0.344131
23609.698702,0.362244,-2.300247,-0.579590
23609.707052,0.307907,-2.300247,-0.742599
23609.719158,0.380356,-2.300247,-0.452805
23609.729390,0.470917,-2.300247,-0.054337
23609.739536,0.344131,-1.811218,0.126785
23609.749722,0.217346,-1.122955,0.072449
23609.759908,0.163010,-0.724487,0.000000
23609.770089,0.126785,-0.597702,-0.072449
23609.780236,0.217346,-0.470917,-0.126785
23609.790459,0.362244,-0.597702,-0.289795
23609.800642,0.543365,-0.760712,-0.362244
23609.810794,0.597702,-0.815048,-0.344131
23609.821068,0.615814,-0.670151,-0.253571
23609.831240,0.543365,-0.525253,-0.199234
23609.841379,0.398468,-0.398468,-0.181122
23609.851641,0.271683,-0.344131,-0.199234
23609.861821,0.199234,-0.163010,-0.144897
23609.871959,0.126785,-0.126785,-0.090561
23609.882127,0.108673,-0.090561,-0.036224
23609.892360,0.090561,-0.108673,-0.036224
23609.902549,0.072449,-0.144897,-0.018112
23609.912737,0.072449,-0.253571,0.018112
23609.922921,0.090561,-0.362244,0.072449
23609.933119,0.108673,-0.579590,0.144897
23609.943387,0.126785,-0.760712,0.217346
23609.953510,0.163010,-0.851273,0.307907
23609.963714,0.144897,-0.869385,0.271683
23609.973853,0.163010,-0.706375,0.090561
23609.984041,0.217346,-0.561478,-0.181122
23609.994262,0.271683,-0.869385,-1.014282
23610.004423,0.144897,-1.195404,-1.575760
23610.014709,-0.090561,-1.467087,-1.521423
23610.024782,-0.380356,-1.630096,-1.485199
23610.034994,-0.489029,-1.630096,-1.322189
23610.045169,-0.525253,-1.557648,-0.851273
23610.055360,-0.470917,-1.358414,-0.380356
23610.065560,-0.344131,-1.104843,0.036224
23610.075693,-0.253571,-0.796936,0.253571
23610.085861,-0.181122,-0.561478,0.253571
23610.096049,-0.108673,-0.398468,0.036224
23610.105742,-0.018112,-0.163010,-0.054337
23610.116300,0.181122,-0.235458,-0.126785
23610.125600,0.289795,-0.470917,-0.398468
23610.136584,0.688263,-0.869385,-1.938004
23610.146628,0.760712,-0.941833,-1.430862
23610.157038,0.887497,-1.032394,-0.362244
23610.167315,1.050507,-1.249741,0.688263
23610.177340,1.014282,-1.485199,1.285965
23610.187504,0.670151,-1.648209,1.086731
23610.197817,0.434692,-2.282135,0.633926
23610.208008,-0.307907,-2.300247,-1.358414
23610.217389,-1.068619,-2.300247,-2.300247
23610.228266,-0.724487,-2.155350,-0.525253
23610.238433,-0.235458,-1.195404,0.633926
23610.248599,0.054337,-0.724487,0.615814
23610.258781,0.235458,-0.561478,0.905609
23610.268958,0.398468,-0.652039,0.851273
23610.279146,0.416580,-0.742599,0.742599
23610.289417,0.380356,-0.923721,0.579590
23610.299520,0.470917,-1.177292,0.434692
23610.309725,0.452805,-1.575760,0.000000
23610.319858,0.470917,-1.720657,-0.362244
23610.330160,0.525253,-1.485199,-0.271683
23610.340290,0.489029,-1.213516,-0.036224
23610.350280,0.289795,-0.851273,-0.036224
23610.360760,0.235458,-0.760712,-0.036224
23610.370874,0.181122,-0.724487,-0.072449
23610.381032,0.144897,-0.706375,-0.072449
23610.391247,0.126785,-0.724487,-0.090561
23610.401448,0.090561,-0.724487,-0.144897
23610.411632,0.072449,-0.706375,-0.235458
23610.421825,0.000000,-0.652039,-0.380356
23610.431952,-0.090561,-0.597702,-0.507141
23610.442268,-0.126785,-0.597702,-0.525253
23610.452426,-0.144897,-0.561478,-0.489029
23610.462616,-0.144897,-0.543365,-0.489029
23610.472742,-0.181122,-0.489029,-0.507141
23610.482921,-0.235458,-0.452805,-0.470917
23610.493160,-0.253571,-0.470917,-0.362244
23610.503357,-0.235458,-0.543365,-0.253571
23610.513558,-0.126785,-0.615814,-0.181122
23610.523732,-0.036224,-0.561478,-0.126785
23610.533913,0.036224,-0.525253,-0.108673
23610.544252,0.108673,-0.489029,-0.054337
23610.554343,0.181122,-0.489029,0.036224
23610.564508,0.199234,-0.525253,0.126785
23610.574711,0.199234,-0.579590,0.326019
23610.584853,0.163010,-0.742599,0.307907
23610.595046,0.036224,-0.778824,0.253571
23610.604665,-0.036224,-0.887497,0.181122
23610.614373,-0.072449,-1.014282,0.072449
23610.624447,-0.108673,-1.122955,-0.452805
23610.635268,-0.108673,-1.177292,-0.959946
23610.645713,-0.090561,-1.231628,-0.688263
23610.655872,-0.090561,-1.394638,-0.434692
23610.666149,-0.126785,-1.666321,-0.489029
23610.676216,-0.144897,-1.974228,-0.688263
23610.686488,-0.163010,-2.227798,-0.724487
23610.696634,-0.072449,-2.300247,-0.670151
23610.706064,0.126785,-2.300247,-0.652039
23610.716958,0.344131,-2.227798,-0.489029
23610.727181,0.525253,-1.829330,-0.289795
23610.737300,0.489029,-1.557648,-0.271683
23610.747532,0.344131,-1.448975,-0.344131
23610.757723,0.307907,-1.304077,-0.344131
23610.767902,0.271683,-1.141068,-0.344131
23610.778080,0.235458,-1.050507,-0.289795
23610.788210,0.217346,-0.978058,-0.307907
23610.798443,0.235458,-0.905609,-0.362244
23610.808641,0.235458,-0.851273,-0.434692
23610.818765,0.199234,-0.815048,-0.398468
23610.829017,0.235458,-0.597702,-0.235458
23610.839200,0.217346,-0.543365,-0.181122
23610.849359,0.217346,-0.470917,-0.144897
23610.859654,0.199234,-0.416580,-0.126785
23610.869772,0.181122,-0.362244,-0.108673
23610.880067,0.181122,-0.307907,-0.072449
23610.890281,0.181122,-0.235458,-0.054337
23610.900391,0.181122,-0.253571,0.036224
23610.910565,0.344131,-0.036224,-0.072449
23610.920748,0.217346,-0.018112,-0.072449
23610.930916,0.253571,-0.054337,-0.018112
23610.941255,0.235458,-0.217346,0.054337
23610.951340,0.235458,-0.416580,0.090561
23610.961500,0.271683,-0.579590,0.108673
23610.971705,0.253571,-0.688263,0.072449
23610.981827,0.217346,-0.778824,-0.018112
23610.992035,0.181122,-0.760712,-0.217346
23611.002230,0.126785,-0.652039,-0.543365
23611.012392,0.054337,-0.760712,-0.760712
23611.022568,0.054337,-0.959946,-0.887497
23611.033895,0.054337,-1.195404,-0.978058
23611.041966,0.054337,-1.340302,-1.068619
23611.052131,-0.018112,-1.304077,-1.086731
23611.062081,-0.072449,-1.285965,-0.923721
23611.072199,-0.144897,-1.068619,-0.652039
23611.082353,-0.163010,-0.851273,-0.326019
23611.092350,-0.163010,-0.525253,0.090561
23611.102331,-0.144897,-0.416580,0.126785
23611.112582,-0.126785,-0.362244,0.090561
23611.122662,-0.090561,-0.271683,0.036224
23611.132809,-0.036224,-0.199234,-0.108673
23611.142824,0.090561,-0.597702,-0.489029
23611.152937,0.416580,-1.394638,-1.322189
23611.163015,0.706375,-1.901779,-1.122955
23611.173084,1.014282,-2.046677,-0.796936
23611.184317,1.394638,-2.101013,-0.742599
23611.194286,1.068619,-1.811218,0.344131
23611.204469,0.525253,-1.847443,0.778824
23611.214675,0.235458,-2.300247,-0.326019
23611.224902,-0.289795,-2.300247,-0.996170
23611.235051,-0.253571,-1.883667,-0.996170
23611.245241,0.144897,-1.358414,0.090561
23611.255424,0.271683,-1.159180,0.706375
23611.265634,0.362244,-0.905609,0.778824
23611.275901,0.434692,-0.706375,0.670151
23611.286044,0.489029,-0.706375,0.597702
23611.296239,0.434692,-0.905609,0.416580
23611.306367,0.470917,-1.322189,-0.054337
23611.316504,0.452805,-1.756882,-0.163010
23611.326624,0.362244,-1.938004,0.163010
23611.336921,0.235458,-1.811218,0.090561
23611.347087,0.036224,-1.177292,0.036224
23611.357354,-0.036224,-0.959946,-0.054337
23611.367476,-0.054337,-0.760712,-0.144897
23611.377707,-0.018112,-0.597702,-0.235458
23611.387836,0.090561,-0.615814,-0.289795
23611.398048,0.144897,-0.633926,-0.307907
23611.408244,0.126785,-0.633926,-0.235458
23611.418426,0.126785,-0.652039,-0.163010
23611.428613,0.144897,-0.670151,-0.181122
23611.438765,0.144897,-0.670151,-0.199234
23611.449002,0.108673,-0.652039,-0.235458
23611.459225,0.090561,-0.688263,-0.326019
23611.469343,0.054337,-0.670151,-0.398468
23611.479564,-0.036224,-0.652039,-0.470917
23611.489707,-0.090561,-0.670151,-0.452805
23611.499933,-0.144897,-0.652039,-0.398468
23611.510122,-0.181122,-0.579590,-0.398468
23611.520304,-0.217346,-0.507141,-0.380356
23611.530489,-0.271683,-0.416580,-0.362244
23611.540643,-0.253571,-0.452805,-0.235458
23611.550854,-0.144897,-0.525253,-0.054337
23611.561032,0.000000,-0.597702,0.036224
23611.571229,0.090561,-0.633926,0.181122
23611.581410,0.108673,-0.724487,0.235458
23611.591651,-0.018112,-0.760712,0.253571
23611.601102,-0.108673,-0.851273,0.181122
23611.610835,-0.181122,-0.959946,0.126785
23611.621079,-0.253571,-0.996170,-0.018112
23611.632113,-0.253571,-0.996170,-0.126785
23611.642327,-0.126785,-1.032394,-0.108673
23611.652717,-0.018112,-1.122955,-0.108673
23611.662930,0.090561,-1.285965,-0.181122
23611.673088,0.072449,-1.322189,-0.235458
23611.683224,-0.054337,-1.231628,-0.398468
23611.693441,-0.181122,-1.195404,-0.615814
23611.703648,-0.235458,-1.231628,-0.851273
23611.713844,-0.217346,-1.394638,-0.796936
23611.723983,-0.108673,-1.666321,-0.561478
23611.734228,0.018112,-2.010452,-0.597702
23611.744539,0.090561,-2.101013,-0.507141
23611.754682,0.108673,-2.010452,-0.344131
23611.764879,0.344131,-1.811218,-0.253571
23611.775053,0.326019,-1.521423,-0.271683
23611.785193,0.253571,-1.376526,-0.344131
23611.795421,0.253571,-1.358414,-0.326019
23611.805623,0.217346,-1.340302,-0.235458
23611.815775,0.217346,-1.068619,-0.217346
23611.825974,0.398468,-0.996170,-0.326019
23611.836195,0.398468,-0.869385,-0.398468
23611.846416,0.362244,-0.778824,-0.380356
23611.856480,0.289795,-0.742599,-0.271683
23611.866707,0.217346,-0.760712,-0.199234
23611.877161,0.181122,-0.724487,-0.181122
23611.887462,0.181122,-0.633926,-0.126785
23611.897642,0.163010,-0.507141,-0.163010
23611.907810,0.163010,-0.398468,-0.126785
23611.917988,0.181122,-0.344131,-0.108673
23611.928239,0.181122,-0.307907,-0.108673
23611.938353,0.199234,-0.307907,-0.090561
23611.948553,0.217346,-0.289795,-0.072449
23611.958749,0.217346,-0.307907,-0.090561
23611.968913,0.235458,-0.344131,-0.054337
23611.979116,0.253571,-0.344131,-0.036224
23611.989249,0.271683,-0.380356,-0.054337
23611.999467,0.271683,-0.416580,-0.054337
23612.009629,0.271683,-0.470917,-0.072449
23612.019856,0.271683,-0.507141,-0.054337
23612.030046,0.326019,-0.561478,-0.036224
23612.040225,0.326019,-0.597702,-0.144897
23612.050421,0.326019,-0.543365,-0.362244
23612.060593,0.344131,-0.815048,-0.760712
23612.070768,0.289795,-1.249741,-1.213516
23612.080978,0.181122,-1.630096,-1.485199
23612.091133,-0.144897,-1.847443,-1.521423
