32932.311828,0.253571,-2.010452,-0.470917
32932.322444,0.253571,-1.720657,-0.126785
32932.332522,0.561478,-1.611984,0.253571
32932.342597,0.126785,-1.159180,0.090561
32932.352692,-0.018112,-0.742599,0.036224
32932.362777,-0.144897,-0.398468,0.000000
32932.372858,-0.144897,-0.181122,0.018112
32932.382918,-0.072449,-0.054337,0.072449
32932.393077,-0.018112,-0.036224,0.108673
32932.403146,0.000000,-0.054337,0.072449
32932.413780,0.018112,0.018112,0.036224
32932.423356,-0.018112,0.018112,-0.072449
32932.433638,-0.054337,0.018112,-0.090561
32932.443499,-0.054337,0.018112,-0.090561
32932.453585,-0.054337,0.018112,-0.036224
32932.464022,-0.036224,0.018112,0.090561
32932.473722,-0.108673,0.000000,0.235458
32932.483802,-0.199234,0.018112,0.253571
32932.493935,-0.126785,-0.036224,0.108673
32932.503973,-0.090561,-0.072449,-0.054337
32932.514419,0.018112,-0.090561,-0.126785
32932.524793,0.018112,-0.090561,-0.217346
32932.535401,0.000000,-0.090561,-0.326019
32932.545416,0.054337,-0.054337,-0.326019
32932.555593,0.072449,-0.108673,-0.326019
32932.564806,0.054337,-0.144897,-0.344131
32932.575373,0.054337,-0.362244,-0.380356
32932.585871,-0.362244,-2.318359,-0.815048
32932.595587,-0.833160,-2.318359,0.163010
32932.606270,1.485199,-2.318359,0.072449
32932.615128,1.014282,-1.811218,0.036224
32932.625223,-0.090561,-1.648209,0.380356
32932.636513,0.036224,-1.865555,0.796936
32932.645833,-0.199234,-1.901779,0.633926
32932.656547,-0.253571,-1.774994,0.199234
32932.666777,-0.054337,-1.811218,0.253571
32932.675683,0.018112,-1.992340,0.416580
32932.686864,-0.072449,-1.919891,0.597702
32932.696171,-0.126785,-1.919891,0.760712
32932.707029,0.144897,-2.155350,0.778824
32932.717180,0.380356,-2.282135,0.724487
32932.726165,0.380356,-2.137238,0.452805
32932.736228,0.326019,-1.793106,0.036224
32932.746291,-0.507141,-1.195404,-2.300247
32932.757747,0.163010,-1.521423,-0.905609
32932.767906,0.000000,-1.412750,-0.289795
32932.777911,0.199234,-1.195404,-0.633926
32932.786703,0.144897,-0.778824,-0.833160
32932.796763,0.199234,-0.507141,-0.615814
32932.806856,0.271683,-0.326019,-0.434692
32932.816941,0.253571,-0.144897,-0.416580
32932.827032,0.199234,0.000000,-0.416580
32932.838282,0.181122,0.036224,-0.199234
32932.848455,0.181122,-0.036224,-0.090561
32932.858098,0.199234,-0.054337,-0.126785
32932.868696,0.235458,-0.054337,-0.108673
32932.878708,0.307907,-0.072449,-0.126785
32932.888879,0.326019,-0.090561,-0.181122
32932.899173,0.289795,-0.072449,-0.307907
32932.909295,0.199234,-0.108673,-0.235458
32932.918028,0.199234,-0.108673,-0.108673
32932.929190,0.181122,-0.144897,-0.108673
32932.939312,0.199234,-0.163010,-0.090561
32932.949437,0.163010,-0.181122,-0.054337
32932.959712,0.181122,-0.235458,-0.054337
32932.969916,0.181122,-0.307907,-0.090561
32932.979795,-0.199234,-1.231628,-0.887497
32932.989908,0.036224,-2.318359,-1.467087
32933.000031,-0.090561,-2.318359,0.670151
32933.009646,-0.579590,-2.318359,-0.489029
32933.021387,-0.633926,-2.318359,-1.231628
32933.031475,-0.724487,-2.318359,-1.340302
32933.040247,-0.579590,-2.318359,-0.905609
32933.051995,-0.398468,-2.209686,-0.652039
32933.062112,-0.380356,-2.209686,-0.380356
32933.071046,0.144897,-2.318359,-0.036224
32933.082769,0.344131,-2.318359,-0.181122
32933.092463,0.271683,-2.227798,-0.344131
32933.101644,0.289795,-2.046677,-0.398468
32933.113469,-0.036224,-1.684433,-0.380356
32933.123480,0.018112,-1.340302,-0.235458
32933.133569,-0.144897,-0.978058,-0.181122
32933.143670,-0.144897,-0.633926,-0.163010
32933.153785,-0.144897,-0.362244,-0.126785
32933.163883,-0.163010,-0.181122,-0.018112
32933.174165,-0.126785,-0.090561,0.163010
32933.184083,-0.072449,-0.072449,0.235458
32933.194205,-0.072449,-0.054337,0.253571
32933.204367,0.000000,-0.072449,0.126785
32933.214371,0.018112,-0.036224,0.108673
32933.224530,0.054337,-0.054337,0.018112
32933.234584,0.054337,-0.036224,0.036224
32933.244708,-0.018112,-0.072449,0.090561
32933.254884,-0.054337,-0.072449,0.217346
32933.265069,-0.090561,-0.090561,0.181122
32933.275219,0.018112,-0.108673,-0.018112
32933.283935,0.018112,-0.126785,-0.199234
32933.294031,0.054337,-0.235458,-0.289795
32933.304122,0.090561,-0.796936,-0.307907
32933.314928,0.181122,-0.941833,-0.144897
32933.324800,0.434692,-0.652039,-0.108673
32933.335489,0.543365,-0.724487,-0.072449
32933.345630,-0.018112,-0.923721,-0.434692
32933.355727,-0.307907,-1.141068,-0.561478
32933.365946,0.072449,-1.593872,-0.326019
32933.376163,-0.090561,-1.956116,-0.144897
32933.386146,-0.344131,-1.702545,-0.144897
32933.396188,-0.307907,-1.774994,-0.018112
32933.406370,-0.307907,-2.082901,0.398468
32933.416395,-0.434692,-2.046677,0.778824
32933.426532,-0.380356,-2.046677,0.670151
32933.436634,-0.452805,-1.756882,0.307907
32933.446758,-0.470917,-1.666321,0.434692
32933.456861,-0.470917,-1.720657,0.434692
32933.467073,-0.452805,-2.010452,0.742599
32933.477481,-0.144897,-2.318359,0.742599
32933.487219,0.398468,-2.318359,0.688263
32933.497306,0.470917,-2.318359,0.633926
32933.507463,0.470917,-2.300247,0.416580
32933.517650,0.615814,-2.064789,0.289795
32933.527690,-0.362244,-1.593872,-2.300247
32933.537804,0.054337,-1.738770,-2.300247
32933.547937,0.072449,-1.267853,0.018112
32933.558163,-0.326019,-1.177292,-0.018112
32933.568238,-0.036224,-1.267853,-0.978058
32933.578252,0.163010,-0.833160,-1.014282
32933.588378,0.307907,-0.525253,-0.398468
32933.598615,0.235458,-0.235458,-0.344131
32933.608740,0.181122,-0.036224,-0.561478
32933.618719,0.181122,0.054337,-0.652039
32933.628855,0.235458,-0.036224,-0.416580
32933.639132,0.199234,-0.072449,-0.090561
32933.649078,0.235458,-0.090561,0.018112
32933.659385,0.235458,-0.108673,0.036224
32933.669462,0.271683,-0.108673,0.036224
32933.679407,0.289795,-0.108673,-0.126785
32933.689496,0.344131,-0.144897,-0.289795
32933.699610,0.416580,-0.144897,-0.869385
32933.709814,0.163010,-0.144897,-0.778824
32933.719800,0.036224,-0.217346,-0.271683
32933.729916,0.054337,-0.253571,-0.090561
32933.740038,0.018112,-0.307907,-0.018112
32933.750124,-0.108673,-0.543365,-0.054337
32933.760292,-0.072449,-1.285965,-0.271683
32933.770568,0.470917,-2.318359,0.416580
32933.780561,-0.163010,-2.318359,0.144897
32933.789377,-0.760712,-2.318359,-0.597702
32933.799464,-0.978058,-2.318359,-0.851273
32933.810132,-1.014282,-2.318359,-0.615814
32933.819635,-0.815048,-2.318359,-0.525253
32933.830901,-0.507141,-2.318359,-0.796936
32933.841042,-0.489029,-2.119125,-0.887497
32933.851043,-0.452805,-2.137238,-0.706375
32933.861292,-0.144897,-2.028564,-0.398468
32933.871238,0.380356,-2.064789,-0.144897
32933.880173,0.344131,-2.227798,-0.470917
32933.891713,0.489029,-2.173462,-0.380356
32933.901496,0.380356,-1.919891,-0.036224
32933.911596,0.344131,-1.666321,0.217346
32933.921714,0.018112,-1.213516,0.163010
32933.931789,-0.181122,-0.815048,0.217346
32933.942021,-0.108673,-0.380356,0.271683
32933.952005,-0.054337,-0.126785,0.199234
32933.962111,-0.054337,-0.036224,0.000000
32933.972361,-0.072449,0.018112,-0.108673
32933.982275,-0.090561,0.036224,-0.072449
32933.992437,-0.126785,0.054337,-0.036224
32934.002675,-0.108673,0.054337,-0.054337
32934.012555,-0.163010,0.072449,0.054337
32934.022678,-0.253571,0.072449,0.271683
32934.032800,-0.344131,0.108673,0.452805
32934.042910,-0.289795,0.054337,0.271683
32934.053006,-0.181122,-0.054337,-0.018112
32934.063201,-0.072449,-0.054337,-0.163010
32934.073371,0.018112,-0.090561,-0.235458
32934.083439,0.036224,-0.108673,-0.217346
32934.093052,0.072449,-0.144897,-0.289795
32934.103497,0.090561,-0.126785,-0.362244
32934.113657,0.561478,-0.307907,-1.666321
32934.123686,0.126785,-0.144897,-0.199234
32934.133877,0.144897,-0.181122,-0.054337
32934.143947,-0.163010,-0.507141,-0.307907
32934.154001,-0.633926,-1.539536,-0.307907
32934.164087,0.108673,-2.318359,0.126785
32934.174353,0.905609,-2.318359,0.742599
32934.184684,0.796936,-2.318359,0.452805
32934.194433,0.778824,-2.318359,0.452805
32934.204707,0.217346,-2.318359,0.833160
32934.214964,0.217346,-2.155350,0.724487
32934.224783,0.126785,-1.847443,0.199234
32934.234942,-0.307907,-1.847443,0.054337
32934.244942,-0.235458,-1.811218,0.253571
32934.255239,-0.126785,-1.938004,0.579590
32934.265310,0.018112,-2.082901,0.833160
32934.275489,-0.144897,-1.992340,0.796936
32934.284222,-0.072449,-2.282135,0.796936
32934.294302,0.235458,-2.318359,0.543365
32934.304388,0.398468,-2.227798,0.344131
32934.315753,0.144897,-1.901779,-2.300247
32934.325150,0.307907,-1.611984,-1.684433
32934.335910,0.163010,-1.195404,-0.235458
32934.345924,-0.054337,-1.412750,-0.470917
32934.356049,0.126785,-1.412750,-0.525253
32934.366243,0.144897,-0.959946,-0.869385
32934.376490,0.181122,-0.633926,-0.760712
32934.386557,0.126785,-0.398468,-0.489029
32934.396505,0.090561,-0.163010,-0.271683
32934.406670,-0.036224,0.036224,-0.289795
32934.416706,-0.036224,0.072449,-0.507141
32934.426826,0.018112,0.036224,-0.307907
32934.436939,0.018112,-0.036224,-0.181122
32934.447061,0.018112,-0.036224,-0.144897
32934.457153,0.036224,-0.036224,-0.217346
32934.467283,0.199234,-0.090561,-0.941833
32934.477555,0.289795,-0.072449,-0.923721
32934.487532,0.163010,-0.126785,-0.217346
32934.497645,0.108673,-0.126785,0.036224
32934.507901,0.072449,-0.163010,0.036224
32934.518097,-0.018112,-0.144897,-0.072449
32934.527993,-0.072449,-0.181122,-0.416580
32934.538109,-0.036224,-0.271683,-0.525253
32934.548219,0.289795,-0.815048,-0.724487
32934.558383,1.104843,-2.318359,0.380356
32934.568467,0.217346,-2.318359,0.199234
32934.578575,-0.579590,-2.318359,-0.072449
32934.588854,-0.724487,-2.318359,-0.724487
32934.598846,-0.489029,-2.318359,-0.724487
32934.609140,-0.561478,-2.318359,-0.561478
32934.619184,-0.416580,-1.865555,-0.398468
32934.629187,-0.108673,-1.865555,-0.670151
32934.639383,-0.126785,-2.101013,-1.050507
32934.649398,-0.362244,-2.245911,-0.815048
32934.658392,-0.144897,-2.191574,-0.507141
32934.669741,-0.018112,-2.028564,-0.470917
32934.679684,0.326019,-2.010452,-0.416580
32934.689768,0.652039,-1.793106,-0.307907
32934.699919,0.978058,-1.901779,0.126785
32934.709826,0.217346,-1.448975,0.000000
32934.720021,0.163010,-0.905609,0.199234
32934.730135,-0.054337,-0.434692,0.181122
32934.740395,-0.108673,-0.163010,0.090561
32934.750310,-0.090561,-0.072449,0.036224
32934.760503,-0.018112,0.018112,-0.018112
32934.770687,0.018112,0.054337,-0.054337
32934.780753,-0.018112,0.036224,-0.144897
32934.789578,-0.018112,0.036224,-0.144897
32934.799643,-0.036224,0.036224,-0.054337
32934.810159,-0.108673,0.036224,0.271683
32934.820593,-0.326019,0.054337,0.688263
32934.831094,-0.344131,0.018112,0.452805
32934.841310,-0.199234,-0.054337,0.163010
32934.851276,-0.090561,-0.090561,-0.054337
32934.861468,0.018112,-0.108673,-0.163010
32934.871484,0.018112,-0.126785,-0.181122
32934.881577,0.036224,-0.126785,-0.199234
32934.891885,0.054337,-0.144897,-0.326019
32934.901776,0.434692,-0.489029,-2.300247
32934.911883,0.489029,-0.543365,-1.702545
32934.921992,0.072449,-0.235458,-0.181122
32934.932078,0.018112,-0.144897,-0.054337
32934.942183,-0.199234,-0.434692,0.072449
32934.952293,-0.561478,-1.956116,-0.181122
32934.962388,-0.561478,-2.318359,0.470917
32934.972651,1.267853,-2.318359,1.394638
32934.983030,1.575760,-2.318359,0.670151
32934.992815,0.452805,-2.318359,0.344131
32935.002876,-0.217346,-1.702545,0.307907
32935.012983,-0.289795,-1.267853,0.090561
32935.022979,-0.289795,-1.448975,0.054337
32935.033095,-0.018112,-2.082901,0.235458
32935.043187,0.126785,-2.082901,0.507141
32935.053742,0.163010,-2.318359,0.688263
32935.063408,0.108673,-2.318359,0.724487
32935.073676,-0.108673,-2.318359,0.470917
32935.083987,-0.018112,-2.318359,0.470917
32935.093711,0.090561,-2.318359,-0.742599
32935.103796,-0.235458,-1.702545,-2.300247
32935.113999,-0.036224,-1.684433,-1.050507
32935.124019,0.018112,-1.593872,-1.322189
32935.134197,0.108673,-1.575760,-1.104843
32935.144109,0.036224,-1.159180,-0.688263
32935.154309,0.144897,-0.760712,-0.416580
32935.164433,0.090561,-0.380356,-0.235458
32935.174794,-0.054337,-0.144897,-0.108673
32935.184603,-0.054337,-0.018112,-0.199234
32935.194704,-0.072449,0.126785,-1.086731
32935.204871,0.108673,0.217346,-1.557648
32935.214889,-0.036224,0.072449,-0.181122
32935.225133,-0.181122,-0.054337,0.452805
32935.235101,-0.108673,-0.108673,0.253571
32935.245305,0.090561,-0.181122,-0.543365
32935.255317,0.126785,-0.199234,-1.032394
32935.265587,0.163010,-0.199234,-0.452805
32935.275786,0.144897,-0.217346,-0.163010
32935.284502,0.072449,-0.217346,0.054337
32935.294584,-0.036224,-0.199234,0.072449
32935.304646,-0.108673,-0.181122,-0.036224
32935.316008,-0.163010,-0.163010,-0.271683
32935.325102,-0.199234,-0.253571,-0.470917
32935.336090,0.000000,-0.525253,-0.416580
32935.346358,0.489029,-1.267853,0.000000
32935.356289,1.177292,-2.318359,-0.018112
32935.366603,0.869385,-2.318359,-0.018112
32935.376712,0.271683,-2.318359,-0.163010
32935.386725,-0.072449,-2.318359,-0.380356
32935.396757,-0.217346,-2.318359,-0.434692
32935.405710,-0.181122,-2.318359,-0.489029
32935.416913,-0.163010,-2.318359,-0.507141
32935.427125,-0.144897,-2.119125,-0.887497
32935.437166,-0.126785,-2.282135,-1.159180
32935.447266,-0.163010,-2.318359,-1.014282
32935.457402,-0.235458,-2.318359,-0.796936
32935.466346,-0.108673,-2.300247,-0.561478
32935.477650,-0.126785,-1.865555,-0.398468
32935.487677,-0.036224,-1.557648,-0.452805
32935.497813,0.054337,-1.322189,-0.289795
32935.507960,0.108673,-1.068619,-0.144897
32935.518191,0.181122,-0.796936,0.018112
32935.528147,0.289795,-0.688263,0.344131
32935.538273,0.271683,-0.525253,0.579590
32935.548394,0.090561,-0.289795,0.507141
32935.558573,-0.054337,-0.036224,0.344131
32935.568548,-0.108673,0.072449,0.126785
32935.578916,-0.163010,0.108673,0.054337
32935.588881,-0.235458,0.108673,0.235458
32935.598816,-0.326019,0.108673,0.416580
32935.609408,-0.289795,0.072449,0.253571
32935.619193,-0.126785,0.018112,0.054337
32935.629322,0.000000,-0.036224,-0.090561
32935.639489,0.036224,-0.054337,-0.072449
32935.649526,0.036224,-0.072449,-0.090561
32935.659686,0.036224,-0.108673,-0.108673
32935.669793,0.072449,-0.108673,-0.199234
32935.680053,0.126785,-0.326019,-0.507141
32935.690029,0.181122,-0.670151,-0.615814
32935.700205,0.253571,-0.796936,-0.652039
32935.710165,0.633926,-0.507141,-0.742599
32935.720332,0.470917,-0.398468,-0.217346
32935.730417,-0.126785,-0.507141,-0.235458
32935.740503,-0.633926,-1.122955,-0.615814
32935.750631,0.000000,-2.318359,-2.300247
32935.760884,0.525253,-2.318359,0.362244
32935.771157,0.217346,-2.137238,1.340302
32935.781151,0.416580,-1.611984,1.412750
32935.789862,0.326019,-1.720657,1.159180
32935.799977,0.018112,-2.028564,1.014282
32935.810288,-0.362244,-2.155350,0.181122
32935.821663,-0.108673,-2.028564,-0.380356
32935.831382,-0.108673,-2.010452,-0.054337
32935.841363,0.126785,-1.938004,0.688263
32935.851722,-0.199234,-2.209686,1.177292
32935.861913,-0.144897,-2.318359,1.213516
32935.872276,-0.036224,-2.318359,0.851273
32935.881877,0.235458,-2.318359,0.851273
32935.892077,0.416580,-2.318359,0.380356
32935.902479,0.398468,-2.318359,0.072449
32935.912185,-0.941833,-1.467087,-2.300247
32935.922278,-0.326019,-1.557648,-2.300247
32935.932368,-0.380356,-1.285965,-0.398468
32935.942531,-0.470917,-1.394638,-0.597702
32935.952576,-0.398468,-1.177292,-0.706375
32935.962684,-0.090561,-0.760712,-0.525253
32935.972834,-0.036224,-0.307907,-0.416580
32935.982846,-0.072449,-0.072449,-0.543365
32935.992981,-0.036224,0.090561,-1.014282
32936.003189,0.181122,0.126785,-1.122955
32936.013194,0.217346,0.108673,-0.434692
32936.023278,0.126785,0.036224,0.307907
32936.033394,0.126785,0.018112,0.289795
32936.043498,0.108673,-0.054337,0.036224
32936.053586,0.217346,-0.108673,-0.416580
32936.063682,0.452805,-0.217346,-1.213516
32936.073755,0.398468,-0.217346,-0.579590
32936.083869,0.271683,-0.235458,-0.072449
32936.093973,0.217346,-0.253571,0.072449
32936.104272,0.108673,-0.235458,0.072449
32936.114313,-0.018112,-0.163010,-0.018112
32936.124265,-0.072449,-0.199234,-0.217346
32936.134445,0.018112,-0.362244,-0.380356
32936.144587,0.344131,-0.996170,-0.470917
32936.154549,0.905609,-2.318359,0.054337
32936.164681,0.289795,-2.318359,0.108673
32936.175040,-0.307907,-2.318359,-0.072449
32936.184883,-0.489029,-2.318359,-0.416580
32936.194990,-0.362244,-2.318359,-0.579590
32936.205217,-0.416580,-2.318359,-0.507141
32936.215226,-0.380356,-2.318359,-0.688263
32936.225403,-0.271683,-2.318359,-1.014282
32936.234314,-0.144897,-2.318359,-1.068619
32936.245642,-0.289795,-2.318359,-0.724487
32936.255643,-0.108673,-2.173462,-0.579590
32936.264615,0.144897,-2.028564,-0.507141
32936.276082,0.289795,-1.865555,-0.489029
32936.284839,0.452805,-1.611984,-0.470917
32936.294869,0.633926,-1.521423,0.144897
32936.306094,0.326019,-1.159180,0.271683
32936.316356,-0.054337,-0.742599,0.561478
32936.325153,-0.163010,-0.416580,0.434692
32936.336369,-0.108673,-0.163010,0.181122
32936.346462,-0.036224,-0.054337,0.072449
32936.356664,-0.036224,0.036224,0.018112
32936.366847,-0.054337,0.036224,-0.054337
32936.376852,-0.090561,0.036224,-0.072449
32936.387080,-0.163010,0.072449,0.108673
32936.397017,-0.217346,0.090561,0.235458
32936.407166,-0.271683,0.126785,0.362244
32936.417201,-0.199234,0.108673,0.271683
32936.427324,-0.144897,0.036224,0.054337
32936.437432,-0.090561,-0.036224,-0.126785
32936.447566,-0.018112,-0.108673,-0.181122
32936.457686,0.036224,-0.108673,-0.199234
32936.467899,0.000000,-0.126785,-0.199234
32936.478077,0.054337,-0.126785,-0.235458
32936.488044,0.108673,-0.217346,-0.362244
32936.498135,0.163010,-0.470917,-0.362244
32936.508260,0.181122,-0.724487,-0.199234
32936.518337,0.126785,-1.032394,-0.217346
32936.528517,-0.235458,-1.521423,-0.452805
32936.538614,-0.036224,-2.173462,-0.217346
32936.548731,0.887497,-2.318359,0.126785
32936.559213,0.543365,-2.245911,0.199234
32936.569003,0.326019,-1.720657,0.307907
32936.579292,0.217346,-1.702545,0.470917
32936.589236,-0.199234,-1.774994,0.706375
32936.599335,-0.507141,-1.992340,0.326019
32936.609539,-0.362244,-1.774994,0.018112
32936.619541,-0.199234,-1.774994,0.108673
32936.629690,-0.253571,-2.064789,0.434692
32936.639841,-0.181122,-2.318359,0.815048
32936.650300,-0.181122,-2.318359,1.032394
32936.659946,0.126785,-2.318359,0.760712
32936.670022,0.199234,-2.318359,0.380356
32936.680484,0.271683,-2.318359,0.072449
32936.690242,0.380356,-2.282135,-2.300247
32936.700425,-0.036224,-1.430862,-1.177292
32936.710185,0.362244,-1.394638,-1.177292
32936.720550,-0.199234,-1.376526,-0.416580
32936.730631,-0.163010,-1.575760,-0.597702
32936.740733,-0.126785,-1.304077,-0.670151
32936.750850,-0.072449,-0.796936,-0.742599
32936.761098,-0.090561,-0.380356,-0.398468
32936.771134,-0.199234,-0.054337,-0.271683
32936.781272,-0.271683,0.163010,-0.851273
32936.790091,-0.036224,0.217346,-1.086731
32936.800167,0.217346,0.054337,-0.452805
32936.810305,0.163010,-0.054337,0.163010
32936.821487,0.144897,-0.090561,0.199234
32936.831578,0.163010,-0.090561,0.126785
32936.841588,0.163010,-0.126785,0.000000
32936.851781,0.253571,-0.144897,-0.235458
32936.862037,0.543365,-0.235458,-1.448975
32936.872184,0.489029,-0.271683,-0.742599
32936.882080,0.289795,-0.253571,-0.090561
32936.892238,0.108673,-0.217346,0.036224
32936.902255,-0.090561,-0.144897,0.108673
32936.912352,-0.144897,-0.163010,-0.054337
32936.922463,-0.090561,-0.326019,-0.416580
32936.932557,0.362244,-1.394638,-0.416580
32936.942695,0.887497,-2.318359,0.108673
32936.952772,0.217346,-2.318359,0.036224
32936.962886,-0.344131,-2.318359,-0.181122
32936.973040,-0.398468,-2.318359,-0.489029
32936.983079,-0.525253,-2.318359,-0.362244
32936.993207,-0.452805,-2.318359,-0.307907
32937.003283,-0.235458,-2.318359,-0.615814
32937.013570,-0.217346,-2.318359,-0.959946
32937.022401,-0.253571,-2.318359,-0.796936
32937.033592,-0.126785,-2.318359,-0.579590
32937.043676,0.036224,-2.264023,-0.470917
32937.052714,0.090561,-2.064789,-0.561478
32937.063872,0.289795,-1.865555,-0.380356
32937.074121,0.416580,-1.684433,-0.072449
32937.084043,0.525253,-1.485199,0.362244
32937.094144,0.036224,-0.941833,0.380356
32937.103621,-0.235458,-0.470917,0.163010
32937.114395,-0.163010,-0.181122,0.018112
32937.124531,-0.054337,-0.054337,-0.090561
32937.134605,-0.036224,0.018112,-0.090561
32937.144598,-0.072449,0.072449,-0.018112
32937.154718,-0.126785,0.090561,0.144897
32937.164831,-0.199234,0.108673,0.307907
32937.175227,-0.289795,0.181122,0.489029
32937.185032,-0.470917,0.199234,0.615814
32937.195144,-0.470917,0.199234,0.489029
32937.205328,-0.344131,0.126785,0.163010
32937.215314,-0.144897,0.036224,-0.144897
32937.225471,-0.072449,-0.072449,-0.181122
32937.235647,0.018112,-0.108673,-0.199234
32937.245699,0.036224,-0.108673,-0.181122
32937.255795,0.072449,-0.144897,-0.253571
32937.265998,0.090561,-0.181122,-0.398468
32937.276432,0.163010,-0.217346,-0.815048
32937.284975,0.452805,-0.434692,-1.050507
32937.295058,0.235458,-0.307907,-0.217346
32937.305149,0.307907,-0.633926,-0.108673
32937.316508,-0.633926,-1.141068,-0.253571
32937.325893,-0.905609,-2.137238,-0.217346
32937.336595,0.688263,-2.318359,0.416580
32937.347139,0.978058,-2.318359,0.362244
32937.356853,0.833160,-2.318359,0.706375
32937.367068,0.362244,-1.865555,0.525253
32937.377291,-0.326019,-1.611984,0.489029
32937.387397,-0.344131,-1.575760,0.380356
32937.397244,-0.398468,-1.738770,0.163010
32937.407360,-0.326019,-1.919891,0.362244
32937.417459,-0.253571,-2.173462,0.543365
32937.427593,0.036224,-2.318359,0.688263
32937.438057,0.036224,-2.318359,0.851273
32937.447821,0.271683,-2.318359,0.670151
32937.458088,0.398468,-2.318359,0.416580
32937.468442,0.362244,-2.318359,0.018112
32937.478343,0.326019,-2.227798,-2.300247
32937.488292,-0.597702,-1.557648,-2.300247
32937.498401,-0.108673,-1.684433,-1.267853
32937.508570,-0.543365,-1.720657,-0.416580
32937.518784,-0.416580,-1.557648,-0.253571
32937.528746,-0.326019,-1.050507,-0.398468
32937.538866,-0.235458,-0.579590,-0.615814
32937.548994,-0.126785,-0.235458,-0.561478
32937.559225,-0.108673,0.036224,-1.014282
32937.569233,0.036224,0.144897,-1.285965
32937.579585,0.199234,0.090561,-0.778824
32937.589446,0.217346,0.018112,-0.253571
32937.599562,0.163010,-0.054337,0.307907
32937.609903,0.181122,-0.090561,0.525253
32937.619831,0.235458,-0.126785,0.144897
32937.629905,0.307907,-0.163010,-0.108673
32937.640170,0.344131,-0.217346,-0.507141
32937.650101,0.470917,-0.307907,-1.412750
32937.660196,0.144897,-0.289795,-0.470917
32937.670308,0.072449,-0.217346,-0.072449
32937.680561,0.036224,-0.163010,-0.036224
32937.690502,-0.036224,-0.144897,-0.054337
32937.700681,-0.072449,-0.126785,0.018112
32937.710783,-0.108673,-0.199234,0.054337
32937.720819,-0.018112,-0.869385,-0.163010
32937.730903,0.597702,-2.318359,-0.090561
32937.741010,0.452805,-2.318359,0.018112
32937.751110,-0.163010,-2.318359,-0.090561
32937.761281,-0.597702,-2.318359,-0.507141
32937.771299,-0.778824,-2.318359,-0.434692
32937.781741,-0.489029,-2.318359,-0.543365
32937.790352,-0.253571,-2.318359,-0.742599
32937.800429,-0.126785,-2.300247,-0.796936
32937.810541,-0.126785,-2.300247,-0.869385
32937.821754,-0.126785,-2.191574,-0.633926
32937.831914,-0.126785,-2.137238,-0.579590
32937.840947,0.307907,-2.209686,-0.561478
32937.852033,0.742599,-2.155350,-0.507141
32937.862282,0.470917,-1.611984,-0.489029
32937.872453,0.072449,-1.104843,0.090561
32937.882265,0.072449,-0.815048,0.380356
32937.892600,-0.090561,-0.525253,0.307907
32937.902498,-0.090561,-0.253571,0.326019
32937.912777,-0.054337,-0.090561,0.253571
32937.921554,-0.036224,0.000000,0.126785
32937.932773,-0.018112,0.072449,-0.054337
32937.942878,-0.054337,0.072449,-0.072449
32937.952982,-0.126785,0.090561,0.108673
32937.963081,-0.181122,0.108673,0.271683
32937.973242,-0.253571,0.072449,0.452805
32937.983284,-0.470917,0.090561,0.633926
32937.993379,-0.344131,0.018112,0.271683
32938.003498,-0.199234,-0.036224,-0.072449
32938.013556,-0.072449,-0.072449,-0.163010
32938.023655,0.036224,-0.108673,-0.181122
32938.033781,0.018112,-0.144897,-0.289795
32938.043889,0.036224,-0.126785,-0.362244
32938.053989,0.398468,-0.434692,-2.300247
32938.064092,0.525253,-0.452805,-1.503311
32938.074264,0.108673,-0.181122,-0.199234
32938.084285,0.018112,-0.181122,0.199234
32938.094379,-0.108673,-0.289795,0.307907
32938.104499,-0.307907,-0.724487,-0.018112
32938.114680,-0.090561,-2.028564,0.163010
32938.124852,-0.470917,-2.318359,0.344131
32938.135828,0.688263,-2.318359,1.285965
32938.147582,1.575760,-2.318359,1.611984
32938.157686,1.050507,-2.318359,1.086731
32938.167801,0.362244,-1.756882,0.416580
32938.178080,-0.126785,-1.539536,0.000000
32938.187921,-0.253571,-1.648209,0.235458
32938.198128,-0.054337,-2.046677,0.615814
32938.208334,0.326019,-2.318359,0.815048
32938.217699,0.326019,-2.318359,0.778824
32938.229452,0.144897,-2.318359,0.525253
32938.239634,-0.235458,-2.318359,0.199234
32938.248453,-0.887497,-2.119125,-2.028564
32938.260282,-0.869385,-1.793106,-2.300247
32938.270296,-0.126785,-1.829330,-0.905609
32938.280469,-0.253571,-1.593872,0.036224
32938.289337,-0.163010,-1.141068,-0.072449
32938.299477,-0.018112,-0.615814,-0.271683
32938.310086,0.054337,-0.307907,-0.326019
32938.320724,0.090561,-0.144897,-0.452805
32938.330258,0.126785,-0.036224,-1.213516
32938.341053,0.235458,0.054337,-1.666321
32938.351051,0.271683,-0.036224,-0.869385
32938.361109,0.199234,-0.054337,0.235458
32938.371375,0.090561,0.000000,0.760712
32938.381495,0.072449,-0.036224,0.579590
32938.391506,0.072449,-0.054337,0.199234
32938.401541,0.163010,-0.126785,-0.670151
32938.411884,0.470917,-0.181122,-1.829330
32938.421735,0.253571,-0.199234,-0.507141
32938.432010,0.108673,-0.217346,0.054337
32938.441978,0.018112,-0.217346,0.199234
32938.452042,-0.072449,-0.217346,0.326019
32938.462164,-0.217346,-0.326019,-0.090561
32938.472319,-0.289795,-0.941833,-0.579590
32938.482455,0.452805,-1.974228,-0.199234
32938.492544,0.796936,-2.318359,0.126785
32938.502547,0.235458,-2.318359,0.144897
32938.513323,-0.199234,-2.318359,0.054337
32938.522760,-0.507141,-2.318359,-0.289795
32938.532872,-0.615814,-2.318359,-0.507141
32938.543434,-0.362244,-2.318359,-0.742599
32938.553095,-0.362244,-2.318359,-0.778824
32938.563202,-0.235458,-2.318359,-0.507141
32938.573805,-0.235458,-2.318359,-0.398468
32938.583156,-0.163010,-2.318359,-0.398468
32938.593463,-0.054337,-2.245911,-0.724487
32938.603554,0.036224,-1.865555,-0.923721
32938.613857,0.271683,-2.028564,-0.742599
32938.623847,0.362244,-1.992340,-0.470917
32938.634040,0.543365,-1.974228,-0.108673
32938.643931,0.670151,-1.738770,-0.181122
32938.654063,0.018112,-1.141068,-0.090561
32938.664315,0.054337,-0.688263,0.163010
32938.674517,0.054337,-0.326019,0.181122
32938.684357,-0.036224,-0.108673,0.235458
32938.694476,-0.108673,-0.036224,0.307907
32938.704734,-0.090561,0.054337,0.289795
32938.714832,-0.126785,0.072449,0.181122
32938.724790,-0.181122,0.090561,0.163010
32938.734897,-0.253571,0.126785,0.199234
32938.745007,-0.307907,0.144897,0.217346
32938.755072,-0.253571,0.126785,0.199234
32938.765436,-0.108673,0.090561,0.126785
32938.775559,-0.018112,0.018112,-0.018112
32938.784243,0.018112,-0.072449,-0.072449
32938.794332,0.036224,-0.090561,-0.108673
32938.804401,0.018112,-0.090561,-0.108673
32938.815458,0.018112,-0.108673,-0.199234
32938.825175,0.054337,-0.144897,-0.344131
32938.835884,0.072449,-0.199234,-0.416580
32938.845944,0.108673,-0.181122,-0.380356
32938.856070,0.144897,-0.217346,-0.452805
32938.866241,0.126785,-0.344131,-0.452805
32938.876451,0.000000,-0.851273,-0.525253
32938.886565,-0.923721,-2.318359,-2.300247
32938.896519,-0.018112,-2.318359,-0.344131
32938.906651,0.561478,-2.318359,1.702545
32938.916776,0.181122,-2.227798,1.666321
32938.927043,0.307907,-2.173462,1.104843
32938.936987,0.144897,-2.227798,1.014282
32938.947106,-0.126785,-2.010452,0.380356
32938.957206,-0.090561,-1.702545,-0.036224
32938.967311,-0.416580,-1.630096,0.326019
32938.977495,-0.326019,-1.938004,0.905609
32938.987643,-0.090561,-2.318359,1.159180
32938.997666,0.307907,-2.318359,1.086731
32939.006594,0.452805,-2.318359,0.615814
32939.018069,0.398468,-2.318359,0.199234
32939.027962,-0.036224,-2.028564,-2.300247
32939.036439,0.054337,-1.811218,-2.300247
32939.048201,0.036224,-1.448975,-0.561478
32939.058314,-0.380356,-1.630096,-0.760712
32939.068439,-0.452805,-1.467087,-0.778824
32939.078612,-0.344131,-0.978058,-0.706375
32939.088632,-0.271683,-0.561478,-0.579590
32939.098770,-0.163010,-0.235458,-0.452805
32939.109294,-0.108673,-0.018112,-0.362244
32939.118979,-0.108673,0.144897,-0.941833
32939.129162,0.054337,0.163010,-0.887497
32939.139353,0.072449,0.036224,-0.199234
32939.149316,0.018112,-0.036224,0.289795
32939.159441,0.054337,-0.036224,0.307907
32939.169523,0.072449,-0.054337,-0.072449
32939.179726,0.217346,-0.054337,-0.796936
32939.189768,0.470917,-0.181122,-1.666321
32939.199922,0.289795,-0.235458,-0.452805
32939.210178,0.181122,-0.235458,0.018112
32939.220119,0.181122,-0.217346,0.235458
32939.230207,0.072449,-0.199234,0.326019
32939.240376,0.036224,-0.181122,0.108673
32939.250389,0.054337,-0.199234,-0.090561
32939.260585,0.181122,-0.778824,-0.887497
32939.270581,0.561478,-2.318359,-0.543365
32939.280857,0.036224,-2.318359,0.072449
32939.290064,-0.615814,-2.318359,-0.054337
32939.299755,-0.724487,-2.318359,-0.380356
32939.310063,-0.615814,-2.318359,-0.434692
32939.321453,-0.470917,-2.318359,-0.597702
32939.331124,-0.543365,-2.318359,-0.633926
32939.341171,-0.470917,-2.318359,-0.724487
32939.351653,-0.470917,-2.318359,-0.724487
32939.361593,-0.253571,-2.318359,-0.742599
32939.371604,-0.126785,-1.883667,-0.724487
32939.381677,-0.090561,-1.883667,-0.597702
32939.391960,0.144897,-1.865555,-0.199234
32939.401867,0.579590,-2.082901,-0.199234
32939.412033,0.652039,-1.992340,-0.253571
32939.422046,0.326019,-1.557648,-0.072449
32939.432171,0.108673,-0.978058,0.271683
32939.442268,-0.144897,-0.543365,0.470917
32939.452364,-0.163010,-0.271683,0.489029
32939.462448,-0.072449,-0.108673,0.307907
32939.472564,-0.054337,0.000000,0.126785
32939.482610,-0.036224,0.090561,0.072449
32939.492766,-0.072449,0.126785,0.054337
32939.502857,-0.144897,0.163010,0.271683
32939.513031,-0.307907,0.199234,0.561478
32939.523136,-0.307907,0.235458,0.615814
32939.533144,-0.307907,0.163010,0.507141
32939.543252,-0.253571,0.108673,0.289795
32939.553443,-0.163010,0.054337,-0.018112
32939.563444,-0.108673,-0.054337,-0.126785
32939.573628,-0.036224,-0.108673,-0.144897
32939.583567,0.018112,-0.126785,-0.163010
32939.593729,0.036224,-0.126785,-0.217346
32939.603870,0.072449,-0.181122,-0.470917
32939.613570,0.796936,-0.815048,-2.300247
32939.624106,0.597702,-0.670151,-1.774994
32939.634249,0.144897,-0.289795,-0.217346
32939.644288,0.036224,-0.398468,0.380356
32939.654372,-0.833160,-1.467087,0.000000
32939.664494,-1.086731,-2.318359,0.489029
32939.674924,0.670151,-2.318359,0.434692
32939.684696,0.905609,-2.318359,0.561478
32939.694800,1.195404,-2.318359,0.688263
32939.705073,0.579590,-2.300247,0.652039
32939.715049,-0.380356,-2.137238,0.452805
32939.725223,-0.597702,-1.793106,-0.054337
32939.735248,-0.362244,-1.630096,-0.054337
32939.745386,-0.253571,-1.756882,0.398468
32939.755482,-0.307907,-2.028564,0.869385
32939.765736,-0.217346,-2.173462,1.104843
32939.774556,0.018112,-2.318359,0.778824
32939.784613,0.181122,-2.318359,0.326019
32939.794690,0.416580,-2.318359,0.144897
32939.804784,0.090561,-2.191574,-2.300247
32939.815820,-0.072449,-1.485199,-2.300247
32939.825112,0.090561,-1.358414,-1.358414
32939.835631,-0.271683,-1.412750,-1.032394
32939.846377,-0.253571,-1.340302,-0.760712
32939.856464,-0.271683,-0.905609,-0.633926
32939.866837,-0.253571,-0.507141,-0.398468
32939.876853,-0.217346,-0.199234,-0.235458
32939.886948,-0.126785,0.036224,-0.633926
32939.896899,0.018112,0.199234,-1.141068
32939.907022,0.126785,0.126785,-0.652039
32939.917135,0.090561,0.072449,0.090561
32939.927244,0.072449,0.036224,0.344131
32939.937465,0.090561,0.018112,0.090561
32939.947488,0.054337,-0.036224,-0.181122
32939.957640,0.108673,-0.072449,-0.380356
32939.967756,0.380356,-0.199234,-1.304077
32939.978013,0.307907,-0.271683,-0.742599
32939.987926,0.072449,-0.217346,-0.036224
32939.998077,0.000000,-0.199234,0.126785
32940.008346,-0.126785,-0.144897,0.253571
32940.018311,-0.090561,-0.144897,0.144897
32940.028405,-0.126785,-0.217346,-0.470917
32940.038528,-0.018112,-0.579590,-0.833160
32940.048632,0.905609,-2.318359,-0.434692
32940.058891,0.235458,-2.318359,-0.090561
32940.069240,-0.652039,-2.318359,0.144897
32940.079117,-0.869385,-2.318359,-0.108673
32940.089033,-0.579590,-2.318359,-0.398468
32940.099537,-0.507141,-2.318359,-0.489029
32940.109585,-0.470917,-2.318359,-0.507141
32940.119359,-0.271683,-2.318359,-0.869385
32940.129926,-0.362244,-2.318359,-0.742599
32940.139769,-0.217346,-2.318359,-0.851273
32940.149782,-0.307907,-1.992340,-0.796936
32940.159768,-0.307907,-1.919891,-0.597702
32940.169850,0.054337,-1.829330,-0.253571
32940.180015,0.362244,-1.829330,-0.036224
32940.190005,0.652039,-1.702545,-0.108673
32940.200213,0.561478,-1.430862,0.235458
32940.210309,0.217346,-0.923721,0.235458
32940.220313,-0.018112,-0.470917,0.307907
32940.230407,-0.126785,-0.199234,0.181122
32940.240702,-0.090561,-0.090561,0.144897
32940.250613,-0.072449,0.036224,0.036224
32940.260776,-0.036224,0.054337,-0.036224
32940.270810,-0.054337,0.072449,0.036224
32940.281056,-0.072449,0.072449,0.090561
32940.289851,-0.271683,0.108673,0.380356
32940.299956,-0.362244,0.144897,0.543365
32940.310128,-0.289795,0.126785,0.416580
32940.321228,-0.199234,0.072449,0.090561
32940.331333,-0.126785,0.000000,-0.108673
32940.341358,-0.054337,-0.090561,-0.144897
32940.351547,0.000000,-0.108673,-0.144897
32940.361863,0.036224,-0.108673,-0.181122
32940.371561,0.072449,-0.181122,-0.452805
32940.381898,0.163010,-0.235458,-0.525253
32940.392232,1.195404,-0.833160,-2.300247
32940.402034,0.597702,-0.633926,-0.289795
32940.412286,0.181122,-0.670151,0.452805
32940.422227,-0.470917,-0.706375,0.199234
32940.432307,-0.905609,-1.593872,0.796936
32940.442572,-0.144897,-2.318359,0.760712
32940.452517,0.235458,-2.318359,0.199234
32940.462651,0.796936,-2.318359,0.380356
32940.472735,0.525253,-1.992340,0.416580
32940.482976,0.090561,-1.630096,0.525253
32940.492954,-0.126785,-1.430862,0.398468
32940.503155,-0.362244,-1.648209,0.181122
32940.513241,-0.235458,-1.901779,0.235458
32940.523241,-0.072449,-2.227798,0.543365
32940.533359,0.054337,-2.318359,0.959946
32940.542342,0.217346,-2.318359,1.249741
32940.553587,0.163010,-2.318359,0.905609
32940.563679,0.235458,-2.318359,0.416580
32940.572637,0.271683,-2.209686,0.072449
32940.584047,-0.199234,-1.956116,-1.467087
32940.593952,-0.688263,-1.430862,-2.300247
32940.604051,-0.217346,-1.448975,-0.923721
32940.614405,-0.452805,-1.521423,-0.525253
32940.624252,-0.235458,-1.376526,-0.507141
32940.634442,-0.126785,-0.905609,-0.470917
32940.644625,-0.072449,-0.434692,-0.380356
32940.654530,-0.108673,-0.144897,-0.470917
32940.664633,-0.126785,0.054337,-1.086731
32940.674850,0.090561,0.090561,-1.358414
32940.684756,0.126785,0.054337,-0.470917
32940.694919,0.036224,0.072449,0.470917
32940.705122,0.108673,0.036224,0.289795
32940.715123,0.108673,-0.018112,-0.054337
32940.725325,0.144897,-0.072449,-0.253571
32940.735358,0.289795,-0.163010,-0.778824
32940.745555,0.344131,-0.235458,-0.760712
32940.755581,0.144897,-0.235458,-0.253571
32940.765773,0.054337,-0.199234,-0.036224
32940.776016,0.018112,-0.163010,-0.036224
32940.784764,0.018112,-0.144897,-0.072449
32940.794816,-0.072449,-0.181122,-0.326019
32940.806136,-0.036224,-0.452805,-0.380356
32940.816005,0.525253,-2.209686,-0.126785
32940.825259,0.489029,-2.318359,-0.018112
32940.837785,-0.307907,-2.318359,0.018112
32940.848935,-0.470917,-2.318359,-0.217346
32940.859086,-0.706375,-2.318359,-0.561478
32940.868279,-0.362244,-2.318359,-0.489029
32940.880172,-0.398468,-2.318359,-0.398468
32940.890245,-0.344131,-2.300247,-0.579590
32940.898953,-0.470917,-2.300247,-0.833160
32940.910699,-0.470917,-2.318359,-0.923721
32940.920805,-0.597702,-2.318359,-1.014282
32940.929584,-0.307907,-2.264023,-1.104843
32940.941373,0.018112,-1.956116,-0.851273
32940.951415,0.416580,-1.883667,-0.289795
32940.961509,0.326019,-1.575760,-0.362244
32940.971611,0.543365,-1.358414,-0.235458
32940.981792,0.470917,-1.032394,0.253571
32940.991878,0.126785,-0.670151,0.344131
32941.001931,0.072449,-0.326019,0.090561
32941.012083,0.036224,-0.090561,-0.018112
32941.022118,0.018112,0.018112,-0.018112
32941.032198,0.036224,0.090561,-0.018112
32941.042420,0.036224,0.090561,0.090561
32941.052387,-0.036224,0.090561,0.235458
32941.062509,-0.090561,0.072449,0.416580
32941.072611,-0.199234,0.072449,0.706375
32941.082881,-0.271683,0.108673,0.452805
32941.092832,-0.144897,0.036224,0.090561
32941.102928,-0.054337,-0.036224,-0.090561
32941.113096,0.018112,-0.054337,-0.126785
32941.123115,0.018112,-0.108673,-0.108673
32941.133215,0.036224,-0.126785,-0.126785
32941.143512,0.018112,-0.126785,-0.253571
32941.153501,0.108673,-0.199234,-0.525253
32941.163516,1.032394,-0.887497,-2.300247
32941.173642,0.615814,-0.633926,-1.485199
32941.184089,0.090561,-0.199234,-0.199234
32941.193851,0.054337,-0.253571,0.452805
32941.203963,-0.072449,-0.253571,0.362244
32941.214212,-0.126785,-0.742599,1.195404
32941.224145,-0.126785,-2.318359,0.434692
32941.234264,-1.122955,-2.318359,0.181122
32941.245060,-0.923721,-2.318359,0.652039
32941.254493,0.815048,-2.318359,0.652039
32941.264672,1.285965,-2.318359,0.489029
32941.275018,0.289795,-2.010452,0.090561
32941.283679,-0.235458,-1.340302,0.090561
32941.293723,-0.344131,-1.231628,-0.018112
32941.303811,-0.398468,-1.666321,0.434692
32941.315181,-0.344131,-2.282135,0.978058
32941.324770,-0.054337,-2.318359,1.358414
32941.335269,0.163010,-2.318359,0.815048
32941.345377,0.253571,-2.318359,0.434692
32941.355509,0.416580,-2.318359,0.199234
32941.365700,0.452805,-2.209686,-0.054337
32941.375968,-0.344131,-1.611984,-2.300247
32941.385802,0.054337,-1.448975,-2.300247
32941.395945,-0.126785,-1.340302,-0.851273
32941.406125,-0.235458,-1.539536,-0.724487
32941.416162,-0.163010,-1.231628,-0.561478
32941.426478,-0.090561,-0.742599,-0.489029
32941.436433,-0.144897,-0.307907,-0.307907
32941.446568,-0.163010,-0.054337,-0.452805
32941.456683,-0.090561,0.108673,-1.050507
32941.466791,0.090561,0.126785,-0.905609
32941.477068,0.072449,0.108673,-0.181122
32941.487011,0.018112,0.072449,0.235458
32941.497118,0.054337,0.036224,0.108673
32941.507217,0.036224,-0.036224,0.054337
32941.517412,0.090561,-0.036224,-0.235458
32941.527465,0.271683,-0.126785,-0.869385
32941.537603,0.271683,-0.217346,-0.688263
32941.547702,0.144897,-0.199234,-0.144897
32941.557944,0.072449,-0.181122,0.054337
32941.567941,0.036224,-0.163010,0.072449
32941.578146,0.018112,-0.144897,0.000000
32941.588147,0.018112,-0.144897,-0.054337
32941.598280,0.036224,-0.235458,-0.199234
32941.608576,0.380356,-1.050507,-0.688263
32941.618664,1.195404,-2.318359,-0.235458
32941.628630,-0.235458,-2.318359,-0.036224
32941.637952,-0.905609,-2.318359,-0.181122
32941.648799,-0.978058,-2.318359,-0.362244
32941.658973,-0.217346,-2.318359,-0.507141
32941.667838,-0.181122,-2.318359,-0.615814
32941.679238,-0.126785,-2.318359,-0.760712
32941.689278,-0.344131,-2.318359,-0.815048
32941.698102,-0.416580,-2.245911,-0.670151
32941.709684,-0.217346,-2.046677,-0.507141
32941.719479,-0.126785,-1.901779,-0.706375
32941.729575,0.054337,-1.756882,-0.796936
32941.739716,0.489029,-1.648209,-0.253571
32941.749813,0.706375,-1.539536,-0.054337
32941.760016,0.362244,-1.195404,0.163010
32941.770093,0.108673,-0.724487,0.307907
32941.780203,-0.072449,-0.307907,0.235458
32941.789065,-0.054337,-0.072449,0.126785
32941.799167,-0.036224,0.036224,0.054337
32941.809328,-0.072449,0.072449,0.090561
32941.820454,-0.072449,0.090561,0.163010
32941.830541,-0.144897,0.090561,0.289795
32941.841101,-0.326019,0.108673,0.724487
32941.850736,-0.398468,0.181122,0.760712
32941.860911,-0.344131,0.144897,0.452805
32941.871114,-0.217346,0.054337,0.090561
32941.881196,-0.144897,-0.036224,-0.108673
32941.891390,-0.054337,-0.090561,-0.181122
32941.901213,-0.018112,-0.090561,-0.199234
32941.911399,0.018112,-0.108673,-0.199234
32941.921407,0.018112,-0.108673,-0.253571
32941.931507,0.072449,-0.181122,-0.452805
32941.941614,0.181122,-0.271683,-0.615814
32941.951729,0.706375,-0.706375,-2.282135
32941.961837,0.108673,-0.561478,-0.163010
32941.971925,-0.434692,-1.177292,-0.018112
32941.982094,-0.525253,-1.847443,0.126785
32941.992139,0.525253,-2.300247,0.543365
32942.002221,0.996170,-2.318359,0.507141
32942.012763,0.380356,-2.173462,0.470917
32942.022431,0.344131,-1.974228,0.633926
32942.032517,0.344131,-2.264023,0.851273
32942.042762,0.452805,-2.155350,0.633926
32942.052737,-0.036224,-2.155350,0.108673
32942.062920,-0.235458,-1.666321,-0.036224
32942.071882,0.036224,-1.467087,-0.036224
32942.083157,-0.054337,-1.648209,0.470917
32942.093094,-0.054337,-1.883667,0.470917
32942.103193,-0.108673,-2.209686,0.941833
32942.113649,-0.036224,-2.318359,0.978058
32942.123452,0.163010,-2.318359,0.615814
32942.133498,0.181122,-2.318359,0.217346
32942.143659,0.072449,-2.155350,-0.307907
32942.153721,-0.597702,-1.485199,-2.300247
32942.163828,-0.163010,-1.503311,-0.833160
32942.173894,0.036224,-1.648209,-0.597702
32942.184082,-0.163010,-1.412750,-0.416580
32942.194118,-0.108673,-0.887497,-0.307907
32942.204303,-0.072449,-0.489029,-0.416580
32942.214459,-0.108673,-0.144897,-0.543365
32942.224532,-0.126785,0.018112,-0.923721
32942.234500,-0.090561,0.108673,-1.213516
32942.244685,-0.018112,0.108673,-0.652039
32942.254716,-0.054337,0.072449,0.253571
32942.264882,-0.072449,0.072449,0.489029
32942.275046,-0.036224,0.000000,0.072449
32942.283828,0.054337,0.036224,-0.289795
32942.293921,0.144897,0.018112,-0.923721
32942.304030,0.253571,-0.054337,-0.851273
32942.315411,0.181122,-0.108673,-0.271683
32942.324788,0.108673,-0.144897,0.108673
32942.335447,-0.072449,-0.181122,0.217346
32942.345332,-0.072449,-0.217346,0.144897
32942.355761,-0.036224,-0.362244,-0.289795
32942.366104,0.235458,-0.489029,-0.289795
32942.376165,0.326019,-0.796936,-0.217346
32942.386063,1.086731,-2.318359,-0.507141
32942.396176,-0.362244,-2.318359,-0.144897
32942.406290,-0.905609,-2.318359,0.072449
32942.416598,-0.398468,-2.318359,-0.072449
32942.426522,-0.253571,-2.318359,-0.344131
32942.435470,-0.362244,-2.318359,-0.470917
32942.446691,-0.307907,-2.318359,-0.633926
32942.456793,-0.217346,-2.318359,-0.978058
32942.465788,-0.199234,-2.318359,-0.996170
32942.477053,0.036224,-2.300247,-0.815048
32942.487031,-0.072449,-1.938004,-0.597702
32942.497215,-0.036224,-1.738770,-0.253571
32942.507334,0.217346,-1.756882,0.181122
32942.517525,0.362244,-1.630096,-0.036224
32942.527573,0.108673,-1.267853,-0.054337
32942.537702,-0.018112,-0.742599,-0.018112
32942.547806,-0.144897,-0.398468,0.072449
32942.557973,-0.126785,-0.163010,0.108673
32942.568044,-0.018112,-0.036224,0.199234
32942.578239,0.000000,0.036224,0.217346
32942.588257,-0.018112,0.054337,0.181122
32942.598371,-0.036224,0.054337,0.217346
32942.608763,-0.054337,0.072449,0.398468
32942.618537,-0.126785,0.108673,0.543365
32942.628680,-0.163010,0.163010,0.507141
32942.638864,-0.181122,0.108673,0.271683
32942.648900,-0.126785,0.036224,0.000000
32942.659158,-0.054337,-0.036224,-0.090561
32942.669143,0.054337,-0.072449,-0.144897
32942.679398,0.072449,-0.126785,-0.126785
32942.689353,0.108673,-0.126785,-0.163010
32942.699464,0.181122,-0.181122,-0.307907
32942.709884,1.267853,-0.760712,-2.300247
32942.719804,1.014282,-0.706375,-0.416580
32942.729930,-0.036224,-0.579590,0.344131
32942.740024,-0.289795,-0.996170,-0.289795
32942.750113,-0.018112,-1.702545,-0.181122
32942.760374,0.525253,-2.282135,0.326019
32942.770335,0.235458,-2.064789,0.597702
32942.780494,0.072449,-1.557648,0.597702
32942.789375,-0.072449,-1.430862,0.597702
32942.799525,-0.271683,-1.811218,0.579590
32942.810116,-0.561478,-2.173462,0.416580
32942.820633,-0.235458,-2.137238,0.163010
32942.831466,0.000000,-2.064789,0.018112
32942.841063,0.000000,-2.173462,0.199234
32942.851039,0.090561,-2.318359,0.507141
32942.861484,0.126785,-2.318359,0.905609
32942.871411,0.398468,-2.318359,0.815048
32942.881497,0.398468,-2.318359,0.561478
32942.892157,0.181122,-2.227798,0.307907
32942.901521,0.163010,-2.101013,0.307907
32942.911779,-0.344131,-1.611984,-2.300247
32942.920620,-0.163010,-1.575760,-1.919891
32942.931769,-0.181122,-1.340302,-1.195404
32942.941996,-0.253571,-1.467087,-1.141068
32942.951983,-0.289795,-1.213516,-0.742599
32942.962073,-0.217346,-0.905609,-0.434692
32942.972191,-0.199234,-0.416580,-0.199234
32942.982435,-0.199234,-0.036224,-0.199234
32942.992435,-0.126785,0.217346,-0.670151
32943.002460,0.108673,0.235458,-0.760712
32943.012733,0.235458,0.072449,-0.416580
32943.022650,0.163010,0.018112,0.018112
32943.032760,0.108673,0.036224,0.217346
32943.042885,0.163010,0.036224,-0.072449
32943.052985,0.271683,-0.054337,-0.597702
32943.063095,0.434692,-0.144897,-1.014282
32943.073188,0.398468,-0.235458,-0.561478
32943.083526,0.108673,-0.253571,-0.054337
32943.093389,-0.072449,-0.253571,0.000000
32943.103488,-0.235458,-0.217346,-0.144897
32943.113654,-0.271683,-0.217346,-0.217346
32943.123423,-0.090561,-0.362244,-0.090561
32943.133872,0.470917,-1.267853,-0.126785
32943.143937,0.815048,-2.318359,-0.090561
32943.153986,-0.163010,-2.318359,0.144897
32943.164111,-0.615814,-2.318359,0.126785
32943.174235,-0.380356,-2.318359,-0.108673
32943.184390,-0.380356,-2.318359,-0.470917
32943.194438,-0.380356,-2.318359,-0.615814
32943.204552,-0.398468,-2.318359,-0.633926
32943.214842,-0.452805,-2.318359,-0.561478
32943.223651,-0.271683,-2.318359,-0.199234
32943.234835,-0.144897,-2.318359,-0.633926
32943.245190,-0.126785,-2.318359,-0.978058
32943.253898,0.072449,-2.137238,-0.887497
32943.265206,0.199234,-2.028564,-0.615814
32943.275627,0.489029,-1.938004,-0.199234
32943.284213,0.670151,-1.883667,-0.126785
32943.294266,0.489029,-1.467087,-0.090561
32943.304352,-0.018112,-0.851273,-0.108673
32943.315731,-0.163010,-0.489029,-0.036224
32943.325069,-0.181122,-0.271683,-0.054337
32943.335875,-0.072449,-0.126785,0.036224
32943.346187,-0.036224,0.000000,0.108673
32943.356081,0.000000,0.036224,0.181122
32943.366451,-0.036224,0.072449,0.271683
32943.376418,-0.054337,0.072449,0.289795
32943.386421,-0.144897,0.108673,0.615814
32943.396563,-0.307907,0.199234,0.724487
32943.406743,-0.289795,0.163010,0.489029
32943.416726,-0.199234,0.072449,0.108673
32943.426910,-0.090561,-0.036224,-0.163010
32943.437015,-0.018112,-0.054337,-0.126785
32943.447136,0.018112,-0.108673,-0.144897
32943.457275,0.036224,-0.108673,-0.163010
32943.467373,0.054337,-0.126785,-0.326019
32943.477579,0.163010,-0.235458,-0.815048
32943.487546,1.068619,-0.905609,-2.300247
32943.497744,0.271683,-0.398468,-0.543365
32943.507964,0.597702,-0.434692,0.833160
32943.518199,0.000000,-0.253571,0.670151
32943.528080,-0.235458,-0.307907,1.213516
32943.538213,-0.561478,-1.122955,0.869385
32943.548298,-1.322189,-2.318359,0.507141
32943.558495,-0.905609,-2.318359,-0.253571
32943.568898,0.959946,-2.318359,-0.054337
32943.578891,1.159180,-2.028564,0.416580
32943.588987,0.163010,-1.793106,0.760712
32943.598827,0.036224,-1.666321,0.652039
32943.609312,-0.181122,-2.119125,0.561478
32943.618793,-0.271683,-2.318359,0.434692
32943.629562,-0.054337,-2.318359,0.452805
32943.639343,0.199234,-2.264023,0.579590
32943.649387,0.199234,-2.300247,0.688263
32943.660045,0.307907,-2.318359,0.561478
32943.669205,0.326019,-2.318359,0.416580
32943.679920,0.489029,-2.318359,0.271683
32943.689789,0.434692,-2.155350,0.036224
32943.699927,0.144897,-1.811218,0.036224
32943.710141,-1.394638,-1.557648,-2.300247
32943.720095,-0.633926,-1.666321,-2.300247
32943.730209,-0.489029,-1.539536,-0.652039
32943.740291,-0.144897,-1.448975,-0.452805
32943.750403,-0.072449,-1.050507,-0.235458
32943.760580,-0.018112,-0.579590,-0.344131
32943.770609,-0.072449,-0.181122,-0.326019
32943.780859,-0.090561,0.018112,-0.815048
32943.789633,0.054337,0.144897,-1.521423
32943.799728,0.217346,0.108673,-1.213516
32943.810137,0.163010,0.072449,-0.235458
32943.821028,0.108673,0.054337,0.525253
32943.831149,0.054337,0.036224,0.525253
32943.841142,0.072449,-0.018112,0.253571
32943.850943,0.072449,-0.090561,0.036224
32943.861703,0.090561,-0.108673,-0.199234
32943.871634,0.344131,-0.217346,-1.412750
32943.881727,0.163010,-0.289795,-0.959946
32943.891973,0.036224,-0.199234,-0.163010
32943.901873,0.036224,-0.144897,0.000000
32943.911964,-0.018112,-0.144897,0.108673
32943.922312,-0.036224,-0.163010,0.199234
32943.932166,0.018112,-0.253571,0.126785
32943.942258,0.905609,-2.318359,-0.489029
32943.952354,0.978058,-2.318359,-0.217346
32943.962461,-0.126785,-2.318359,0.018112
32943.972562,-0.633926,-2.318359,0.090561
32943.982823,-0.561478,-2.318359,-0.217346
32943.992804,-0.217346,-2.318359,-0.597702
32944.002887,-0.036224,-2.318359,-0.597702
32944.013147,-0.217346,-2.318359,-0.597702
32944.022677,-0.307907,-2.318359,-0.887497
32944.033252,-0.126785,-2.318359,-1.231628
32944.043253,0.108673,-2.318359,-0.851273
32944.052246,0.108673,-2.191574,-0.778824
32944.063412,-0.362244,-1.847443,-0.688263
32944.073522,-0.470917,-1.412750,-0.271683
32944.083675,-0.326019,-1.231628,0.199234
32944.093866,0.126785,-1.086731,0.633926
32944.103814,0.362244,-0.815048,0.525253
32944.113983,0.199234,-0.434692,0.307907
32944.123996,0.054337,-0.181122,0.271683
32944.134188,-0.018112,-0.018112,0.108673
32944.144120,-0.054337,0.090561,0.054337
32944.154321,-0.090561,0.126785,0.108673
32944.164418,-0.181122,0.108673,0.289795
32944.174616,-0.307907,0.163010,0.561478
32944.184699,-0.307907,0.181122,0.561478
32944.194705,-0.253571,0.144897,0.416580
32944.204809,-0.144897,0.072449,0.217346
32944.215090,-0.126785,0.018112,0.072449
32944.225164,-0.054337,-0.090561,-0.108673
32944.235158,0.036224,-0.090561,-0.144897
32944.245495,0.000000,-0.108673,-0.144897
32944.255369,0.018112,-0.144897,-0.271683
32944.265544,0.108673,-0.199234,-0.434692
32944.275865,0.326019,-0.434692,-2.300247
32944.284541,0.778824,-0.778824,-2.300247
32944.294609,0.181122,-0.416580,-0.289795
32944.304736,-0.090561,-0.561478,0.163010
32944.316008,-0.959946,-1.430862,0.163010
32944.325284,-0.525253,-2.318359,0.561478
32944.336176,0.941833,-2.318359,0.597702
32944.346786,0.851273,-2.318359,0.760712
32944.356435,0.923721,-2.318359,0.380356
32944.366781,0.633926,-2.010452,0.362244
32944.376637,-0.072449,-1.503311,0.416580
32944.386838,-0.615814,-1.249741,0.181122
32944.396862,-0.796936,-1.412750,-0.036224
32944.406965,-0.489029,-1.847443,0.217346
32944.417166,-0.163010,-2.300247,0.670151
32944.427289,0.018112,-2.318359,0.978058
32944.437904,0.018112,-2.300247,0.887497
32944.447462,-0.126785,-2.318359,0.507141
32944.457583,-0.163010,-2.318359,0.217346
32944.468070,0.126785,-2.318359,0.036224
32944.477819,0.235458,-2.191574,-2.300247
32944.488141,-0.199234,-1.666321,-2.046677
32944.498056,0.018112,-1.521423,-2.046677
32944.508213,0.072449,-1.430862,-0.815048
32944.518326,-0.054337,-1.611984,-1.014282
32944.528407,-0.217346,-1.285965,-0.796936
32944.538540,-0.108673,-1.014282,-0.579590
32944.548621,-0.072449,-0.633926,-0.507141
32944.558890,-0.144897,-0.271683,-0.525253
32944.568851,-0.126785,0.072449,-0.742599
32944.579070,-0.054337,0.217346,-0.869385
32944.589182,0.036224,0.199234,-0.507141
32944.599273,0.072449,0.090561,-0.054337
32944.609528,0.054337,0.036224,0.108673
32944.619629,0.036224,0.018112,0.072449
32944.628933,0.054337,0.018112,-0.199234
32944.639709,0.144897,-0.072449,-0.579590
32944.649839,0.362244,-0.217346,-1.104843
32944.659820,0.235458,-0.307907,-0.688263
32944.669929,0.036224,-0.235458,-0.181122
32944.680099,-0.054337,-0.181122,0.018112
32944.690102,-0.126785,-0.144897,0.144897
32944.700211,-0.217346,-0.163010,-0.271683
32944.710303,-0.235458,-0.289795,-0.489029
32944.720387,0.108673,-0.543365,-0.126785
32944.730523,1.267853,-2.318359,-0.217346
32944.740624,0.706375,-2.318359,-0.108673
32944.750718,-0.398468,-2.318359,0.181122
32944.760971,-0.815048,-2.318359,0.072449
32944.770904,-0.615814,-2.318359,-0.199234
32944.781162,-0.271683,-2.318359,-0.416580
32944.789966,-0.271683,-2.318359,-0.416580
32944.800013,-0.144897,-2.137238,-0.760712
32944.810276,-0.144897,-2.318359,-0.978058
32944.821335,-0.289795,-2.318359,-0.815048
32944.831432,-0.217346,-2.119125,-0.706375
32944.841148,-0.253571,-1.883667,-0.706375
32944.851450,-0.362244,-1.774994,-0.362244
32944.861967,0.144897,-1.738770,-0.199234
32944.871737,0.507141,-1.720657,0.253571
32944.881975,0.670151,-1.539536,0.072449
32944.892383,0.452805,-1.068619,0.108673
32944.902119,0.054337,-0.543365,0.181122
32944.912218,-0.054337,-0.235458,0.108673
32944.922319,0.000000,-0.036224,0.090561
32944.932429,-0.036224,0.036224,0.072449
32944.942661,-0.054337,0.072449,0.072449
32944.952614,-0.054337,0.108673,0.072449
32944.962787,-0.072449,0.072449,0.108673
32944.972815,-0.144897,0.090561,0.380356
32944.983083,-0.235458,0.108673,0.543365
32944.992994,-0.217346,0.090561,0.398468
32945.003090,-0.144897,0.036224,0.090561
32945.013390,-0.090561,-0.036224,-0.036224
32945.023284,-0.054337,-0.090561,-0.090561
32945.033391,0.036224,-0.090561,-0.108673
32945.043516,0.018112,-0.108673,-0.144897
32945.053616,0.054337,-0.126785,-0.253571
32945.063694,0.144897,-0.199234,-0.416580
32945.073803,0.742599,-0.543365,-2.300247
32945.083984,0.416580,-0.362244,-0.923721
32945.093990,0.054337,-0.163010,-0.108673
32945.104262,0.018112,-0.326019,-0.072449
32945.114276,-1.014282,-1.593872,-0.235458
32945.124296,-0.688263,-2.318359,0.054337
32945.134627,0.887497,-2.318359,0.398468
32945.144915,0.905609,-2.318359,0.706375
32945.154693,0.670151,-2.318359,0.688263
32945.164793,0.380356,-2.318359,0.561478
32945.174916,0.326019,-1.974228,0.181122
32945.185069,-0.199234,-1.593872,-0.235458
32945.195080,-0.289795,-1.485199,-0.163010
32945.205190,-0.090561,-1.793106,0.235458
32945.215476,0.054337,-2.101013,0.561478
32945.225557,0.126785,-2.318359,0.815048
32945.235864,0.126785,-2.318359,0.796936
32945.245833,0.199234,-2.209686,0.525253
32945.255772,0.108673,-2.209686,0.271683
32945.265944,0.307907,-2.101013,0.054337
32945.276211,0.253571,-1.883667,-2.300247
32945.284923,-0.362244,-1.358414,-2.300247
32945.295013,-0.235458,-1.213516,-2.300247
32945.305088,-0.434692,-1.177292,-0.326019
32945.316477,-0.163010,-1.467087,-0.470917
32945.325292,-0.090561,-1.159180,-0.543365
32945.336477,0.054337,-0.760712,-0.489029
32945.346609,0.126785,-0.380356,-0.380356
32945.356647,0.036224,-0.090561,-0.380356
32945.366827,0.036224,0.144897,-0.760712
32945.376842,0.108673,0.144897,-0.670151
32945.387158,0.144897,0.090561,-0.126785
32945.397106,0.108673,0.072449,0.108673
32945.407203,0.108673,0.036224,-0.217346
32945.417426,0.217346,-0.036224,-0.597702
32945.427449,0.344131,-0.163010,-0.815048
32945.437574,0.289795,-0.217346,-0.452805
32945.447682,0.163010,-0.235458,-0.054337
32945.457877,0.072449,-0.217346,0.108673
32945.467926,-0.054337,-0.181122,0.090561
32945.478030,-0.126785,-0.144897,-0.181122
32945.488266,-0.144897,-0.307907,-0.507141
32945.498274,0.144897,-0.833160,-0.163010
32945.508477,0.760712,-2.227798,0.054337
32945.518590,0.271683,-2.318359,-0.018112
32945.528645,-0.307907,-2.318359,0.018112
32945.538727,-0.380356,-2.318359,-0.054337
32945.548863,-0.344131,-2.318359,-0.416580
32945.558989,-0.344131,-2.318359,-0.760712
32945.569110,-0.362244,-2.318359,-0.543365
32945.579272,-0.271683,-2.318359,-0.398468
32945.589429,-0.452805,-2.318359,-0.597702
32945.599436,-0.507141,-2.318359,-0.905609
32945.609783,-0.235458,-2.282135,-0.978058
32945.619351,-0.090561,-1.974228,-0.815048
32945.629793,0.199234,-1.901779,-0.597702
32945.639985,0.307907,-1.919891,-0.072449
32945.650038,0.941833,-2.046677,0.126785
32945.660121,0.742599,-1.865555,-0.108673
32945.670234,0.326019,-1.322189,0.090561
32945.680404,-0.163010,-0.724487,0.108673
32945.690321,-0.217346,-0.307907,-0.054337
32945.700549,-0.144897,-0.090561,-0.181122
32945.710734,-0.036224,-0.054337,-0.217346
32945.720727,-0.018112,0.000000,-0.054337
32945.730821,-0.036224,0.018112,-0.018112
32945.740956,-0.108673,0.036224,0.090561
32945.751048,-0.307907,0.108673,0.362244
32945.761203,-0.398468,0.126785,0.507141
32945.771248,-0.344131,0.126785,0.416580
32945.781586,-0.217346,0.090561,0.217346
32945.790283,-0.108673,0.018112,-0.054337
32945.800372,-0.036224,-0.036224,-0.144897
32945.811265,-0.018112,-0.072449,-0.163010
32945.821687,0.018112,-0.090561,-0.163010
32945.831779,0.000000,-0.108673,-0.217346
32945.841614,0.054337,-0.108673,-0.362244
32945.851989,0.489029,-0.289795,-1.865555
32945.862312,0.271683,-0.235458,-0.815048
32945.872160,0.036224,-0.163010,-0.235458
32945.882362,-0.036224,-0.144897,-0.163010
32945.892694,-0.018112,-0.199234,-0.253571
32945.902471,-0.018112,-2.318359,-0.507141
32945.912585,-1.593872,-2.318359,0.470917
32945.923276,0.941833,-2.318359,0.633926
32945.935040,1.430862,-2.318359,0.579590
32945.945156,0.326019,-2.318359,0.307907
32945.955279,0.452805,-1.974228,-0.072449
32945.965377,0.163010,-1.376526,-0.307907
32945.975507,-0.144897,-1.195404,-0.108673
32945.985784,-0.108673,-1.340302,0.380356
32945.995710,0.018112,-1.738770,0.633926
32946.005817,0.054337,-2.209686,0.724487
32946.015993,0.126785,-2.300247,0.670151
32946.025904,0.163010,-2.245911,0.470917
32946.037641,0.199234,-2.028564,0.289795
32946.047792,0.344131,-1.992340,0.163010
32946.057953,0.217346,-1.648209,-2.300247
32946.068005,0.362244,-1.358414,-1.811218
32946.078093,0.235458,-1.159180,-0.543365
32946.088300,-0.344131,-1.213516,-0.326019
32946.098348,-0.235458,-1.249741,-0.597702
32946.108767,-0.144897,-1.014282,-0.561478
32946.118836,-0.090561,-0.633926,-0.380356
32946.128655,-0.036224,-0.326019,-0.416580
32946.138956,0.018112,-0.072449,-0.579590
32946.148865,-0.054337,0.090561,-0.923721
32946.158984,-0.018112,0.126785,-0.507141
32946.169179,0.036224,0.054337,-0.108673
32946.179194,0.018112,0.018112,-0.036224
32946.189419,0.036224,0.000000,-0.108673
32946.199442,-0.018112,0.072449,-0.760712
32946.209686,-0.036224,0.072449,-1.285965
32946.219565,0.144897,-0.181122,-0.416580
32946.229826,0.126785,-0.199234,0.199234
32946.239897,0.090561,-0.181122,0.271683
32946.250000,0.036224,-0.163010,0.307907
32946.260221,-0.072449,-0.163010,0.289795
32946.270268,-0.054337,-0.108673,0.181122
32946.280522,0.036224,-0.163010,0.036224
32946.289396,0.615814,-1.521423,-0.489029
32946.299417,1.394638,-2.318359,-1.050507
32946.310030,0.199234,-2.318359,-1.014282
32946.321143,-1.231628,-2.318359,-0.344131
32946.330789,-1.793106,-2.318359,0.126785
32946.341004,-1.467087,-2.318359,0.018112
32946.351457,-0.851273,-2.264023,-0.072449
32946.361286,-0.434692,-1.883667,-0.507141
32946.371276,-0.434692,-2.064789,-1.249741
32946.381374,-0.181122,-2.064789,-1.195404
32946.391969,-0.452805,-2.318359,-0.778824
32946.401491,-0.706375,-2.318359,-0.869385
32946.411830,-0.597702,-2.318359,-0.615814
32946.421696,-0.326019,-2.318359,-0.615814
32946.431791,-0.344131,-1.919891,-0.307907
32946.442016,-0.452805,-1.575760,-0.144897
32946.451987,-0.452805,-1.231628,-0.054337
32946.462109,-0.452805,-0.887497,0.036224
32946.472186,-0.362244,-0.652039,0.181122
32946.482460,-0.144897,-0.452805,0.144897
32946.492436,-0.090561,-0.253571,0.072449
32946.502496,-0.090561,-0.126785,0.144897
32946.512646,-0.072449,-0.036224,0.199234
32946.522680,-0.090561,-0.018112,0.181122
32946.532881,-0.072449,-0.036224,0.181122
32946.542896,-0.072449,-0.036224,0.163010
32946.552996,-0.054337,-0.054337,0.144897
32946.563100,-0.018112,-0.036224,0.163010
32946.573192,-0.018112,-0.036224,0.289795
32946.583386,0.036224,-0.054337,0.489029
32946.593401,0.108673,-0.072449,0.344131
32946.603493,0.090561,-0.126785,0.108673
32946.613750,0.181122,-0.163010,0.036224
32946.623682,0.271683,-0.217346,-0.054337
32946.634250,0.380356,-0.235458,-0.108673
32946.643953,0.452805,-0.289795,-0.144897
32946.653991,0.398468,-0.307907,-0.199234
32946.664105,0.362244,-0.344131,-0.253571
32946.674199,0.489029,-0.706375,-0.199234
32946.684394,0.380356,-1.521423,0.000000
32946.694415,-0.108673,-2.119125,0.253571
32946.704597,-0.253571,-2.318359,0.670151
32946.714631,-0.054337,-2.318359,0.706375
32946.724823,-0.108673,-2.318359,0.018112
32946.734864,-0.452805,-1.738770,-2.300247
32946.744991,-0.398468,-0.996170,-1.050507
32946.755093,-0.217346,-0.978058,0.489029
32946.765296,0.054337,-1.050507,1.014282
32946.775605,-0.072449,-1.756882,1.267853
32946.784265,-0.579590,-2.318359,0.905609
32946.794310,0.163010,-2.318359,0.615814
32946.804406,0.344131,-2.318359,0.362244
32946.814471,0.235458,-1.992340,0.416580
32946.825062,0.326019,-1.811218,0.525253
32946.835824,0.271683,-1.648209,0.452805
32946.845939,0.253571,-1.485199,0.181122
32946.856050,0.090561,-1.358414,-1.141068
32946.866427,-0.090561,-1.050507,-2.300247
32946.876252,0.217346,-1.195404,-0.615814
32946.886456,-0.126785,-0.778824,0.108673
32946.896480,-0.271683,-0.760712,-0.072449
32946.906601,-0.235458,-0.688263,-0.289795
32946.916699,0.054337,-0.380356,-0.543365
32946.926838,0.217346,-0.126785,-0.235458
32946.936952,0.271683,-0.018112,0.054337
32946.947222,0.307907,-0.054337,0.181122
32946.956680,0.380356,-0.054337,0.199234
32946.966529,0.362244,-0.036224,0.018112
32946.976566,0.271683,0.000000,-0.253571
32946.987549,0.144897,0.072449,-0.579590
32946.997486,-0.054337,0.108673,-0.905609
32947.007621,-0.181122,0.072449,-0.815048
32947.017987,-0.217346,-0.072449,-0.452805
32947.027841,-0.126785,-0.163010,-0.181122
32947.037969,-0.072449,-0.163010,-0.018112
32947.048185,-0.036224,-0.144897,0.090561
32947.058206,-0.054337,-0.181122,0.163010
32947.068419,0.018112,-0.199234,0.181122
32947.078407,0.054337,-0.253571,0.108673
32947.088609,-0.326019,-1.104843,-0.326019
32947.098669,-0.489029,-2.318359,-1.032394
32947.108924,0.959946,-2.318359,-0.489029
32947.119519,0.344131,-2.318359,-0.778824
32947.128990,-0.452805,-2.318359,-0.706375
32947.138363,-0.489029,-2.318359,-0.760712
32947.149702,-0.579590,-2.137238,-0.742599
32947.159322,-0.380356,-2.064789,-0.597702
32947.169410,-0.380356,-2.173462,-0.507141
32947.179935,-0.307907,-2.191574,-0.470917
32947.189766,-0.253571,-2.191574,-0.489029
32947.199806,0.018112,-2.282135,-0.525253
32947.209900,0.181122,-2.191574,-0.561478
32947.219994,0.144897,-1.829330,-0.561478
32947.230026,0.036224,-1.503311,-0.362244
32947.240174,-0.199234,-1.285965,-0.235458
32947.250200,-0.235458,-1.086731,-0.217346
32947.260385,-0.181122,-0.923721,-0.090561
32947.270402,-0.090561,-0.778824,0.036224
32947.280559,0.036224,-0.670151,0.163010
32947.289442,0.144897,-0.525253,0.271683
32947.299569,0.108673,-0.380356,0.271683
32947.310207,0.090561,-0.217346,0.199234
32947.320862,0.054337,-0.163010,0.126785
32947.330967,0.072449,-0.108673,0.036224
32947.341177,0.108673,-0.072449,-0.018112
32947.351174,0.108673,-0.072449,-0.018112
32947.360774,0.126785,-0.054337,0.090561
32947.371219,0.054337,-0.054337,0.271683
32947.381472,0.018112,-0.072449,0.434692
32947.391635,0.000000,-0.108673,0.434692
32947.401622,0.126785,-0.199234,0.289795
32947.411955,0.163010,-0.163010,0.181122
32947.421778,0.144897,-0.126785,0.144897
32947.432146,0.108673,-0.108673,0.072449
32947.441909,0.126785,-0.144897,0.036224
32947.452100,0.144897,-0.181122,0.108673
32947.462189,0.126785,-0.307907,0.217346
32947.472309,-0.018112,-0.905609,0.380356
32947.482555,-0.072449,-2.318359,0.815048
32947.492535,0.217346,-2.318359,0.724487
32947.502605,0.036224,-2.318359,0.199234
32947.512887,0.199234,-2.318359,0.144897
32947.522815,0.507141,-2.318359,0.126785
32947.532914,0.597702,-1.956116,-0.253571
32947.542997,-0.036224,-1.485199,-2.300247
32947.553125,0.815048,-1.992340,0.344131
32947.563214,0.633926,-2.318359,0.452805
32947.573298,0.507141,-2.264023,0.036224
32947.582268,0.615814,-2.155350,-0.036224
32947.593591,0.489029,-2.082901,0.253571
32947.603589,0.416580,-2.082901,0.307907
32947.613763,0.289795,-1.974228,0.289795
32947.623846,0.036224,-1.829330,0.199234
32947.633940,-0.307907,-1.611984,-0.579590
32947.643923,-0.561478,-1.340302,-1.485199
32947.654164,-0.362244,-1.304077,-0.742599
32947.664180,-0.326019,-1.249741,-0.416580
32947.674282,-0.054337,-1.086731,-0.380356
32947.684443,-0.126785,-0.778824,-0.470917
32947.694476,-0.108673,-0.525253,-0.507141
32947.704566,-0.108673,-0.326019,-0.706375
32947.714684,-0.018112,-0.181122,-0.706375
32947.724936,0.163010,-0.144897,-0.507141
32947.734866,0.253571,-0.126785,-0.271683
32947.744985,0.199234,-0.126785,-0.217346
32947.755083,0.235458,-0.126785,-0.126785
32947.765248,0.199234,-0.108673,-0.072449
32947.775408,0.271683,-0.072449,-0.163010
32947.784244,0.253571,-0.072449,-0.307907
32947.794344,0.253571,-0.036224,-0.706375
32947.804391,0.181122,0.018112,-0.760712
32947.815796,0.036224,0.000000,-0.434692
32947.825131,-0.018112,-0.126785,-0.235458
32947.835847,-0.018112,-0.144897,-0.126785
32947.845963,0.000000,-0.181122,-0.108673
32947.856089,-0.054337,-0.217346,-0.126785
32947.866385,-0.380356,-0.724487,-0.633926
32947.876490,-0.434692,-2.318359,-0.525253
32947.886571,0.543365,-2.318359,0.742599
32947.896850,0.253571,-2.318359,-0.163010
32947.906801,-0.271683,-2.318359,-0.452805
32947.915576,-0.652039,-2.318359,-0.452805
32947.926041,-0.652039,-2.318359,-0.452805
32947.936885,-0.452805,-2.318359,-0.489029
32947.946999,-0.452805,-2.082901,-0.633926
32947.957678,-0.326019,-2.101013,-0.561478
32947.967215,-0.090561,-2.101013,-0.615814
32947.977335,-0.036224,-2.082901,-0.452805
32947.988141,0.163010,-2.209686,-0.398468
32947.997563,0.489029,-2.318359,-0.398468
32948.007683,0.706375,-2.300247,-0.163010
32948.017954,0.543365,-2.046677,-0.144897
32948.027932,0.217346,-1.521423,-0.163010
32948.038042,-0.163010,-1.068619,-0.199234
32948.048159,-0.307907,-0.778824,-0.181122
32948.058260,-0.326019,-0.434692,-0.144897
32948.068397,-0.326019,-0.181122,-0.144897
32948.078528,-0.144897,-0.090561,-0.036224
32948.088688,-0.072449,-0.036224,0.036224
32948.098722,-0.072449,-0.018112,-0.036224
32948.108867,-0.036224,-0.018112,-0.144897
32948.119228,-0.072449,0.000000,-0.217346
32948.129155,-0.054337,-0.018112,-0.163010
32948.139590,-0.072449,-0.054337,-0.090561
32948.149180,-0.072449,-0.036224,0.126785
32948.159540,-0.036224,-0.090561,0.307907
32948.169514,0.036224,-0.163010,0.163010
32948.179629,0.054337,-0.181122,-0.018112
32948.189902,0.036224,-0.163010,-0.072449
32948.199839,0.126785,-0.470917,-0.163010
32948.210001,0.199234,-0.760712,-0.235458
32948.219944,0.470917,-0.579590,-0.090561
32948.230135,0.633926,-0.470917,0.036224
32948.240361,0.507141,-0.362244,-0.108673
32948.250303,0.090561,-0.398468,-0.163010
32948.260479,-0.108673,-0.742599,-0.163010
32948.270495,0.018112,-1.394638,0.090561
32948.280691,0.000000,-2.046677,0.326019
32948.289550,0.344131,-1.919891,0.054337
32948.299657,0.217346,-1.956116,-0.036224
32948.310124,0.126785,-1.992340,0.108673
32948.320947,0.307907,-2.101013,0.416580
32948.331053,0.271683,-2.209686,0.470917
32948.340912,0.271683,-2.173462,0.289795
32948.351213,0.235458,-2.209686,0.289795
32948.361379,0.181122,-2.318359,0.289795
32948.371355,0.181122,-2.318359,-0.072449
32948.381772,0.307907,-2.282135,-0.199234
32948.391903,0.271683,-2.173462,-0.126785
32948.401724,0.090561,-1.956116,-0.181122
32948.411878,-0.217346,-1.684433,-0.452805
32948.421896,-0.380356,-1.503311,-0.652039
32948.432003,-0.380356,-1.521423,-0.724487
32948.442236,-0.072449,-1.448975,-0.887497
32948.452204,0.018112,-1.231628,-0.778824
32948.462308,0.253571,-1.014282,-0.833160
32948.472393,0.326019,-0.742599,-0.670151
32948.482611,0.289795,-0.434692,-0.307907
32948.492645,0.018112,-0.217346,0.181122
32948.502707,-0.235458,-0.036224,-0.181122
32948.512959,-0.326019,0.072449,-1.231628
32948.522895,-0.036224,0.072449,-1.195404
32948.532987,0.199234,-0.054337,-0.507141
32948.543092,0.126785,-0.181122,-0.054337
32948.553291,0.036224,-0.108673,-0.018112
32948.563298,-0.036224,0.000000,0.072449
32948.573375,0.072449,-0.036224,-0.199234
32948.583570,0.181122,-0.072449,-0.470917
32948.593593,0.199234,-0.090561,-0.380356
32948.603685,0.181122,-0.126785,-0.181122
32948.613865,0.199234,-0.144897,-0.108673
32948.623886,0.072449,-0.181122,-0.253571
32948.634068,0.054337,-0.307907,-0.398468
32948.643465,0.163010,-0.470917,-0.217346
32948.654195,0.362244,-1.448975,-0.235458
32948.664321,0.398468,-2.318359,0.307907
32948.674537,-0.652039,-2.318359,0.126785
32948.685050,-0.760712,-2.318359,-0.344131
32948.694625,-0.670151,-2.318359,-0.724487
32948.704809,-0.489029,-2.318359,-0.434692
32948.715429,-0.470917,-2.318359,-0.452805
32948.724951,-0.362244,-2.101013,-0.579590
32948.735060,-0.380356,-2.282135,-0.633926
32948.745650,-0.380356,-2.318359,-0.670151
32948.755324,-0.525253,-2.318359,-0.652039
32948.765567,-0.398468,-2.227798,-0.597702
32948.776071,-0.108673,-2.227798,-0.434692
32948.784486,-0.090561,-2.046677,-0.434692
32948.794551,0.489029,-2.046677,0.036224
32948.804643,0.489029,-1.829330,-0.108673
32948.816019,0.452805,-1.557648,-0.235458
32948.825276,0.434692,-1.213516,-0.072449
32948.836080,0.199234,-0.851273,0.163010
32948.846197,0.036224,-0.489029,0.253571
32948.856314,-0.054337,-0.181122,0.163010
32948.865965,-0.054337,-0.018112,0.072449
32948.876511,0.018112,0.054337,0.000000
32948.886728,0.000000,0.018112,0.018112
32948.896737,0.000000,0.000000,0.018112
32948.906852,-0.072449,0.000000,0.144897
32948.916974,-0.163010,0.018112,0.307907
32948.927090,-0.181122,0.072449,0.434692
32948.937205,-0.163010,0.054337,0.289795
32948.947328,-0.108673,0.036224,0.126785
32948.957447,-0.054337,0.000000,-0.072449
32948.967566,-0.018112,-0.036224,-0.181122
32948.977666,-0.036224,-0.090561,-0.181122
32948.987910,0.018112,-0.108673,-0.144897
32948.997904,0.036224,-0.108673,-0.144897
32949.008052,0.054337,-0.108673,-0.181122
32949.018263,0.090561,-0.144897,-0.235458
32949.028245,0.090561,-0.181122,-0.271683
32949.038360,0.144897,-0.796936,-0.489029
32949.048594,-0.579590,-2.318359,-2.300247
32949.058662,-0.054337,-1.901779,0.144897
32949.068719,0.289795,-2.318359,1.521423
32949.078835,0.253571,-2.264023,1.666321
32949.089023,0.362244,-2.318359,1.467087
32949.099069,-0.199234,-2.318359,1.032394
32949.109210,-0.181122,-2.318359,0.434692
32949.119561,0.072449,-2.028564,-0.090561
32949.129419,0.000000,-1.811218,-0.235458
32949.139586,-0.217346,-1.684433,0.253571
32949.149666,-0.199234,-1.919891,0.851273
32949.159707,-0.036224,-2.318359,1.213516
32949.169839,0.199234,-2.318359,0.941833
32949.178809,0.289795,-2.264023,0.579590
32949.190056,0.253571,-2.101013,0.289795
32949.200099,-0.326019,-1.793106,-2.300247
32949.210168,0.036224,-1.684433,-1.738770
32949.220501,-0.126785,-1.467087,-0.072449
32949.230387,-0.054337,-1.793106,-0.307907
32949.240655,0.036224,-1.448975,-0.760712
32949.250570,0.108673,-0.905609,-1.104843
32949.260817,0.271683,-0.652039,-0.652039
32949.270755,0.199234,-0.380356,-0.144897
32949.280943,0.054337,-0.126785,0.072449
32949.289808,-0.018112,0.018112,-0.163010
32949.299937,-0.018112,0.090561,-0.760712
32949.310132,0.036224,0.054337,-0.525253
32949.321225,0.018112,-0.036224,-0.253571
32949.331342,0.000000,-0.036224,-0.217346
32949.341229,-0.018112,0.018112,-0.181122
32949.351534,0.090561,0.018112,-0.796936
32949.361696,0.217346,-0.018112,-1.068619
32949.371698,0.181122,-0.072449,-0.253571
32949.381831,0.108673,-0.108673,-0.036224
32949.392202,0.090561,-0.126785,0.018112
32949.402023,0.054337,-0.181122,0.036224
32949.412289,0.072449,-0.126785,-0.036224
32949.422233,0.163010,-0.289795,-0.344131
32949.432344,0.633926,-2.209686,-0.688263
32949.442558,0.217346,-2.318359,0.199234
32949.453291,-0.561478,-2.318359,0.271683
32949.465032,-0.670151,-2.318359,-0.271683
32949.475228,-0.706375,-2.318359,-0.760712
32949.484133,-0.706375,-2.318359,-0.543365
32949.495865,-0.633926,-2.318359,-0.579590
32949.505999,-0.380356,-2.318359,-0.978058
32949.514925,-0.507141,-2.318359,-1.104843
32949.526695,-0.344131,-2.282135,-0.507141
32949.536797,-0.253571,-2.082901,-0.579590
32949.545459,-0.163010,-2.028564,-0.633926
32949.557214,0.760712,-2.318359,0.235458
32949.567339,0.760712,-2.318359,-0.199234
32949.577449,0.543365,-1.901779,-0.108673
32949.587656,0.307907,-1.231628,0.036224
32949.597670,-0.144897,-0.760712,0.235458
32949.607884,-0.217346,-0.507141,0.289795
32949.617981,-0.144897,-0.199234,0.181122
32949.628024,-0.036224,-0.018112,0.000000
32949.638304,-0.072449,0.090561,-0.036224
32949.648007,-0.090561,0.144897,0.090561
32949.658512,-0.072449,0.126785,0.253571
32949.668524,-0.126785,0.181122,0.452805
32949.678611,-0.289795,0.235458,0.652039
32949.688973,-0.344131,0.253571,0.670151
32949.698824,-0.289795,0.217346,0.434692
32949.709243,-0.199234,0.144897,0.126785
32949.719039,-0.108673,0.054337,-0.126785
32949.729161,-0.054337,-0.018112,-0.163010
32949.739285,-0.036224,-0.126785,-0.108673
32949.749409,0.036224,-0.090561,-0.108673
32949.759615,0.036224,-0.126785,-0.217346
32949.769620,0.760712,-0.525253,-2.300247
32949.780046,0.597702,-0.362244,-1.249741
32949.788716,0.108673,-0.108673,-0.163010
32949.798794,0.108673,-0.126785,-0.054337
32949.808868,0.163010,-0.362244,0.054337
32949.820172,-1.267853,-1.394638,-0.235458
32949.830198,-0.905609,-2.318359,0.199234
32949.840295,0.416580,-2.318359,-0.036224
32949.850757,0.688263,-2.318359,-0.126785
32949.860659,0.706375,-2.082901,0.434692
32949.869996,0.706375,-2.082901,0.434692
32949.881112,0.525253,-2.119125,1.231628
32949.890947,-0.108673,-2.119125,0.507141
32949.900881,-0.362244,-1.938004,-0.144897
32949.910977,-0.253571,-1.811218,-0.144897
32949.921077,-0.126785,-1.829330,-0.144897
32949.931187,0.054337,-2.028564,0.217346
32949.941695,0.181122,-2.137238,0.633926
32949.951382,0.235458,-2.318359,0.887497
32949.961471,0.289795,-2.318359,0.778824
32949.971578,0.271683,-2.318359,0.452805
32949.981680,0.271683,-2.137238,0.144897
32949.991987,-0.579590,-1.467087,-2.300247
32950.001877,0.126785,-1.575760,-0.941833
32950.012032,-0.633926,-1.159180,-0.090561
32950.021869,-0.398468,-1.249741,-0.525253
32950.032151,-0.326019,-1.159180,-0.815048
32950.042272,-0.108673,-0.778824,-0.742599
32950.052359,0.054337,-0.380356,-0.561478
32950.062469,0.036224,-0.090561,-0.452805
32950.072570,0.018112,0.072449,-0.724487
32950.082650,0.072449,0.108673,-0.742599
32950.092943,0.054337,0.036224,-0.289795
32950.102862,0.036224,0.036224,-0.144897
32950.113013,0.108673,0.036224,-0.199234
32950.123069,0.144897,0.036224,-0.326019
32950.133167,0.235458,0.018112,-0.742599
32950.143411,0.307907,-0.072449,-0.633926
32950.153347,0.289795,-0.126785,-0.253571
32950.163460,0.217346,-0.163010,-0.072449
32950.173540,0.126785,-0.181122,-0.036224
32950.183746,0.090561,-0.144897,-0.036224
32950.193872,0.018112,-0.163010,-0.126785
32950.203876,-0.036224,-0.199234,-0.344131
32950.214034,0.072449,-0.271683,-0.289795
32950.224066,0.380356,-1.304077,-1.340302
32950.234168,0.724487,-2.318359,0.416580
32950.244355,-0.579590,-2.318359,0.416580
32950.254409,-1.014282,-2.318359,-0.199234
32950.264670,-0.978058,-2.318359,-0.796936
32950.274969,-0.815048,-2.318359,-0.633926
32950.283568,-0.561478,-2.318359,-0.543365
32950.293679,-0.543365,-2.101013,-0.833160
32950.303739,-0.579590,-2.318359,-1.104843
32950.313837,-0.507141,-2.318359,-0.959946
32950.324945,-0.380356,-2.155350,-0.815048
32950.335167,-0.434692,-2.010452,-0.742599
32950.344092,-0.271683,-2.028564,-0.489029
32950.355352,0.253571,-1.883667,-0.217346
32950.365631,0.597702,-1.720657,0.126785
32950.375618,0.398468,-1.412750,0.217346
32950.385748,0.018112,-0.833160,0.126785
32950.395848,0.108673,-0.543365,0.253571
32950.406066,0.090561,-0.289795,0.307907
32950.416160,0.072449,-0.108673,0.253571
32950.426326,0.036224,0.000000,0.126785
32950.436208,-0.018112,0.072449,-0.072449
32950.446317,-0.036224,0.000000,-0.126785
32950.456418,-0.018112,0.054337,-0.072449
32950.466554,-0.090561,0.072449,0.072449
32950.476664,-0.181122,0.090561,0.307907
32950.486857,-0.253571,0.090561,0.434692
32950.496864,-0.199234,0.054337,0.362244
32950.506985,-0.126785,0.018112,0.108673
32950.517265,-0.036224,-0.108673,-0.217346
32950.527234,0.018112,-0.126785,-0.217346
32950.537377,0.036224,-0.144897,-0.235458
32950.547440,0.036224,-0.126785,-0.217346
32950.557685,0.090561,-0.163010,-0.344131
32950.567701,0.597702,-0.670151,-2.300247
32950.577841,0.108673,-0.470917,-0.289795
32950.587923,-0.163010,-0.507141,-0.289795
32950.598035,-0.579590,-0.887497,-0.289795
32950.608290,-0.652039,-1.901779,0.108673
32950.618435,0.434692,-2.318359,0.561478
32950.628381,0.507141,-2.318359,0.652039
32950.638659,0.036224,-1.883667,0.380356
32950.648722,0.126785,-1.901779,0.470917
32950.658769,0.036224,-2.028564,0.670151
32950.668819,0.072449,-1.883667,0.579590
32950.678919,0.072449,-1.702545,0.108673
32950.689228,-0.326019,-1.539536,0.036224
32950.699243,-0.289795,-1.539536,0.434692
32950.709488,-0.344131,-1.956116,0.760712
32950.719371,-0.362244,-1.956116,0.869385
32950.729486,-0.144897,-2.318359,0.869385
32950.740008,0.163010,-2.318359,0.688263
32950.749721,0.307907,-2.318359,0.434692
32950.759870,0.380356,-2.264023,0.217346
32950.770179,0.380356,-2.101013,-0.054337
32950.780090,-0.199234,-1.394638,-2.300247
32950.788975,0.489029,-1.358414,-0.959946
32950.799060,-0.181122,-1.050507,0.000000
32950.809176,-0.235458,-1.322189,-0.525253
32950.820535,-0.090561,-1.141068,-1.141068
32950.830447,0.108673,-0.815048,-0.706375
32950.840542,0.126785,-0.489029,-0.181122
32950.850645,0.018112,-0.199234,-0.144897
32950.860821,-0.018112,0.036224,-0.470917
32950.871325,0.090561,0.126785,-1.068619
32950.880954,0.108673,0.072449,-0.633926
32950.891260,0.072449,0.036224,-0.380356
32950.901216,0.108673,0.018112,-0.235458
32950.911401,0.126785,-0.054337,-0.271683
32950.921392,0.181122,-0.108673,-0.289795
32950.931491,0.181122,-0.126785,-0.253571
32950.941606,0.217346,-0.144897,-0.199234
32950.951691,0.326019,-0.235458,-0.217346
32950.961797,0.434692,-0.434692,-0.452805
32950.971905,0.344131,-0.561478,-0.507141
32950.981989,0.181122,-0.706375,-0.416580
32950.992354,0.163010,-1.611984,0.398468
32951.002203,-0.126785,-2.318359,0.344131
32951.012469,-0.561478,-2.318359,-0.380356
32951.022337,-0.688263,-2.318359,-0.670151
32951.032513,-0.724487,-2.318359,-0.670151
32951.042683,-0.652039,-2.318359,-0.507141
32951.052807,-0.561478,-2.318359,-0.507141
32951.062774,-0.525253,-2.318359,-0.815048
32951.072885,-0.362244,-2.318359,-0.815048
32951.081884,-0.452805,-2.318359,-0.525253
32951.093222,-0.144897,-2.173462,-0.470917
32951.103177,0.126785,-2.155350,-0.253571
32951.112115,0.416580,-2.282135,0.036224
32951.123332,0.507141,-2.173462,-0.090561
32951.133431,0.652039,-2.046677,-0.163010
32951.143505,0.307907,-1.648209,-0.217346
32951.153575,-0.072449,-1.177292,0.018112
32951.163751,-0.163010,-0.923721,0.271683
32951.173839,-0.344131,-0.561478,0.144897
32951.183971,-0.235458,-0.307907,0.163010
32951.194163,-0.144897,-0.108673,0.217346
32951.204178,-0.072449,0.018112,0.181122
32951.214421,-0.054337,0.090561,0.126785
32951.224369,-0.036224,0.163010,0.235458
32951.234460,-0.090561,0.181122,0.271683
32951.244848,-0.126785,0.217346,0.253571
32951.254690,-0.163010,0.181122,0.271683
32951.264953,-0.163010,0.181122,0.235458
32951.275222,-0.108673,0.126785,0.090561
32951.283799,-0.072449,0.036224,-0.090561
32951.293914,-0.054337,-0.018112,-0.090561
32951.303998,-0.036224,-0.054337,-0.054337
32951.315356,0.018112,-0.054337,-0.072449
32951.324806,0.018112,-0.090561,-0.126785
32951.335501,0.289795,-0.199234,-0.996170
32951.345546,0.289795,-0.217346,-0.652039
32951.355628,0.072449,-0.181122,-0.326019
32951.365818,-0.398468,-1.231628,-2.300247
32951.375225,-0.181122,-1.503311,-2.300247
32951.386460,0.615814,-1.865555,2.173462
32951.396149,-0.561478,-2.318359,2.318359
32951.406342,1.177292,-2.318359,2.318359
32951.416878,1.611984,-2.318359,1.829330
32951.426490,0.869385,-2.318359,0.724487
32951.436587,0.380356,-1.774994,-0.054337
32951.446720,-0.090561,-1.231628,-0.416580
32951.456818,-0.307907,-1.213516,-0.271683
32951.467027,-0.398468,-1.575760,0.126785
32951.477045,-0.217346,-2.300247,0.615814
32951.487335,-0.217346,-2.318359,0.760712
32951.497716,-0.199234,-2.318359,0.633926
32951.507386,-0.181122,-2.318359,0.380356
32951.517668,-0.326019,-2.318359,-1.086731
32951.528084,-0.416580,-2.173462,-2.300247
32951.537722,-0.362244,-1.847443,-1.050507
32951.547840,0.036224,-1.684433,-1.050507
32951.558162,-0.307907,-1.521423,-0.833160
32951.568085,-0.235458,-1.503311,-1.231628
32951.578199,-0.072449,-1.249741,-0.706375
32951.588382,-0.072449,-0.869385,-0.615814
32951.598400,-0.108673,-0.452805,-0.688263
32951.608569,-0.108673,-0.199234,-0.470917
32951.618717,-0.036224,0.000000,-0.235458
32951.628748,0.036224,0.072449,-0.271683
32951.638957,0.036224,0.054337,-0.253571
32951.648968,0.018112,0.018112,-0.163010
32951.659317,0.036224,0.018112,-0.163010
32951.669186,0.054337,0.000000,-0.380356
32951.679294,0.199234,0.018112,-1.285965
32951.689496,0.217346,-0.036224,-1.014282
32951.699517,0.181122,-0.126785,-0.235458
32951.709770,0.181122,-0.199234,-0.018112
32951.719788,0.072449,-0.199234,0.090561
32951.729921,-0.036224,-0.181122,0.163010
32951.740005,-0.036224,-0.144897,0.108673
32951.750125,0.018112,-0.163010,-0.018112
32951.760289,0.126785,-0.271683,-0.199234
32951.770322,0.670151,-1.702545,-1.086731
32951.780649,0.778824,-2.318359,0.271683
32951.789407,-0.724487,-2.318359,0.452805
32951.799472,-0.652039,-2.318359,-0.163010
32951.810114,-0.235458,-2.318359,-0.778824
32951.820990,-0.235458,-2.318359,-0.543365
32951.830871,-0.507141,-2.318359,-0.470917
32951.841333,-0.235458,-2.282135,-0.706375
32951.851088,-0.307907,-2.300247,-0.815048
32951.861336,-0.253571,-2.318359,-0.561478
32951.871199,-0.054337,-2.227798,-0.833160
32951.881369,0.344131,-2.137238,-0.815048
32951.891555,0.597702,-2.155350,-0.543365
32951.901547,0.760712,-2.082901,-0.163010
32951.911853,0.579590,-1.793106,0.235458
32951.921751,0.217346,-1.358414,0.326019
32951.931850,-0.036224,-0.887497,0.163010
32951.941975,-0.217346,-0.489029,0.163010
32951.952069,-0.199234,-0.217346,0.181122
32951.962152,-0.108673,-0.090561,0.253571
32951.972267,-0.126785,0.054337,0.253571
32951.982346,-0.144897,0.090561,0.181122
32951.992704,-0.163010,0.090561,0.108673
32952.002560,-0.271683,0.090561,0.199234
32952.012894,-0.307907,0.144897,0.380356
32952.022754,-0.289795,0.108673,0.289795
32952.032859,-0.217346,0.072449,0.126785
32952.042962,-0.144897,0.018112,-0.018112
32952.053057,-0.108673,-0.036224,-0.054337
32952.063151,-0.036224,-0.126785,-0.199234
32952.073506,0.018112,-0.126785,-0.181122
32952.083359,0.054337,-0.126785,-0.181122
32952.093519,0.054337,-0.126785,-0.253571
32952.103547,0.217346,-0.289795,-1.340302
32952.113827,0.326019,-0.326019,-0.742599
32952.123743,0.108673,-0.217346,-0.108673
32952.133951,-0.018112,-0.217346,-0.126785
32952.143934,-0.380356,-0.380356,0.018112
32952.153750,-0.688263,-1.666321,-0.072449
32952.164178,-0.072449,-2.318359,0.072449
32952.174301,0.036224,-2.318359,-0.126785
32952.185108,0.543365,-2.318359,0.326019
32952.196827,0.670151,-2.264023,0.380356
32952.206960,0.307907,-2.010452,0.507141
32952.217229,0.000000,-1.974228,0.326019
32952.227140,-0.090561,-1.883667,0.163010
32952.237367,0.199234,-2.082901,0.307907
32952.247300,0.344131,-2.318359,0.507141
32952.256690,0.543365,-2.318359,0.670151
32952.268612,0.615814,-2.318359,0.706375
32952.278735,0.307907,-2.318359,0.742599
