25352.141456,0.072449,-0.742599,-0.090561
25352.151541,-0.018112,-0.887497,0.054337
25352.161612,-0.144897,-0.923721,0.181122
25352.171681,-0.108673,-0.869385,0.108673
25352.181756,-0.126785,-0.815048,0.090561
25352.192988,-0.181122,-0.688263,0.054337
25352.201986,-0.126785,-0.706375,0.181122
25352.212437,-0.126785,-0.724487,0.235458
25352.222460,-0.072449,-0.905609,0.253571
25352.232201,-0.054337,-1.032394,0.271683
25352.242222,-0.072449,-1.141068,0.163010
25352.253086,-0.163010,-1.249741,-0.090561
25352.262427,-0.163010,-1.376526,-0.941833
25352.272582,-0.235458,-1.376526,-1.666321
25352.282609,-0.307907,-1.267853,-1.340302
25352.292676,-0.362244,-1.322189,-0.452805
25352.303677,-0.525253,-1.358414,0.271683
25352.312880,-0.815048,-1.285965,0.561478
25352.322924,-0.959946,-1.249741,0.615814
25352.333027,-1.032394,-1.032394,0.470917
25352.343098,-0.706375,-1.195404,0.072449
25352.353714,-0.235458,-1.720657,-0.452805
25352.363349,-0.307907,-1.919891,-0.815048
25352.374636,-0.724487,-1.774994,-0.398468
25352.383537,-0.724487,-1.774994,-0.398468
25352.394796,-0.815048,-1.267853,0.018112
25352.403933,-0.163010,-1.141068,0.018112
25352.414851,0.344131,-1.249741,-0.470917
25352.425171,0.543365,-1.485199,-0.796936
25352.434617,0.815048,-1.720657,-0.452805
25352.445277,0.688263,-1.774994,0.090561
25352.454797,0.452805,-1.901779,0.489029
25352.464972,0.489029,-2.209686,0.670151
25352.475487,0.760712,-2.318359,0.633926
25352.485066,0.996170,-2.318359,0.489029
25352.495673,0.923721,-2.318359,-0.036224
25352.504666,0.815048,-2.137238,-0.326019
25352.515451,0.941833,-1.774994,-0.326019
25352.525454,0.851273,-1.521423,-0.217346
25352.534922,0.543365,-1.340302,-0.126785
25352.545013,0.235458,-1.159180,-0.072449
25352.555159,0.018112,-1.122955,-0.271683
25352.565302,-0.144897,-0.996170,0.163010
25352.576442,-0.326019,-0.869385,0.742599
25352.585314,-0.380356,-0.688263,0.489029
25352.595404,-0.452805,-0.561478,-0.018112
25352.605502,-0.289795,-0.525253,-0.108673
25352.615570,-0.036224,-0.543365,-0.090561
25352.625644,0.018112,-0.489029,0.126785
25352.636475,-0.054337,-0.434692,0.144897
25352.647094,0.018112,-0.398468,0.163010
25352.657055,0.036224,-0.416580,0.380356
25352.666335,0.108673,-0.344131,0.398468
25352.677235,0.181122,-0.271683,0.344131
25352.687522,0.199234,-0.271683,0.434692
25352.697484,0.199234,-0.217346,0.452805
25352.707720,0.271683,-0.217346,0.470917
25352.717661,0.235458,-0.126785,0.470917
25352.727774,0.344131,-0.199234,0.507141
25352.737878,0.217346,-0.126785,0.307907
25352.748214,0.181122,-0.072449,0.235458
25352.758121,0.090561,-0.018112,0.271683
25352.768306,-0.018112,-0.054337,-0.054337
25352.778349,-0.072449,-0.289795,-0.851273
25352.788448,-0.362244,-0.652039,-1.720657
25352.798665,-0.344131,-1.304077,-2.264023
25352.808695,-0.235458,-1.756882,-2.300247
25352.818813,-0.579590,-2.010452,-2.300247
25352.829184,-0.326019,-2.064789,-1.919891
25352.839038,0.108673,-1.865555,-1.014282
25352.849314,0.307907,-1.593872,-0.742599
25352.859273,0.434692,-1.249741,-0.742599
25352.869379,0.416580,-0.833160,-0.670151
25352.879568,0.561478,-0.670151,-1.014282
25352.889680,1.539536,-1.575760,-1.285965
25352.899775,1.829330,-2.264023,-1.865555
25352.909914,-0.543365,-1.938004,-1.068619
25352.920024,-1.141068,-1.104843,1.738770
25352.930127,-0.181122,0.018112,1.575760
25352.940256,0.887497,-0.181122,0.905609
25352.950459,1.032394,-0.271683,0.615814
25352.960646,0.833160,-0.724487,0.633926
25352.970561,0.543365,-1.394638,1.122955
25352.980693,0.253571,-1.865555,1.177292
25352.990804,0.271683,-2.318359,1.014282
25353.000931,0.163010,-2.282135,0.724487
25353.011114,0.072449,-1.919891,0.452805
25353.021229,-0.054337,-1.611984,0.235458
25353.031083,-0.054337,-1.503311,0.144897
25353.041453,-0.144897,-1.503311,-0.054337
25353.051639,-0.271683,-1.430862,-0.054337
25353.061639,-0.362244,-1.376526,-0.072449
25353.071802,-0.470917,-1.231628,-0.072449
25353.081155,-0.380356,-1.195404,-0.163010
25353.090780,-0.235458,-1.068619,-0.181122
25353.101020,-0.144897,-0.978058,-0.326019
25353.110954,-0.090561,-0.833160,-0.489029
25353.121092,-0.126785,-0.815048,-0.344131
25353.131679,-0.217346,-0.706375,-0.380356
25353.142399,-0.072449,-0.724487,-0.326019
25353.152413,0.108673,-0.778824,-0.163010
25353.162533,0.108673,-0.724487,-0.054337
25353.172787,-0.054337,-0.633926,-0.072449
25353.182853,-0.054337,-0.670151,0.126785
25353.192826,-0.144897,-0.706375,0.108673
25353.203004,-0.217346,-0.815048,0.090561
25353.213086,-0.253571,-0.851273,0.181122
25353.223352,-0.235458,-0.887497,0.199234
25353.233214,-0.090561,-0.959946,0.181122
25353.243462,-0.018112,-0.941833,0.144897
25353.253418,-0.018112,-1.014282,0.126785
25353.263547,-0.018112,-1.122955,0.036224
25353.273600,-0.090561,-1.068619,-0.126785
25353.283669,-0.018112,-1.050507,-0.217346
25353.293801,0.000000,-1.086731,-0.470917
25353.303952,0.126785,-1.159180,-0.833160
25353.313989,-0.036224,-1.195404,-0.597702
25353.324110,-0.253571,-1.231628,-0.344131
25353.334219,-0.289795,-1.213516,-0.181122
25353.344549,-0.380356,-1.231628,-0.163010
25353.354393,-0.380356,-1.231628,-0.126785
25353.364511,-0.579590,-1.231628,-0.126785
25353.374602,-0.778824,-1.213516,-0.090561
25353.384774,-0.778824,-1.231628,0.054337
25353.394775,-0.652039,-1.231628,0.126785
25353.404912,-0.724487,-1.159180,0.054337
25353.415168,-0.706375,-1.267853,-0.181122
25353.425340,-0.815048,-1.430862,-0.326019
25353.435182,-0.923721,-1.702545,-0.235458
25353.445454,-0.416580,-1.684433,0.054337
25353.455379,0.271683,-1.485199,-0.235458
25353.465596,0.470917,-1.557648,-0.561478
25353.475567,0.525253,-1.575760,-0.706375
25353.485768,0.688263,-1.702545,-0.652039
25353.495768,0.597702,-1.702545,0.036224
25353.505957,0.289795,-1.811218,0.398468
25353.516349,0.380356,-2.245911,0.706375
25353.525999,0.507141,-2.318359,0.815048
25353.534022,0.561478,-2.318359,0.815048
25353.546311,0.489029,-2.318359,0.778824
25353.556346,0.543365,-2.264023,0.489029
25353.566465,0.561478,-1.847443,-0.271683
25353.576634,0.561478,-1.575760,-0.706375
25353.585547,0.362244,-1.394638,-0.959946
25353.595607,0.416580,-1.304077,-0.507141
25353.606852,0.163010,-1.104843,-0.181122
25353.615812,0.036224,-1.050507,-0.452805
25353.627083,-0.090561,-0.941833,-0.018112
25353.637405,-0.181122,-0.760712,0.869385
25353.647648,-0.489029,-0.543365,0.905609
25353.657338,-0.525253,-0.398468,0.344131
25353.667530,-0.525253,-0.380356,0.090561
25353.677656,-0.380356,-0.380356,0.054337
25353.687676,-0.235458,-0.416580,0.054337
25353.697891,-0.054337,-0.416580,0.144897
25353.708062,-0.090561,-0.362244,0.163010
25353.718193,0.072449,-0.344131,0.181122
25353.728110,0.289795,-0.289795,0.253571
25353.738230,0.271683,-0.271683,0.362244
25353.748561,0.326019,-0.271683,0.525253
25353.758472,0.344131,-0.163010,0.489029
25353.768735,0.362244,-0.144897,0.452805
25353.778692,0.380356,-0.126785,0.380356
25353.788807,0.326019,-0.126785,0.362244
25353.799059,0.253571,-0.144897,0.307907
25353.809037,0.235458,-0.181122,0.289795
25353.819155,0.126785,-0.235458,0.018112
25353.829424,-0.054337,-0.470917,-0.688263
25353.839274,-0.289795,-0.905609,-1.702545
25353.849666,-0.380356,-1.340302,-1.811218
25353.859583,-0.018112,-1.684433,-2.300247
25353.869711,-0.597702,-2.010452,-2.300247
25353.878670,-0.996170,-2.119125,-2.300247
25353.890676,-0.326019,-2.028564,-1.050507
25353.900555,0.126785,-1.648209,-0.670151
25353.910691,0.253571,-1.159180,-0.452805
25353.920777,0.181122,-0.543365,-0.597702
25353.930897,0.525253,0.036224,-1.068619
25353.941017,0.670151,-0.163010,-1.104843
25353.951179,1.285965,-1.430862,-1.195404
25353.961132,0.633926,-2.300247,-0.688263
25353.971595,-1.068619,-2.318359,-0.289795
25353.981598,-1.412750,-1.539536,0.416580
25353.991593,0.344131,-0.778824,0.923721
25354.001678,0.959946,-0.452805,0.561478
25354.011959,0.959946,-0.307907,0.507141
25354.022087,1.159180,-0.307907,0.706375
25354.032338,1.014282,-0.489029,1.122955
25354.042175,0.688263,-1.014282,1.122955
25354.052126,0.398468,-1.394638,1.068619
25354.062302,0.507141,-2.082901,0.887497
25354.072470,0.434692,-2.209686,0.670151
25354.081459,0.199234,-1.992340,0.470917
25354.091471,-0.144897,-1.829330,0.326019
25354.101553,-0.380356,-1.738770,0.072449
25354.112753,-0.380356,-1.648209,-0.072449
25354.123026,-0.380356,-1.412750,-0.090561
25354.132299,-0.307907,-1.213516,-0.018112
25354.143239,-0.271683,-1.032394,-0.036224
25354.153156,-0.144897,-0.996170,0.000000
25354.163201,0.072449,-0.905609,-0.326019
25354.173326,0.072449,-0.796936,-0.434692
25354.183441,-0.217346,-0.833160,-0.507141
25354.193525,-0.289795,-0.760712,-0.579590
25354.203860,-0.126785,-0.815048,-0.416580
25354.213814,0.000000,-0.833160,-0.271683
25354.223991,0.054337,-0.796936,-0.090561
25354.233927,-0.036224,-0.706375,0.054337
25354.244093,-0.181122,-0.670151,0.036224
25354.254125,-0.199234,-0.652039,0.108673
25354.264311,-0.307907,-0.742599,0.018112
25354.274317,-0.271683,-0.869385,0.163010
25354.284400,-0.181122,-0.978058,0.235458
25354.294517,-0.144897,-0.978058,0.181122
25354.304615,-0.054337,-1.032394,0.217346
25354.314830,-0.036224,-1.032394,0.144897
25354.324790,-0.036224,-1.032394,0.126785
25354.334917,-0.018112,-1.032394,0.000000
25354.345166,-0.018112,-0.978058,-0.126785
25354.355090,-0.018112,-0.978058,-0.126785
25354.365316,0.144897,-1.141068,-0.416580
25354.375477,0.253571,-1.141068,-1.050507
25354.385508,0.036224,-1.086731,-0.778824
25354.395522,-0.289795,-1.122955,-0.344131
25354.405630,-0.307907,-1.213516,-0.144897
25354.415882,-0.362244,-1.195404,-0.163010
25354.425965,-0.416580,-1.249741,-0.126785
25354.435910,-0.597702,-1.249741,-0.090561
25354.446187,-0.742599,-1.213516,-0.018112
25354.456123,-0.742599,-1.122955,0.072449
25354.466336,-0.706375,-1.014282,0.326019
25354.476490,-0.724487,-0.996170,0.362244
25354.486405,-0.579590,-1.195404,-0.163010
25354.496507,-0.470917,-1.430862,-0.561478
25354.506617,-0.344131,-1.611984,-0.670151
25354.516888,-0.326019,-1.611984,-0.507141
25354.526896,-0.271683,-1.358414,-0.344131
25354.536918,0.054337,-1.412750,-0.489029
25354.547082,0.235458,-1.630096,-0.579590
25354.557100,0.489029,-1.593872,-0.289795
25354.567232,0.398468,-1.575760,0.253571
25354.577382,0.307907,-1.738770,0.398468
25354.586284,0.326019,-2.137238,0.489029
25354.596352,0.452805,-2.318359,0.633926
25354.608026,0.507141,-2.318359,0.706375
25354.617072,0.597702,-2.318359,0.724487
25354.627883,0.579590,-2.318359,0.072449
25354.638091,0.615814,-1.919891,-0.561478
25354.648024,0.615814,-1.702545,-1.014282
25354.658128,0.398468,-1.702545,-0.652039
25354.668531,0.561478,-1.575760,-0.652039
25354.678249,0.398468,-1.358414,-0.253571
25354.688464,0.126785,-1.177292,0.000000
25354.698781,0.018112,-1.086731,-0.362244
25354.708853,-0.036224,-1.032394,0.235458
25354.718804,-0.163010,-0.941833,0.796936
25354.728983,-0.615814,-0.615814,0.652039
25354.739001,-0.851273,-0.543365,-0.072449
25354.749319,-0.416580,-0.579590,-0.018112
25354.759321,-0.072449,-0.416580,0.163010
25354.769445,-0.018112,-0.271683,0.235458
25354.779474,-0.072449,-0.307907,0.253571
25354.789603,-0.018112,-0.416580,0.271683
25354.799728,0.144897,-0.344131,0.326019
25354.809858,0.199234,-0.380356,0.470917
25354.819963,0.289795,-0.307907,0.452805
25354.830352,0.398468,-0.326019,0.543365
25354.840206,0.470917,-0.253571,0.543365
25354.850396,0.398468,-0.144897,0.344131
25354.860429,0.344131,-0.126785,0.362244
25354.870553,0.271683,-0.054337,0.416580
25354.880758,0.253571,-0.018112,0.344131
25354.890865,0.235458,-0.108673,0.253571
25354.900906,0.108673,-0.217346,-0.362244
25354.910894,0.000000,-0.561478,-1.448975
25354.921150,-0.452805,-0.978058,-2.300247
25354.931399,-0.199234,-1.847443,-2.300247
25354.941708,-0.778824,-2.318359,-2.300247
25354.951635,-1.539536,-2.318359,-2.264023
25354.961839,-0.597702,-1.992340,-0.959946
25354.971864,-0.072449,-1.358414,-0.615814
25354.982182,-0.072449,-0.923721,-0.416580
25354.991998,0.362244,-0.923721,-0.579590
25355.002118,0.633926,-0.307907,-0.579590
25355.012184,1.032394,0.090561,-0.996170
25355.022381,1.213516,-0.597702,-1.340302
25355.032332,1.340302,-1.829330,-1.829330
25355.042492,-0.525253,-2.318359,-1.141068
25355.052587,-2.137238,-2.227798,0.217346
25355.062688,-0.923721,-0.941833,1.448975
25355.072858,0.670151,-0.362244,0.996170
25355.081749,1.467087,-0.289795,0.507141
25355.091841,1.285965,-0.235458,0.778824
25355.101907,0.978058,-0.543365,0.851273
25355.113116,0.652039,-1.032394,1.014282
25355.123382,0.434692,-1.557648,0.978058
25355.132199,0.489029,-2.264023,0.941833
25355.143627,0.344131,-2.318359,0.778824
25355.153427,-0.072449,-2.082901,0.543365
25355.163595,-0.380356,-1.992340,0.271683
25355.173760,-0.452805,-1.883667,-0.181122
25355.183921,-0.470917,-1.557648,-0.235458
25355.193906,-0.470917,-1.285965,-0.144897
25355.204414,-0.416580,-1.068619,-0.126785
25355.214088,-0.398468,-0.996170,-0.072449
25355.224354,-0.199234,-0.941833,-0.108673
25355.234447,-0.090561,-0.869385,-0.398468
25355.244472,-0.072449,-0.869385,-0.525253
25355.254506,-0.253571,-0.760712,-0.470917
25355.264717,-0.144897,-0.742599,-0.235458
25355.274688,-0.036224,-0.706375,-0.181122
25355.284772,0.036224,-0.706375,-0.163010
25355.294884,0.036224,-0.706375,-0.163010
25355.304981,-0.018112,-0.706375,-0.108673
25355.315112,-0.054337,-0.706375,-0.108673
25355.325190,-0.144897,-0.688263,-0.090561
25355.335285,-0.144897,-0.688263,0.036224
25355.345460,-0.199234,-0.670151,0.054337
25355.355466,-0.199234,-0.796936,0.163010
25355.365732,-0.199234,-0.905609,0.199234
25355.375677,-0.163010,-0.905609,0.163010
25355.385859,-0.144897,-0.923721,0.126785
25355.395872,-0.090561,-0.905609,0.108673
25355.405982,-0.036224,-1.014282,0.126785
25355.416213,0.018112,-0.996170,0.036224
25355.426240,0.054337,-1.050507,0.000000
25355.436263,0.090561,-1.104843,-0.144897
25355.446159,0.090561,-1.141068,-0.307907
25355.456772,0.235458,-1.177292,-0.615814
25355.465776,0.054337,-1.231628,-0.507141
25355.476049,-0.181122,-1.285965,-0.253571
25355.486916,-0.398468,-1.231628,-0.235458
25355.496866,-0.452805,-1.213516,-0.217346
25355.506984,-0.507141,-1.249741,-0.163010
25355.517158,-0.652039,-1.249741,-0.108673
25355.527189,-0.670151,-1.231628,-0.018112
25355.537288,-0.652039,-1.195404,0.072449
25355.547439,-0.579590,-1.068619,0.344131
25355.557486,-0.887497,-1.122955,0.253571
25355.567594,-1.050507,-1.376526,-0.181122
25355.578112,-1.050507,-1.611984,-0.307907
25355.586671,-0.724487,-1.630096,-0.217346
25355.596748,-0.018112,-1.575760,-0.217346
25355.607986,0.489029,-1.575760,-0.434692
25355.617039,0.489029,-1.575760,-0.434692
25355.628202,0.525253,-1.539536,-0.688263
25355.638390,0.470917,-1.557648,-0.688263
25355.648050,0.615814,-1.684433,-0.525253
25355.658437,0.434692,-1.702545,0.144897
25355.668698,0.289795,-1.901779,0.434692
25355.678474,0.217346,-2.264023,0.579590
25355.688756,0.416580,-2.318359,0.760712
25355.698966,0.525253,-2.318359,0.815048
25355.709076,0.434692,-2.318359,0.633926
25355.719121,0.380356,-1.974228,0.126785
25355.729232,0.525253,-1.684433,-0.380356
25355.739897,0.199234,-1.467087,-0.905609
25355.749672,0.199234,-1.358414,-0.724487
25355.759721,0.326019,-1.231628,-0.271683
25355.769542,0.163010,-1.086731,-0.054337
25355.779778,0.000000,-0.905609,-0.181122
25355.789934,-0.018112,-0.905609,0.000000
25355.800039,-0.018112,-0.869385,0.416580
25355.810120,-0.289795,-0.688263,0.652039
25355.820258,-0.489029,-0.543365,0.543365
25355.830514,-0.416580,-0.416580,0.217346
25355.840467,-0.289795,-0.307907,0.144897
25355.850768,-0.036224,-0.307907,0.199234
25355.860711,0.036224,-0.326019,0.108673
25355.870851,0.072449,-0.434692,0.199234
25355.881141,0.126785,-0.416580,0.307907
25355.891214,0.181122,-0.362244,0.307907
25355.901194,0.217346,-0.271683,0.307907
25355.911304,0.271683,-0.253571,0.380356
25355.921419,0.344131,-0.199234,0.398468
25355.931617,0.289795,-0.199234,0.380356
25355.941646,0.289795,-0.235458,0.362244
25355.951920,0.253571,-0.199234,0.253571
25355.961959,0.217346,-0.199234,0.253571
25355.971998,0.217346,-0.235458,0.253571
25355.981784,0.108673,-0.217346,0.054337
25355.992267,0.054337,-0.380356,-0.525253
25356.001174,-0.199234,-0.670151,-1.285965
25356.012525,-0.362244,-1.141068,-1.938004
25356.022467,-0.126785,-1.575760,-2.300247
25356.032743,-0.525253,-1.974228,-2.300247
25356.042664,-0.941833,-2.245911,-2.300247
25356.052753,-0.344131,-2.155350,-1.412750
25356.062855,0.036224,-1.738770,-0.887497
25356.073118,0.144897,-1.231628,-0.778824
25356.081940,0.108673,-0.579590,-0.851273
25356.092030,0.144897,0.072449,-0.543365
25356.102107,0.271683,0.253571,-0.796936
25356.113321,0.706375,-0.633926,-1.249741
25356.123576,0.108673,-1.756882,-0.326019
25356.132513,-0.887497,-2.318359,-0.072449
25356.143578,-1.195404,-2.318359,-0.833160
25356.153706,0.652039,-1.412750,0.380356
25356.163768,0.869385,-0.398468,1.032394
25356.173967,1.177292,-0.090561,0.633926
25356.183960,1.068619,-0.235458,0.978058
25356.194163,0.706375,-0.724487,1.122955
25356.204345,0.398468,-1.231628,1.068619
25356.214285,0.398468,-1.829330,0.778824
25356.224528,0.271683,-2.101013,0.688263
25356.234467,0.036224,-1.938004,0.615814
25356.244645,-0.217346,-1.829330,0.525253
25356.254757,-0.344131,-1.774994,0.217346
25356.264988,-0.344131,-1.611984,0.018112
25356.274864,-0.307907,-1.611984,-0.181122
25356.284972,-0.217346,-1.304077,-0.181122
25356.295075,-0.235458,-1.086731,-0.199234
25356.305181,-0.090561,-0.905609,-0.434692
25356.315321,0.036224,-1.014282,-0.344131
25356.325384,-0.072449,-1.068619,-0.199234
25356.335466,-0.126785,-1.014282,-0.181122
25356.345742,-0.126785,-1.014282,-0.126785
25356.355685,-0.018112,-0.941833,-0.090561
25356.365778,0.072449,-0.815048,-0.144897
25356.375864,0.054337,-0.796936,-0.108673
25356.386134,-0.036224,-0.652039,-0.108673
25356.396068,-0.126785,-0.615814,-0.108673
25356.406145,-0.144897,-0.579590,-0.054337
25356.416487,-0.235458,-0.724487,-0.036224
25356.426608,-0.362244,-0.851273,0.072449
25356.436463,-0.380356,-0.996170,0.144897
25356.446702,-0.253571,-1.032394,0.090561
25356.456645,-0.181122,-1.014282,0.090561
25356.466754,-0.126785,-0.978058,0.072449
25356.476841,-0.126785,-0.923721,0.018112
25356.487056,-0.018112,-0.923721,-0.072449
25356.497202,0.054337,-0.996170,-0.199234
25356.507159,0.108673,-1.068619,-0.344131
25356.516660,0.108673,-1.122955,-0.398468
25356.527344,-0.126785,-1.086731,-0.326019
25356.537447,-0.253571,-0.978058,-0.217346
25356.547723,-0.326019,-0.996170,-0.126785
25356.557663,-0.344131,-1.086731,-0.054337
25356.567788,-0.344131,-1.122955,-0.036224
25356.578137,-0.344131,-1.122955,-0.090561
25356.586852,-0.434692,-1.122955,-0.090561
25356.596921,-0.615814,-1.231628,-0.108673
25356.608188,-0.597702,-1.177292,-0.072449
25356.617403,-0.561478,-1.195404,0.036224
25356.628576,-0.489029,-1.213516,0.090561
25356.638671,-0.434692,-1.267853,-0.126785
25356.648277,-0.597702,-1.394638,-0.217346
25356.658683,-0.724487,-1.304077,-0.144897
25356.668939,-0.869385,-1.467087,-0.018112
25356.678985,-0.670151,-1.503311,0.199234
25356.689023,-0.036224,-1.340302,-0.054337
25356.699143,0.434692,-1.448975,-0.615814
25356.709403,0.670151,-1.648209,-1.304077
25356.719381,0.869385,-1.702545,-0.833160
25356.729480,0.434692,-1.485199,0.307907
25356.739620,0.235458,-1.521423,0.670151
25356.749987,0.271683,-1.793106,0.597702
25356.760061,0.289795,-2.101013,0.561478
25356.770055,0.307907,-2.318359,0.543365
25356.778597,0.362244,-2.318359,0.489029
25356.790358,0.470917,-2.318359,0.108673
25356.800469,0.561478,-2.137238,-0.507141
25356.810605,0.525253,-1.811218,-0.778824
25356.820718,0.633926,-1.611984,-0.380356
25356.831011,0.416580,-1.322189,-0.144897
25356.840949,0.126785,-1.104843,0.108673
25356.851131,-0.036224,-0.941833,0.108673
25356.861159,-0.054337,-0.923721,-0.271683
25356.871276,-0.018112,-0.796936,0.072449
25356.881506,0.018112,-0.670151,0.326019
25356.891663,-0.344131,-0.525253,0.380356
25356.901613,-0.615814,-0.543365,0.271683
25356.911647,-0.615814,-0.543365,0.090561
25356.921856,-0.561478,-0.579590,0.253571
25356.932023,-0.253571,-0.525253,0.253571
25356.942083,-0.181122,-0.416580,0.253571
25356.952269,-0.144897,-0.380356,0.181122
25356.962291,0.054337,-0.326019,0.126785
25356.972413,0.090561,-0.362244,0.326019
25356.982481,0.217346,-0.307907,0.326019
25356.992591,0.235458,-0.289795,0.344131
25357.002767,0.289795,-0.253571,0.344131
25357.012955,0.289795,-0.217346,0.326019
25357.022868,0.380356,-0.181122,0.217346
25357.032940,0.344131,-0.181122,0.181122
25357.043111,0.307907,-0.253571,0.126785
25357.052471,0.235458,-0.271683,-0.108673
25357.063237,0.054337,-0.470917,-0.253571
25357.073510,-0.181122,-0.706375,-0.778824
25357.082305,-0.416580,-1.086731,-1.575760
25357.092406,-0.126785,-1.539536,-1.956116
25357.102485,-0.090561,-1.793106,-2.300247
25357.113709,-0.796936,-1.847443,-2.300247
25357.122991,-0.959946,-2.064789,-1.883667
25357.134932,-0.452805,-1.919891,-0.724487
25357.144837,-0.199234,-1.503311,-0.561478
25357.155134,0.018112,-1.050507,-0.489029
25357.164799,0.126785,-0.507141,-0.561478
25357.175211,0.163010,0.163010,-0.615814
25357.185237,0.163010,0.163010,-0.778824
25357.195331,0.199234,-0.724487,-1.448975
25357.205686,-0.597702,-1.919891,-0.416580
25357.215590,-0.887497,-2.318359,-0.126785
25357.225825,-0.416580,-2.318359,-0.416580
25357.235763,0.887497,-1.014282,0.199234
25357.245915,1.448975,-0.398468,0.362244
25357.255979,1.448975,-0.181122,0.362244
25357.266261,1.539536,-0.181122,1.086731
25357.276149,1.195404,-0.362244,1.086731
25357.286256,0.507141,-0.923721,1.467087
25357.296342,0.326019,-1.304077,1.159180
25357.306455,0.344131,-1.738770,0.742599
25357.316552,0.217346,-1.992340,0.579590
25357.326673,0.108673,-1.847443,0.416580
25357.336768,-0.108673,-1.738770,0.326019
25357.347211,-0.362244,-1.630096,0.181122
25357.356970,-0.307907,-1.630096,-0.072449
25357.367068,-0.398468,-1.448975,-0.181122
25357.377170,-0.507141,-1.249741,-0.108673
25357.387344,-0.507141,-1.014282,-0.018112
25357.397369,-0.199234,-1.032394,-0.434692
25357.407484,-0.163010,-1.032394,-0.579590
25357.417702,-0.217346,-0.941833,-0.543365
25357.427858,-0.289795,-0.905609,-0.344131
25357.437796,-0.126785,-0.815048,-0.235458
25357.448052,0.018112,-0.815048,-0.126785
25357.458005,0.072449,-0.742599,-0.036224
25357.468219,0.072449,-0.688263,-0.090561
25357.478208,0.036224,-0.688263,-0.054337
25357.488339,0.036224,-0.688263,-0.072449
25357.498561,-0.054337,-0.670151,-0.108673
25357.508736,-0.108673,-0.742599,-0.072449
25357.518848,-0.036224,-0.833160,0.054337
25357.528783,0.000000,-0.941833,0.090561
25357.538913,0.072449,-0.996170,0.090561
25357.549193,0.054337,-0.887497,0.018112
25357.559126,-0.054337,-0.887497,0.054337
25357.569223,0.036224,-0.905609,0.054337
25357.579506,0.036224,-0.996170,0.163010
25357.588328,0.018112,-0.996170,0.163010
25357.598417,0.126785,-1.014282,0.144897
25357.609623,0.163010,-1.068619,0.181122
25357.619748,0.126785,-1.050507,0.054337
25357.629940,0.072449,-1.141068,0.000000
25357.640152,0.018112,-1.213516,-0.090561
25357.648947,-0.108673,-1.249741,-0.344131
25357.660143,-0.217346,-1.231628,-0.815048
25357.670410,-0.434692,-1.104843,-1.122955
25357.680334,-0.452805,-1.104843,-0.615814
25357.690462,-0.507141,-1.195404,-0.289795
25357.700577,-0.615814,-1.267853,-0.072449
25357.710946,-0.652039,-1.322189,0.217346
25357.720728,-0.615814,-1.249741,0.579590
25357.730933,-0.724487,-1.159180,0.489029
25357.741055,-0.923721,-1.141068,-0.054337
25357.751352,-0.615814,-1.322189,-0.760712
25357.761488,-0.507141,-1.575760,-0.796936
25357.771360,-0.579590,-1.666321,-0.018112
25357.781605,-0.181122,-1.394638,0.289795
25357.791589,0.108673,-1.376526,0.018112
25357.801710,0.199234,-1.521423,-0.398468
25357.811853,0.452805,-1.593872,-0.597702
25357.821943,0.688263,-1.666321,-0.796936
25357.832378,0.778824,-1.865555,-0.253571
25357.842102,0.670151,-1.974228,0.416580
25357.852355,0.579590,-2.028564,0.543365
25357.862296,0.507141,-2.264023,0.742599
25357.872752,0.470917,-2.318359,0.815048
25357.882511,0.470917,-2.318359,0.724487
25357.892748,0.561478,-2.028564,0.018112
25357.902785,0.561478,-2.028564,-0.615814
25357.912812,0.452805,-1.793106,-0.615814
25357.922896,0.199234,-1.521423,-1.068619
25357.933023,0.380356,-1.467087,-0.543365
25357.943091,0.344131,-1.231628,-0.181122
25357.953277,0.090561,-0.978058,-0.525253
25357.963181,0.072449,-0.941833,-0.253571
25357.973399,-0.036224,-0.905609,0.362244
25357.983492,-0.326019,-0.742599,0.706375
25357.993594,-0.579590,-0.579590,0.362244
25358.003949,-0.525253,-0.579590,0.036224
25358.013977,-0.271683,-0.561478,0.199234
25358.023992,-0.181122,-0.470917,0.181122
25358.033908,-0.054337,-0.362244,0.199234
25358.044124,-0.036224,-0.326019,0.144897
25358.054277,0.181122,-0.344131,0.289795
25358.064312,0.217346,-0.362244,0.344131
25358.074560,0.235458,-0.344131,0.380356
25358.083362,0.217346,-0.344131,0.398468
25358.093432,0.307907,-0.235458,0.380356
25358.103503,0.326019,-0.253571,0.452805
25358.114816,0.289795,-0.144897,0.326019
25358.124160,0.235458,-0.181122,0.235458
25358.135124,0.163010,-0.126785,0.144897
25358.145102,0.163010,-0.235458,0.181122
25358.155400,0.108673,-0.326019,-0.163010
25358.165362,-0.072449,-0.507141,-0.688263
25358.175460,-0.307907,-0.869385,-1.231628
25358.185539,-0.253571,-1.376526,-1.684433
25358.195602,0.036224,-1.847443,-2.300247
25358.205783,-0.470917,-1.938004,-2.300247
25358.216239,-0.470917,-1.919891,-2.300247
25358.226086,-0.760712,-1.919891,-1.358414
25358.236003,-0.163010,-1.793106,-1.358414
25358.246108,0.000000,-1.666321,-0.760712
25358.256281,0.144897,-1.322189,-0.615814
25358.266378,0.181122,-0.923721,-0.633926
25358.275487,0.271683,-0.489029,-0.579590
25358.286506,0.615814,-0.307907,-0.815048
25358.296608,1.213516,-0.978058,-1.213516
25358.306707,0.923721,-1.938004,-1.304077
25358.316804,-0.670151,-2.282135,-0.887497
25358.326929,-1.249741,-1.720657,0.688263
25358.337033,0.126785,-0.579590,1.213516
25358.347312,1.159180,-0.307907,0.398468
25358.357243,1.485199,-0.470917,0.289795
25358.367337,0.833160,-0.652039,0.670151
25358.377434,0.452805,-1.050507,1.213516
25358.387619,0.217346,-1.394638,1.285965
25358.397651,0.126785,-1.666321,0.941833
25358.407746,0.072449,-1.956116,0.796936
25358.417948,0.000000,-1.883667,0.561478
25358.428053,-0.144897,-1.666321,0.416580
25358.438073,-0.326019,-1.539536,0.181122
25358.448428,-0.398468,-1.575760,0.108673
25358.458263,-0.470917,-1.503311,-0.144897
25358.468398,-0.416580,-1.467087,-0.181122
25358.478533,-0.398468,-1.249741,-0.561478
25358.488643,-0.307907,-1.159180,-0.597702
25358.498970,-0.199234,-1.104843,-0.434692
25358.509014,-0.271683,-1.032394,-0.307907
25358.519114,-0.163010,-0.887497,-0.235458
25358.529083,-0.036224,-0.796936,-0.217346
25358.539190,-0.036224,-0.724487,-0.090561
25358.549585,0.108673,-0.724487,-0.018112
25358.559388,0.090561,-0.688263,-0.018112
25358.569505,0.018112,-0.579590,-0.036224
25358.579709,-0.036224,-0.543365,-0.090561
25358.588606,-0.018112,-0.615814,-0.054337
25358.598663,-0.054337,-0.688263,-0.018112
25358.609926,-0.126785,-0.851273,-0.018112
25358.620098,-0.181122,-0.923721,0.054337
25358.630303,-0.181122,-1.014282,0.072449
25358.640322,-0.163010,-1.068619,0.072449
25358.649344,-0.090561,-1.050507,0.090561
25358.659773,-0.036224,-0.978058,0.090561
25358.670659,-0.018112,-0.959946,0.108673
25358.680689,-0.054337,-0.905609,0.036224
25358.690738,-0.072449,-0.923721,-0.036224
25358.700841,0.000000,-0.996170,-0.054337
25358.711190,0.072449,-1.014282,-0.090561
25358.721000,0.054337,-1.032394,-0.090561
25358.731198,-0.054337,-1.032394,-0.108673
25358.741316,-0.018112,-1.086731,-0.018112
25358.751586,-0.036224,-1.050507,-0.108673
25358.761576,-0.054337,-1.141068,-0.253571
25358.771616,-0.090561,-1.159180,-0.398468
25358.781724,-0.398468,-1.086731,-0.434692
25358.791849,-0.470917,-1.068619,-0.271683
25358.801957,-0.507141,-1.068619,-0.144897
25358.812108,-0.597702,-1.104843,-0.018112
25358.822200,-0.543365,-1.231628,0.144897
25358.832482,-0.507141,-1.304077,0.452805
25358.842408,-0.561478,-1.177292,0.760712
25358.852647,-0.706375,-1.394638,0.235458
25358.862587,-0.706375,-1.448975,-0.199234
25358.872692,-0.724487,-1.448975,-0.289795
25358.882907,-0.760712,-1.593872,-0.289795
25358.893030,-0.144897,-1.648209,-0.181122
25358.903004,0.126785,-1.448975,-0.271683
25358.913106,0.307907,-1.521423,-0.416580
25358.923177,0.362244,-1.611984,-0.670151
25358.933292,0.326019,-1.575760,-0.923721
25358.943405,0.398468,-1.648209,-0.778824
25358.953574,0.470917,-1.756882,0.036224
25358.963524,0.271683,-1.847443,0.380356
25358.973628,0.144897,-2.082901,0.507141
25358.983761,0.235458,-2.318359,0.579590
25358.993832,0.507141,-2.318359,0.706375
25359.003954,0.579590,-2.318359,0.633926
25359.014077,0.470917,-1.901779,0.416580
25359.024120,0.561478,-1.666321,-0.054337
25359.034045,0.597702,-1.430862,-0.489029
25359.044316,0.416580,-1.340302,-0.796936
25359.054523,0.561478,-1.340302,-0.434692
25359.064512,0.416580,-1.177292,-0.163010
25359.074796,0.199234,-1.032394,-0.090561
25359.083637,-0.054337,-0.996170,-0.507141
25359.093675,-0.126785,-0.941833,0.362244
25359.103747,-0.271683,-0.670151,0.760712
25359.114762,-0.489029,-0.543365,0.434692
25359.125218,-0.561478,-0.633926,0.072449
25359.135251,-0.235458,-0.652039,0.181122
25359.145263,-0.289795,-0.525253,0.072449
25359.155540,-0.181122,-0.525253,0.072449
25359.165314,-0.072449,-0.543365,0.199234
25359.175644,-0.072449,-0.525253,0.326019
25359.185678,-0.036224,-0.525253,0.362244
25359.195255,0.090561,-0.470917,0.362244
25359.206138,0.253571,-0.380356,0.344131
25359.216065,0.362244,-0.380356,0.416580
25359.226274,0.452805,-0.307907,0.380356
25359.236191,0.362244,-0.326019,0.380356
25359.246289,0.326019,-0.307907,0.362244
25359.256540,0.235458,-0.326019,0.398468
25359.266641,0.163010,-0.253571,0.289795
25359.276577,0.090561,-0.217346,0.144897
25359.286682,0.000000,-0.253571,-0.072449
25359.296794,-0.126785,-0.380356,-0.633926
25359.306891,-0.199234,-0.543365,-1.340302
25359.316987,-0.199234,-0.796936,-1.793106
25359.327096,0.253571,-1.322189,-2.300247
25359.337214,-0.525253,-1.829330,-2.300247
25359.346178,-1.050507,-2.245911,-2.300247
25359.357404,-0.579590,-2.227798,-1.177292
25359.367557,0.163010,-1.865555,-0.833160
25359.377640,0.579590,-1.430862,-0.543365
25359.387908,0.688263,-0.869385,-0.615814
25359.397872,0.543365,-0.090561,-0.271683
25359.407990,0.923721,0.489029,-0.452805
25359.418070,1.141068,0.018112,-0.887497
25359.428435,0.815048,-1.249741,-1.068619
25359.438282,-0.090561,-2.318359,-1.467087
25359.448402,-1.376526,-2.318359,-0.959946
25359.458343,-0.760712,-1.485199,1.104843
25359.468637,0.543365,-0.380356,1.014282
25359.478753,1.304077,-0.126785,0.434692
25359.488885,0.959946,-0.235458,0.434692
25359.498989,0.959946,-0.760712,0.688263
25359.509173,0.561478,-0.760712,1.086731
25359.519256,0.307907,-1.376526,1.086731
25359.529291,0.253571,-1.829330,1.032394
25359.539419,0.108673,-2.137238,0.796936
25359.549736,-0.054337,-2.227798,0.470917
25359.559634,-0.144897,-2.046677,0.416580
25359.569751,-0.181122,-1.611984,0.289795
25359.580027,-0.271683,-1.430862,0.126785
25359.588821,-0.398468,-1.340302,0.054337
25359.598891,-0.507141,-1.304077,-0.072449
25359.610144,-0.507141,-1.195404,-0.199234
25359.620248,-0.489029,-1.122955,-0.217346
25359.630517,-0.307907,-1.068619,-0.326019
25359.640631,-0.235458,-1.104843,-0.380356
25359.650437,-0.144897,-1.122955,-0.307907
25359.660747,-0.126785,-1.050507,-0.253571
25359.670936,-0.018112,-0.905609,-0.271683
25359.680860,0.217346,-0.815048,-0.217346
25359.691003,0.289795,-0.796936,-0.217346
25359.701120,0.271683,-0.815048,-0.163010
25359.711491,0.199234,-0.742599,-0.163010
25359.721322,0.144897,-0.706375,-0.126785
25359.730843,0.108673,-0.742599,-0.108673
25359.741529,0.072449,-0.815048,-0.072449
25359.751699,-0.090561,-0.815048,-0.054337
25359.761898,-0.163010,-0.887497,0.108673
25359.772103,-0.217346,-0.996170,0.163010
25359.782081,-0.289795,-0.996170,0.108673
25359.792001,-0.271683,-1.014282,0.126785
25359.802102,-0.144897,-0.959946,0.054337
25359.812211,-0.163010,-0.941833,-0.054337
25359.822292,-0.163010,-0.941833,-0.108673
25359.832570,-0.108673,-0.978058,-0.199234
25359.842504,-0.126785,-0.905609,-0.199234
25359.852756,-0.054337,-0.923721,-0.181122
25359.862706,0.000000,-0.996170,-0.108673
25359.872802,-0.018112,-0.996170,-0.054337
25359.883009,-0.090561,-0.996170,-0.054337
25359.893234,-0.126785,-0.978058,0.018112
25359.903092,-0.072449,-1.050507,0.072449
25359.913204,-0.072449,-1.032394,0.054337
25359.923304,-0.108673,-1.014282,-0.054337
25359.933396,-0.199234,-0.996170,-0.217346
25359.943511,-0.380356,-0.959946,-0.271683
25359.953762,-0.470917,-1.014282,-0.271683
25359.963731,-0.380356,-1.195404,-0.126785
25359.973844,-0.362244,-1.177292,-0.144897
25359.983936,-0.307907,-1.213516,-0.090561
25359.994031,-0.217346,-1.177292,-0.036224
25360.004140,-0.235458,-1.086731,-0.090561
25360.014421,-0.199234,-1.159180,-0.181122
25360.024492,-0.380356,-1.322189,-0.126785
25360.034315,-0.597702,-1.539536,0.018112
25360.044526,-0.760712,-1.630096,0.289795
25360.054780,-1.068619,-1.575760,0.434692
25360.064833,-0.742599,-1.249741,0.326019
25360.074989,-0.144897,-1.322189,0.271683
25360.083809,0.235458,-1.430862,0.054337
25360.093884,0.561478,-1.467087,-0.525253
25360.105174,0.652039,-1.593872,-1.593872
25360.114936,0.543365,-1.756882,-1.394638
25360.125458,0.452805,-1.793106,-0.090561
25360.135658,0.452805,-1.847443,0.326019
25360.145593,0.199234,-1.847443,0.597702
25360.155770,0.072449,-2.064789,0.597702
25360.166308,0.253571,-2.227798,0.815048
25360.175996,0.416580,-2.318359,0.996170
25360.186009,0.452805,-2.191574,0.887497
25360.196139,0.380356,-1.919891,0.615814
25360.206288,0.525253,-1.666321,0.307907
25360.216325,0.452805,-1.485199,-0.253571
25360.226486,0.326019,-1.394638,-0.597702
25360.236503,-0.018112,-1.394638,-0.833160
25360.246589,-0.054337,-1.394638,-0.670151
25360.256862,0.054337,-1.304077,-0.489029
25360.266641,-0.126785,-1.195404,-0.525253
25360.277032,-0.199234,-1.050507,-0.018112
25360.287040,-0.108673,-0.959946,0.326019
25360.297127,-0.271683,-0.851273,0.923721
25360.307260,-0.507141,-0.706375,0.652039
25360.317337,-0.525253,-0.688263,0.344131
25360.327440,-0.344131,-0.706375,-0.018112
25360.337561,-0.163010,-0.615814,-0.072449
25360.347779,-0.054337,-0.561478,0.126785
25360.357979,0.054337,-0.507141,0.307907
25360.367904,0.235458,-0.507141,0.380356
25360.378052,0.307907,-0.470917,0.398468
25360.388221,0.398468,-0.398468,0.452805
25360.398359,0.470917,-0.307907,0.398468
25360.408343,0.398468,-0.253571,0.326019
25360.418536,0.416580,-0.199234,0.398468
25360.428719,0.344131,-0.217346,0.380356
25360.438648,0.253571,-0.217346,0.253571
25360.448938,0.126785,-0.235458,0.144897
25360.459072,0.144897,-0.289795,0.108673
25360.469007,0.144897,-0.289795,-0.144897
25360.479144,0.181122,-0.307907,-0.144897
25360.489244,0.217346,-0.470917,-0.815048
25360.499417,0.326019,-0.941833,-2.300247
25360.509560,0.036224,-1.376526,-2.300247
25360.519636,-0.633926,-1.720657,-2.300247
25360.529854,-1.376526,-2.119125,-2.300247
25360.539801,-0.941833,-2.064789,-1.412750
25360.550091,0.018112,-1.557648,-0.833160
25360.559998,0.525253,-1.322189,-0.615814
25360.570253,0.905609,-1.231628,-0.525253
25360.580481,0.959946,-1.195404,-0.633926
25360.589176,1.068619,-1.213516,-1.267853
25360.599256,0.959946,-1.358414,-2.300247
25360.610569,-0.706375,-1.503311,-1.340302
25360.620694,-1.901779,-0.996170,1.285965
25360.631036,-0.652039,-0.054337,1.793106
25360.641048,0.833160,-0.090561,0.543365
25360.651148,1.684433,-0.652039,0.144897
25360.661431,1.539536,-1.141068,0.090561
25360.671221,0.760712,-1.412750,0.941833
25360.681500,0.507141,-1.593872,1.122955
25360.691455,0.253571,-1.793106,0.905609
25360.701560,0.108673,-1.974228,0.815048
25360.711965,-0.018112,-1.756882,0.579590
25360.721787,-0.018112,-1.485199,0.235458
25360.732179,-0.181122,-1.340302,0.018112
25360.741988,-0.217346,-1.412750,-0.163010
25360.752246,-0.307907,-1.521423,-0.199234
25360.762432,-0.452805,-1.539536,-0.108673
25360.772273,-0.507141,-1.376526,-0.072449
25360.782555,-0.398468,-1.267853,0.072449
25360.792542,-0.398468,-1.177292,-0.199234
25360.802269,-0.326019,-1.177292,-0.199234
25360.812668,-0.235458,-1.086731,-0.489029
25360.822799,-0.307907,-0.923721,-0.579590
25360.832982,-0.271683,-0.688263,-0.507141
25360.843002,-0.018112,-0.796936,-0.398468
25360.853141,0.108673,-0.833160,-0.326019
25360.863166,0.090561,-0.796936,-0.271683
25360.873287,0.054337,-0.760712,-0.163010
25360.883388,0.072449,-0.742599,-0.090561
25360.893623,0.036224,-0.706375,-0.108673
25360.903574,-0.054337,-0.706375,-0.072449
25360.913673,-0.126785,-0.760712,0.108673
25360.923773,-0.054337,-0.815048,0.018112
25360.933865,-0.072449,-0.851273,0.000000
25360.943989,-0.072449,-0.887497,-0.036224
25360.954230,0.054337,-1.032394,0.000000
25360.964184,0.018112,-1.032394,-0.018112
25360.974265,0.000000,-0.959946,-0.054337
25360.984354,-0.072449,-0.905609,-0.036224
25360.994636,-0.108673,-0.851273,-0.054337
25361.003481,-0.054337,-0.851273,0.036224
25361.015025,-0.090561,-0.851273,0.018112
25361.024718,0.126785,-0.923721,0.090561
25361.034825,0.108673,-0.959946,0.036224
25361.044915,0.036224,-1.068619,0.054337
25361.055106,0.054337,-1.267853,0.054337
25361.065115,0.072449,-1.322189,-0.217346
25361.075366,0.036224,-1.231628,-0.905609
25361.084184,-0.090561,-1.213516,-1.304077
25361.094230,-0.235458,-1.213516,-1.304077
25361.104338,-0.235458,-1.122955,-0.452805
25361.114998,-0.289795,-1.141068,-0.018112
25361.125702,-0.452805,-1.177292,0.126785
25361.136002,-0.597702,-1.249741,0.163010
25361.145840,-0.688263,-1.285965,0.181122
25361.156180,-0.941833,-1.376526,0.307907
25361.166051,-1.032394,-1.412750,0.470917
25361.176297,-1.231628,-1.394638,0.326019
25361.186316,-1.322189,-1.376526,0.253571
25361.196373,-0.941833,-1.376526,0.090561
25361.206727,-0.326019,-1.467087,-0.090561
25361.216537,0.253571,-1.666321,-0.380356
25361.226816,0.724487,-1.829330,-1.213516
25361.236772,1.177292,-1.865555,-1.974228
25361.246852,0.851273,-1.666321,-0.434692
25361.257022,0.199234,-1.539536,0.344131
25361.267117,0.217346,-1.702545,0.489029
25361.277139,0.181122,-1.974228,0.579590
25361.287425,0.235458,-2.173462,0.778824
25361.297368,0.398468,-2.282135,0.887497
25361.305967,0.507141,-2.227798,0.869385
25361.317700,0.416580,-1.865555,0.597702
25361.327818,0.362244,-1.539536,0.126785
25361.337604,0.326019,-1.376526,-0.434692
25361.348126,0.090561,-1.285965,-0.941833
25361.358242,-0.072449,-1.249741,-0.887497
25361.368296,0.163010,-1.231628,-0.489029
25361.378406,0.054337,-1.213516,-0.633926
25361.388688,-0.144897,-1.141068,-0.199234
25361.398669,-0.199234,-0.959946,0.543365
25361.408763,-0.235458,-0.851273,0.670151
25361.419016,-0.380356,-0.706375,0.561478
25361.429207,-0.416580,-0.652039,0.416580
25361.439068,-0.416580,-0.615814,0.163010
25361.449312,-0.307907,-0.615814,0.144897
25361.459281,-0.217346,-0.579590,0.144897
25361.469411,-0.108673,-0.579590,0.217346
25361.479516,0.072449,-0.652039,0.181122
25361.489661,0.199234,-0.615814,0.253571
25361.499856,0.362244,-0.543365,0.398468
25361.510089,0.452805,-0.434692,0.416580
25361.520296,0.470917,-0.289795,0.398468
25361.530212,0.398468,-0.271683,0.398468
25361.540424,0.398468,-0.326019,0.380356
25361.550500,0.253571,-0.271683,0.235458
25361.560557,0.199234,-0.362244,0.199234
25361.570688,0.108673,-0.326019,0.108673
25361.580755,0.126785,-0.362244,0.054337
25361.589745,0.217346,-0.452805,-0.126785
25361.600261,0.253571,-0.561478,-0.416580
25361.611063,0.271683,-0.688263,-0.778824
25361.621173,0.163010,-0.923721,-1.322189
25361.631318,0.054337,-1.068619,-1.412750
25361.641569,-0.181122,-1.068619,-1.901779
25361.651678,-0.489029,-1.285965,-2.300247
25361.661779,-0.833160,-1.702545,-2.300247
25361.671036,-0.851273,-2.209686,-1.702545
25361.682817,-0.362244,-1.974228,-0.923721
25361.692880,-0.072449,-1.430862,-0.851273
25361.703053,0.126785,-1.122955,-0.742599
25361.712950,0.489029,-0.923721,-1.068619
25361.723254,0.760712,-0.959946,-1.141068
25361.733257,0.905609,-1.340302,-1.485199
25361.743373,-0.344131,-1.557648,-0.054337
25361.753537,-0.869385,-1.285965,0.326019
25361.763675,0.181122,-0.688263,0.996170
25361.773656,0.978058,-0.126785,0.398468
25361.783766,1.503311,-0.470917,0.090561
25361.794009,1.503311,-0.760712,0.416580
25361.803942,1.159180,-0.760712,1.068619
25361.814029,0.452805,-1.141068,1.068619
25361.824159,0.090561,-1.485199,1.249741
25361.834405,0.108673,-1.829330,1.249741
25361.844353,-0.144897,-1.883667,0.887497
25361.854605,-0.199234,-1.756882,0.670151
25361.864744,-0.235458,-1.485199,0.398468
25361.874071,-0.271683,-1.412750,0.235458
25361.884200,-0.271683,-1.430862,0.036224
25361.894855,-0.271683,-1.485199,-0.217346
25361.904977,-0.326019,-1.430862,-0.398468
25361.915084,-0.434692,-1.394638,-0.507141
25361.925163,-0.416580,-1.249741,-0.525253
25361.935291,-0.289795,-1.213516,-0.362244
25361.945451,-0.199234,-1.104843,-0.253571
25361.955724,-0.126785,-0.959946,-0.126785
25361.965625,-0.072449,-0.869385,-0.018112
25361.975678,0.090561,-0.905609,0.000000
25361.985761,0.163010,-0.815048,-0.036224
25361.995886,0.144897,-0.778824,0.000000
25362.006126,0.126785,-0.742599,-0.018112
25362.016284,0.054337,-0.688263,-0.090561
25362.026157,-0.054337,-0.706375,-0.144897
25362.036130,-0.072449,-0.778824,-0.090561
25362.046454,-0.181122,-0.760712,-0.036224
25362.056694,-0.126785,-0.887497,0.090561
25362.066551,-0.144897,-0.978058,0.054337
25362.076805,-0.108673,-1.032394,0.054337
25362.085623,-0.108673,-0.978058,0.000000
25362.095688,-0.144897,-0.959946,-0.018112
25362.106921,-0.126785,-0.978058,0.018112
25362.115900,-0.126785,-0.978058,0.018112
25362.127262,-0.108673,-0.978058,0.054337
25362.137376,-0.036224,-1.014282,0.054337
25362.147295,0.000000,-0.905609,0.000000
25362.157593,0.054337,-0.887497,0.000000
25362.167771,0.054337,-0.887497,-0.054337
25362.177902,0.000000,-0.887497,-0.054337
25362.187752,0.036224,-0.996170,-0.036224
25362.197874,0.090561,-1.014282,-0.126785
25362.208055,0.181122,-0.978058,-0.670151
25362.218070,0.126785,-0.996170,-0.905609
25362.228366,-0.090561,-1.086731,-0.688263
25362.238283,-0.452805,-1.050507,-0.235458
25362.248506,-0.670151,-1.104843,0.036224
25362.258699,-0.796936,-1.340302,0.307907
25362.268831,-0.688263,-1.485199,0.579590
25362.278756,-0.543365,-1.412750,0.778824
25362.288884,-0.796936,-1.249741,0.163010
25362.299082,-0.688263,-1.340302,-0.307907
25362.309102,-0.398468,-1.521423,-0.652039
25362.319195,-0.398468,-1.593872,-0.489029
25362.329314,-0.380356,-1.684433,0.036224
25362.339446,-0.036224,-1.557648,0.362244
25362.349710,0.181122,-1.611984,0.072449
25362.359912,0.326019,-1.557648,-0.344131
25362.369797,0.434692,-1.467087,-0.670151
25362.379926,0.507141,-1.521423,-0.778824
25362.390191,0.416580,-1.521423,-0.615814
25362.400118,0.398468,-1.630096,-0.326019
25362.409779,0.380356,-1.611984,0.018112
25362.420369,0.398468,-1.774994,0.253571
25362.430608,0.434692,-2.010452,0.362244
25362.440583,0.434692,-2.318359,0.579590
25362.451239,0.688263,-2.318359,0.760712
25362.460374,0.887497,-2.318359,0.760712
25362.470932,0.633926,-1.956116,0.416580
25362.481032,0.633926,-1.557648,-0.072449
25362.491141,0.724487,-1.394638,-0.344131
25362.501318,0.778824,-1.285965,-0.362244
25362.511436,0.452805,-1.141068,-0.724487
25362.521613,0.253571,-1.086731,-0.434692
25362.531690,-0.036224,-1.032394,-0.163010
25362.541684,-0.344131,-0.887497,0.398468
25362.551880,-0.507141,-0.833160,0.470917
25362.561823,-0.688263,-0.778824,0.199234
25362.572178,-0.543365,-0.688263,-0.054337
25362.581305,-0.271683,-0.688263,0.018112
25362.591051,-0.126785,-0.579590,0.054337
25362.601103,-0.072449,-0.507141,-0.072449
25362.612339,-0.018112,-0.543365,0.271683
25362.622433,-0.018112,-0.561478,0.326019
25362.632130,0.054337,-0.489029,0.289795
25362.642953,0.126785,-0.416580,0.253571
25362.652801,0.271683,-0.380356,0.289795
25362.662813,0.307907,-0.307907,0.344131
25362.672992,0.344131,-0.253571,0.326019
25362.683014,0.380356,-0.253571,0.380356
25362.693121,0.307907,-0.181122,0.253571
25362.703320,0.271683,-0.199234,0.271683
25362.713228,0.253571,-0.217346,0.253571
25362.723425,0.181122,-0.271683,0.163010
25362.733515,0.108673,-0.289795,-0.054337
25362.743626,0.036224,-0.380356,-0.344131
25362.753780,-0.018112,-0.561478,-0.688263
25362.763961,-0.018112,-0.833160,-1.104843
25362.773909,-0.163010,-0.833160,-1.684433
25362.784000,-0.072449,-1.358414,-1.684433
25362.794096,-0.054337,-1.774994,-2.300247
25362.804209,-0.579590,-2.318359,-2.300247
25362.814330,-1.195404,-2.318359,-2.300247
25362.824422,-0.271683,-2.300247,-0.815048
25362.834653,0.000000,-1.521423,-0.615814
25362.844611,0.235458,-1.014282,-0.652039
25362.854962,0.181122,-0.398468,-0.597702
25362.864912,-0.054337,0.199234,-0.326019
25362.874918,0.144897,0.163010,-0.652039
25362.885254,0.633926,-0.724487,-1.593872
25362.895107,-0.307907,-1.666321,-0.054337
25362.905201,-0.869385,-2.318359,0.036224
25362.915446,-0.144897,-2.318359,-1.213516
25362.925426,1.267853,-1.304077,-0.144897
25362.935498,1.503311,-0.289795,0.398468
25362.945212,1.793106,-0.307907,0.543365
25362.955897,0.959946,-0.452805,1.249741
25362.966053,0.271683,-0.941833,1.503311
25362.975899,0.289795,-1.412750,1.340302
25362.986017,0.344131,-1.774994,0.796936
25362.996090,0.199234,-1.720657,0.470917
25363.006216,0.253571,-1.793106,0.525253
25363.016392,-0.054337,-1.702545,0.489029
25363.026523,-0.307907,-1.684433,0.271683
25363.036588,-0.380356,-1.684433,-0.036224
25363.046614,-0.362244,-1.648209,-0.144897
25363.056788,-0.380356,-1.539536,-0.163010
25363.066776,-0.434692,-1.304077,-0.235458
25363.077066,-0.326019,-1.195404,-0.434692
25363.085877,-0.326019,-1.195404,-0.434692
25363.095897,-0.289795,-1.104843,-0.434692
25363.107184,-0.253571,-1.032394,-0.253571
25363.116242,-0.163010,-0.959946,-0.181122
25363.127431,-0.126785,-0.833160,-0.163010
25363.137625,0.018112,-0.851273,-0.054337
25363.147726,0.036224,-0.851273,0.018112
25363.157764,-0.018112,-0.778824,0.036224
25363.167766,0.036224,-0.796936,0.036224
25363.178054,0.036224,-0.760712,-0.036224
25363.188014,-0.036224,-0.688263,-0.108673
25363.198257,-0.054337,-0.724487,-0.144897
25363.208504,-0.018112,-0.815048,-0.126785
25363.218602,0.036224,-0.923721,-0.090561
25363.228591,0.000000,-0.959946,-0.108673
25363.238533,-0.018112,-1.050507,-0.036224
25363.248734,-0.054337,-0.959946,-0.072449
25363.258817,-0.018112,-0.941833,0.054337
25363.268912,-0.036224,-0.941833,0.072449
25363.278990,-0.036224,-0.923721,0.018112
25363.289105,-0.054337,-0.996170,0.000000
25363.299329,-0.072449,-0.978058,-0.054337
25363.309338,-0.054337,-1.014282,-0.072449
25363.319456,-0.126785,-1.050507,-0.090561
25363.329562,-0.144897,-1.104843,-0.036224
25363.339706,-0.199234,-1.068619,-0.090561
25363.349860,-0.108673,-1.122955,-0.235458
25363.360150,-0.036224,-1.086731,-0.688263
25363.370113,-0.108673,-0.978058,-0.633926
25363.380211,-0.416580,-0.996170,-0.380356
25363.390501,-0.470917,-0.978058,-0.144897
25363.400437,-0.362244,-0.978058,-0.036224
25363.410652,-0.362244,-1.141068,0.126785
25363.420666,-0.362244,-1.141068,0.163010
25363.431041,-0.434692,-1.249741,0.163010
25363.440890,-0.579590,-1.249741,0.163010
25363.451013,-0.597702,-1.358414,0.144897
25363.461084,-0.416580,-1.358414,0.307907
25363.471307,-0.489029,-1.267853,0.054337
25363.480874,-0.688263,-1.376526,-0.108673
25363.491436,-0.597702,-1.448975,-0.054337
25363.501516,-0.235458,-1.503311,0.108673
25363.511790,0.126785,-1.593872,0.072449
25363.521906,0.326019,-1.648209,-0.271683
25363.531826,0.615814,-1.738770,-1.974228
25363.541960,0.652039,-1.738770,-1.394638
25363.552075,0.688263,-1.720657,-0.217346
25363.562005,0.344131,-1.630096,0.434692
25363.572275,0.217346,-1.811218,0.615814
25363.581272,0.271683,-1.938004,0.760712
25363.591265,0.452805,-2.119125,0.923721
25363.601353,0.543365,-2.173462,0.941833
25363.612565,0.489029,-1.956116,0.742599
25363.622648,0.362244,-1.593872,0.253571
25363.631962,0.199234,-1.394638,-0.470917
25363.643084,0.072449,-1.430862,-1.394638
25363.653025,0.163010,-1.340302,-0.941833
25363.662941,0.253571,-1.267853,-0.434692
25363.673243,0.181122,-1.159180,-0.199234
25363.683211,-0.054337,-1.032394,-0.018112
25363.693359,-0.253571,-0.959946,0.543365
25363.703551,-0.362244,-0.941833,0.633926
25363.713585,-0.525253,-0.851273,-0.108673
25363.723719,-0.380356,-0.905609,-0.072449
25363.733739,-0.380356,-0.688263,0.362244
25363.743843,-0.072449,-0.688263,0.380356
25363.754106,0.090561,-0.525253,0.380356
25363.764111,0.126785,-0.398468,0.163010
25363.774123,0.326019,-0.434692,0.126785
25363.784256,0.344131,-0.380356,0.054337
25363.794332,0.326019,-0.434692,0.108673
25363.804437,0.126785,-0.489029,0.253571
25363.814725,-0.054337,-0.507141,0.253571
25363.824637,0.090561,-0.579590,0.271683
25363.834974,0.199234,-0.525253,0.289795
25363.844827,0.326019,-0.434692,0.271683
25363.854987,0.344131,-0.307907,0.253571
25363.865154,0.307907,-0.289795,0.181122
25363.875116,0.199234,-0.217346,0.090561
25363.885304,0.163010,-0.362244,0.018112
25363.895327,0.018112,-0.398468,-0.181122
25363.905414,-0.126785,-0.507141,-0.525253
25363.915653,-0.271683,-0.760712,-1.050507
25363.925624,-0.380356,-0.996170,-1.738770
25363.935729,-0.289795,-1.267853,-1.919891
25363.945838,-0.307907,-1.557648,-2.300247
25363.955989,-0.760712,-1.974228,-2.300247
25363.966110,-0.778824,-1.956116,-0.996170
25363.976182,-0.199234,-1.575760,-0.489029
25363.986194,0.144897,-1.249741,-0.452805
25363.996304,0.489029,-0.959946,-0.615814
25364.006409,0.742599,-0.760712,-0.652039
25364.016668,0.833160,-0.489029,-0.416580
25364.026609,1.068619,-0.670151,-0.633926
25364.036606,1.358414,-1.503311,-1.557648
25364.046803,1.358414,-2.173462,-2.300247
25364.057170,-0.054337,-2.119125,-0.579590
25364.067019,-2.010452,-2.119125,-0.579590
25364.077189,-1.865555,-1.032394,1.648209
25364.086102,-0.126785,-0.271683,1.195404
25364.096219,1.485199,-0.452805,-0.108673
25364.107574,1.847443,-0.706375,-0.597702
25364.116467,1.086731,-1.104843,0.398468
25364.127720,0.561478,-1.376526,1.285965
25364.137865,0.344131,-1.557648,1.213516
25364.147903,0.181122,-1.738770,0.905609
25364.158075,-0.036224,-1.593872,0.470917
25364.168092,-0.054337,-1.467087,0.289795
25364.178286,-0.108673,-1.304077,0.217346
25364.188322,-0.217346,-1.213516,0.144897
25364.198470,-0.289795,-1.285965,0.000000
25364.208538,-0.344131,-1.412750,-0.090561
25364.217417,-0.362244,-1.485199,-0.090561
25364.228722,-0.416580,-1.467087,0.036224
25364.238766,-0.307907,-1.412750,0.054337
25364.248819,-0.163010,-1.304077,0.018112
25364.259148,-0.036224,-1.122955,0.072449
25364.269175,-0.054337,-0.959946,-0.163010
25364.279217,-0.072449,-0.941833,-0.543365
25364.289414,0.036224,-0.923721,-0.760712
25364.299493,0.072449,-0.851273,-0.688263
25364.309564,0.108673,-0.887497,-0.489029
25364.319713,0.036224,-0.887497,-0.289795
25364.329774,-0.090561,-0.923721,-0.144897
25364.339895,-0.217346,-0.887497,-0.144897
25364.350029,-0.344131,-0.796936,0.036224
25364.360204,-0.271683,-0.760712,0.072449
25364.370239,-0.271683,-0.760712,0.054337
25364.380374,-0.271683,-0.869385,0.000000
25364.390557,-0.126785,-0.869385,-0.108673
25364.400593,-0.108673,-0.887497,-0.108673
25364.410715,0.054337,-1.014282,-0.108673
25364.421015,0.108673,-1.032394,-0.163010
25364.430461,0.126785,-0.978058,-0.199234
25364.441054,0.108673,-0.996170,-0.235458
25364.451170,0.054337,-0.959946,-0.217346
25364.461342,0.018112,-0.923721,-0.126785
25364.471380,-0.018112,-0.923721,-0.090561
25364.481718,-0.036224,-0.869385,-0.090561
25364.491590,-0.018112,-0.923721,0.000000
25364.501724,-0.054337,-0.851273,0.018112
25364.511912,-0.036224,-0.851273,0.108673
25364.522096,0.036224,-0.941833,0.144897
25364.532054,0.018112,-1.014282,0.199234
25364.542121,-0.054337,-1.068619,0.126785
25364.552374,-0.090561,-1.122955,0.108673
25364.562281,-0.072449,-1.122955,-0.090561
25364.572486,-0.181122,-1.032394,-0.652039
25364.581457,-0.398468,-0.905609,-0.615814
25364.591489,-0.434692,-0.923721,-0.235458
25364.601565,-0.452805,-1.050507,-0.054337
25364.612766,-0.507141,-1.213516,0.054337
25364.622871,-0.326019,-1.467087,0.253571
25364.631963,-0.163010,-1.648209,0.326019
25364.643271,0.000000,-1.611984,0.199234
25364.653250,-0.090561,-1.593872,-0.090561
25364.663268,-0.344131,-1.611984,-0.126785
25364.673529,-0.525253,-1.485199,-0.126785
25364.683421,-0.597702,-1.376526,-0.072449
25364.693550,-0.507141,-1.358414,-0.090561
25364.703636,-0.507141,-1.485199,-0.434692
25364.713877,-0.271683,-1.485199,-1.032394
25364.723868,0.126785,-1.557648,-1.032394
25364.734023,0.489029,-1.485199,-0.851273
25364.744041,0.561478,-1.557648,-0.108673
25364.754222,0.253571,-1.485199,0.452805
25364.764245,0.235458,-1.521423,0.561478
25364.774352,0.271683,-1.774994,0.615814
25364.784468,0.470917,-2.064789,0.760712
25364.794573,0.670151,-2.300247,0.815048
25364.804707,0.688263,-2.155350,0.652039
25364.814805,0.452805,-1.829330,0.235458
25364.824964,0.181122,-1.485199,-0.561478
25364.835146,-0.090561,-1.285965,-1.231628
25364.845068,0.235458,-1.322189,-0.670151
25364.855312,0.271683,-1.231628,-0.507141
25364.865322,0.036224,-1.249741,-0.525253
25364.875440,-0.072449,-1.086731,0.235458
25364.884529,-0.163010,-0.887497,0.742599
25364.895555,-0.217346,-0.760712,0.543365
25364.905673,-0.253571,-0.652039,0.181122
25364.915792,-0.144897,-0.688263,0.000000
25364.925869,-0.090561,-0.561478,0.108673
25364.935979,0.000000,-0.579590,0.072449
25364.946092,0.054337,-0.507141,-0.018112
25364.956255,0.072449,-0.470917,0.054337
25364.966427,0.126785,-0.489029,0.108673
25364.976372,0.144897,-0.507141,0.326019
25364.986552,0.253571,-0.380356,0.344131
25364.999916,0.398468,-0.326019,0.289795
25365.015628,0.380356,-0.307907,0.289795
25365.025705,0.326019,-0.271683,0.289795
25365.035788,0.271683,-0.235458,0.307907
25365.045873,0.181122,-0.199234,0.253571
25365.055927,0.144897,-0.235458,0.181122
25365.067182,0.090561,-0.199234,0.018112
25365.077548,0.054337,-0.344131,-0.181122
25365.086256,-0.144897,-0.489029,-0.489029
25365.096323,-0.507141,-0.742599,-1.068619
25365.107564,-0.688263,-1.104843,-1.793106
25365.116992,-0.416580,-1.575760,-2.300247
25365.128006,-0.688263,-1.829330,-2.300247
25365.137944,-0.869385,-1.992340,-2.300247
25365.148007,-0.525253,-1.974228,-1.575760
25365.158158,-0.253571,-1.738770,-0.760712
25365.168341,-0.108673,-1.304077,-0.470917
25365.178239,0.126785,-0.869385,-0.380356
25365.188413,0.181122,-0.380356,-0.416580
25365.198552,0.362244,0.036224,-0.434692
25365.208718,0.579590,-0.199234,-0.706375
25365.218732,0.561478,-1.430862,-1.032394
25365.228926,0.126785,-2.318359,-1.304077
25365.238873,-0.978058,-2.318359,-1.720657
25365.249095,-0.525253,-1.919891,0.760712
25365.259263,0.633926,-0.108673,1.448975
25365.269474,1.865555,0.163010,0.144897
25365.279407,1.919891,0.108673,-0.163010
25365.289537,0.615814,-0.416580,0.561478
25365.299677,0.036224,-1.177292,1.014282
25365.309793,0.253571,-1.793106,1.050507
25365.319883,0.398468,-2.137238,0.561478
25365.329991,0.036224,-2.119125,0.235458
25365.340611,-0.199234,-2.046677,0.235458
25365.350274,-0.199234,-1.521423,0.108673
25365.360519,-0.217346,-1.521423,0.036224
25365.370496,-0.235458,-1.304077,0.036224
25365.380593,-0.326019,-1.249741,0.090561
25365.390794,-0.470917,-1.285965,0.018112
25365.400796,-0.470917,-1.304077,-0.108673
25365.410921,-0.380356,-1.322189,-0.163010
25365.421116,-0.307907,-1.231628,-0.181122
25365.431210,-0.307907,-1.159180,-0.289795
25365.441259,-0.163010,-1.159180,-0.362244
25365.451356,-0.054337,-1.068619,-0.344131
25365.461731,0.054337,-0.941833,-0.289795
25365.471614,0.163010,-0.851273,-0.235458
25365.481719,0.235458,-0.815048,-0.144897
25365.491908,0.253571,-0.796936,-0.144897
25365.502123,0.181122,-0.760712,-0.163010
25365.512180,0.181122,-0.742599,-0.090561
25365.522238,0.090561,-0.688263,-0.090561
25365.532321,0.144897,-0.742599,-0.144897
25365.542276,0.072449,-0.796936,-0.126785
25365.552368,0.036224,-0.815048,-0.018112
25365.562642,-0.054337,-0.869385,0.000000
25365.572742,-0.072449,-1.032394,0.108673
25365.581502,-0.199234,-0.996170,0.054337
25365.591596,-0.271683,-0.959946,0.036224
25365.601670,-0.199234,-0.959946,0.054337
25365.612873,-0.144897,-0.959946,0.054337
25365.623375,-0.108673,-0.941833,0.072449
25365.632093,-0.054337,-0.978058,0.054337
25365.643289,-0.054337,-0.923721,0.072449
25365.653325,0.018112,-0.923721,-0.090561
25365.663408,0.000000,-0.887497,-0.271683
25365.673610,0.000000,-0.941833,-0.416580
25365.683604,0.036224,-0.941833,-0.452805
25365.693737,0.090561,-0.996170,-0.452805
25365.703843,0.018112,-1.014282,-0.235458
25365.713560,0.000000,-1.050507,-0.144897
25365.724030,-0.090561,-1.104843,-0.144897
25365.734122,-0.235458,-1.122955,-0.217346
25365.744376,-0.452805,-1.068619,-0.217346
25365.754383,-0.416580,-1.086731,-0.054337
25365.764505,-0.452805,-1.141068,0.000000
25365.774486,-0.489029,-1.231628,0.036224
25365.784613,-0.507141,-1.249741,0.072449
25365.794682,-0.543365,-1.267853,0.090561
25365.804810,-0.525253,-1.322189,0.018112
25365.815020,-0.525253,-1.467087,-0.108673
25365.825024,-0.706375,-1.412750,-0.072449
25365.835250,-0.633926,-1.430862,0.163010
25365.845200,-0.434692,-1.557648,0.307907
25365.855370,-0.235458,-1.503311,0.181122
25365.865443,-0.018112,-1.503311,-0.090561
25365.875510,0.235458,-1.575760,-0.525253
25365.885652,0.452805,-1.630096,-1.793106
25365.895675,0.724487,-1.666321,-1.539536
25365.905798,0.615814,-1.702545,-0.126785
25365.915980,0.398468,-1.720657,0.489029
25365.926034,0.253571,-1.829330,0.561478
25365.936091,0.217346,-1.992340,0.778824
25365.946188,0.344131,-2.264023,1.032394
25365.956554,0.398468,-2.227798,1.086731
25365.966455,0.398468,-1.974228,0.778824
25365.976558,0.362244,-1.648209,0.434692
25365.986624,0.217346,-1.503311,-0.199234
25365.996696,0.217346,-1.376526,-1.159180
25366.005858,-0.126785,-1.376526,-1.159180
25366.016988,-0.144897,-1.394638,-1.122955
25366.027028,0.108673,-1.322189,-0.652039
25366.037210,0.000000,-1.231628,-0.688263
25366.047225,-0.072449,-1.159180,-0.253571
25366.057479,0.018112,-0.959946,0.271683
25366.067419,-0.199234,-0.760712,0.706375
25366.077709,-0.307907,-0.525253,0.470917
25366.086511,-0.362244,-0.543365,0.126785
25366.096572,-0.217346,-0.579590,-0.108673
25366.107814,-0.090561,-0.543365,0.054337
25366.117038,-0.054337,-0.489029,0.126785
25366.128146,0.018112,-0.525253,0.163010
25366.138181,0.090561,-0.489029,0.163010
25366.148134,0.199234,-0.507141,0.235458
25366.158389,0.199234,-0.434692,0.271683
25366.168500,0.289795,-0.434692,0.271683
25366.178537,0.434692,-0.489029,0.344131
25366.188644,0.416580,-0.470917,0.416580
25366.198849,0.307907,-0.344131,0.380356
25366.208939,0.199234,-0.326019,0.289795
25366.218982,0.217346,-0.326019,0.307907
25366.229183,0.126785,-0.217346,0.326019
25366.239115,0.126785,-0.235458,0.235458
25366.249575,0.036224,-0.307907,0.036224
25366.259596,-0.054337,-0.416580,-0.181122
25366.269582,-0.217346,-0.507141,-0.543365
25366.279649,-0.271683,-0.760712,-0.941833
25366.289796,-0.235458,-1.050507,-1.630096
25366.299877,0.199234,-1.485199,-2.245911
25366.310175,-0.362244,-1.919891,-2.300247
25366.320574,-0.362244,-2.318359,-2.300247
25366.330267,-1.159180,-2.318359,-1.141068
25366.340380,-0.833160,-2.318359,-1.141068
25366.350495,-0.434692,-1.829330,-0.778824
25366.360716,-0.144897,-1.249741,-0.760712
25366.370792,0.072449,-0.597702,-0.742599
25366.380842,0.181122,-0.108673,-0.416580
25366.391030,0.108673,0.199234,-0.344131
25366.401072,0.398468,-0.470917,-0.978058
25366.411156,-0.307907,-1.412750,-0.253571
25366.421375,-0.905609,-2.209686,0.018112
25366.431681,-0.489029,-2.318359,-1.394638
25366.441492,1.285965,-1.702545,-0.090561
25366.451639,1.611984,-0.652039,0.326019
25366.461892,1.720657,-0.507141,0.470917
25366.471873,0.760712,-0.525253,1.304077
25366.482092,0.362244,-0.996170,1.358414
25366.491986,0.307907,-1.267853,1.122955
25366.502253,0.470917,-1.648209,0.760712
25366.512375,0.235458,-1.883667,0.561478
25366.522446,0.054337,-1.811218,0.489029
25366.532463,-0.072449,-1.720657,0.434692
25366.542475,-0.181122,-1.684433,0.253571
25366.552587,-0.326019,-1.611984,-0.036224
25366.562836,-0.344131,-1.593872,-0.144897
25366.572933,-0.344131,-1.539536,-0.072449
25366.581748,-0.307907,-1.394638,-0.126785
25366.591850,-0.271683,-1.195404,-0.235458
25366.602053,-0.289795,-1.032394,-0.362244
25366.613129,-0.144897,-1.014282,-0.326019
25366.623216,-0.144897,-0.978058,-0.253571
25366.632196,-0.144897,-0.978058,-0.253571
25366.643454,-0.090561,-0.851273,-0.163010
25366.653469,-0.018112,-0.851273,-0.163010
25366.663824,0.054337,-0.742599,-0.163010
25366.673741,0.072449,-0.760712,-0.054337
25366.683780,0.072449,-0.652039,-0.072449
25366.693891,0.054337,-0.706375,-0.126785
25366.703984,0.000000,-0.670151,-0.126785
25366.713900,0.018112,-0.706375,-0.163010
25366.724180,-0.036224,-0.796936,-0.126785
25366.734271,-0.090561,-0.887497,-0.072449
25366.744381,-0.108673,-0.978058,0.036224
25366.754554,-0.199234,-0.959946,0.054337
25366.764608,-0.163010,-0.923721,0.090561
25366.774670,-0.235458,-0.869385,0.036224
25366.784860,-0.126785,-0.887497,0.126785
25366.794860,-0.018112,-0.959946,0.144897
25366.804962,0.090561,-1.014282,0.054337
25366.815182,0.054337,-1.014282,-0.199234
25366.825162,0.018112,-1.032394,-0.344131
25366.835450,-0.090561,-1.014282,-0.362244
25366.845365,-0.163010,-1.050507,-0.253571
25366.855546,-0.217346,-1.104843,-0.181122
25366.865451,-0.163010,-1.122955,-0.199234
25366.875644,-0.144897,-1.104843,-0.362244
25366.885827,-0.253571,-1.068619,-0.380356
25366.895883,-0.470917,-1.068619,-0.253571
25366.905951,-0.470917,-0.978058,-0.072449
25366.916191,-0.380356,-1.104843,0.054337
25366.926151,-0.452805,-1.122955,0.018112
25366.936284,-0.434692,-1.195404,0.108673
25366.946525,-0.398468,-1.430862,0.235458
25366.956614,-0.579590,-1.593872,0.380356
25366.966593,-0.579590,-1.593872,0.380356
25366.976696,-0.742599,-1.575760,0.307907
25366.986797,-0.688263,-1.503311,0.307907
25366.996616,-0.344131,-1.503311,0.271683
25367.007118,-0.144897,-1.485199,0.108673
25367.017209,0.163010,-1.593872,-0.072449
25367.027263,0.597702,-1.720657,-0.978058
25367.037536,0.905609,-1.756882,-2.300247
25367.047475,0.851273,-1.539536,-1.195404
25367.057745,0.597702,-1.539536,0.181122
25367.067680,0.380356,-1.648209,0.670151
25367.077963,0.217346,-1.793106,0.706375
25367.086742,0.144897,-1.938004,0.724487
25367.096825,0.271683,-2.119125,0.796936
25367.107437,0.398468,-2.245911,0.851273
25367.117178,0.489029,-2.137238,0.778824
25367.128377,0.398468,-1.793106,0.579590
25367.138485,0.289795,-1.539536,-0.018112
25367.148292,-0.018112,-1.340302,-1.177292
25367.158776,0.036224,-1.267853,-1.249741
25367.168764,0.289795,-1.249741,-0.633926
25367.178655,0.289795,-1.141068,-0.633926
25367.189087,0.036224,-1.032394,0.217346
25367.199058,-0.163010,-0.887497,0.380356
25367.209314,-0.271683,-0.778824,0.163010
25367.219274,-0.489029,-0.633926,0.054337
25367.229455,-0.380356,-0.670151,0.163010
25367.239579,-0.181122,-0.615814,0.253571
25367.249773,-0.163010,-0.470917,0.181122
25367.259802,-0.108673,-0.507141,0.144897
25367.269824,-0.072449,-0.489029,0.072449
25367.279956,0.090561,-0.470917,0.253571
25367.290039,0.090561,-0.470917,0.289795
25367.300260,0.235458,-0.470917,0.271683
25367.310304,0.362244,-0.416580,0.271683
25367.320437,0.452805,-0.398468,0.362244
25367.330511,0.416580,-0.362244,0.416580
25367.340712,0.307907,-0.253571,0.380356
25367.350749,0.307907,-0.289795,0.362244
25367.360935,0.235458,-0.307907,0.398468
25367.370953,0.126785,-0.271683,0.344131
25367.381174,0.054337,-0.199234,0.307907
25367.391275,0.108673,-0.307907,0.235458
25367.401375,-0.018112,-0.344131,0.018112
25367.411414,-0.163010,-0.452805,-0.398468
25367.421526,-0.217346,-0.742599,-0.905609
25367.431712,-0.398468,-1.032394,-1.485199
25367.441758,-0.271683,-1.575760,-2.300247
25367.451884,-0.996170,-2.191574,-2.300247
25367.460872,-1.630096,-2.318359,-2.300247
25367.471988,-0.778824,-2.318359,-1.050507
25367.482172,-0.144897,-1.938004,-0.543365
25367.492215,0.181122,-1.249741,-0.470917
25367.502296,0.452805,-0.597702,-0.561478
25367.512593,0.362244,-0.018112,-0.307907
25367.522651,0.289795,-0.036224,-0.126785
25367.532290,0.760712,-0.959946,-0.833160
25367.542718,-0.054337,-1.684433,-0.561478
25367.552806,-1.322189,-1.974228,-0.923721
25367.563065,-0.778824,-2.137238,-0.742599
25367.573160,1.141068,-1.104843,0.307907
25367.581969,1.611984,-0.452805,0.525253
25367.592089,1.467087,-0.434692,0.561478
25367.602134,0.742599,-0.724487,0.561478
25367.613350,0.742599,-1.249741,1.195404
25367.623427,0.362244,-1.249741,1.014282
25367.632573,0.307907,-1.503311,1.014282
25367.643881,0.362244,-1.883667,0.652039
25367.653706,0.108673,-1.901779,0.416580
25367.663886,0.163010,-1.738770,0.289795
25367.673970,0.000000,-1.430862,0.144897
25367.683999,-0.217346,-1.376526,0.072449
25367.694099,-0.289795,-1.394638,-0.072449
25367.704204,-0.344131,-1.485199,0.072449
25367.714244,-0.362244,-1.503311,0.036224
25367.724420,-0.307907,-1.394638,0.018112
25367.734500,-0.217346,-1.231628,-0.018112
25367.744611,-0.090561,-1.104843,-0.199234
25367.754698,-0.108673,-0.959946,-0.380356
25367.765285,-0.108673,-0.887497,-0.344131
25367.774907,0.036224,-0.869385,-0.326019
25367.784991,0.108673,-0.869385,-0.289795
25367.795125,0.072449,-0.851273,-0.163010
25367.805195,0.036224,-0.815048,-0.144897
25367.815440,-0.054337,-0.778824,-0.018112
25367.825414,-0.090561,-0.742599,-0.036224
25367.835602,-0.072449,-0.724487,-0.018112
25367.845600,-0.144897,-0.670151,-0.036224
25367.855699,-0.072449,-0.778824,-0.018112
25367.866017,-0.018112,-0.978058,0.036224
25367.875966,-0.018112,-1.032394,0.018112
25367.884933,-0.036224,-0.996170,-0.036224
25367.896070,-0.054337,-0.978058,-0.090561
25367.906164,-0.163010,-0.941833,-0.036224
25367.916421,-0.072449,-0.996170,-0.036224
25367.926366,-0.018112,-0.996170,0.036224
25367.936476,-0.018112,-0.996170,-0.036224
25367.946554,0.072449,-0.996170,-0.108673
25367.956713,0.054337,-0.978058,-0.108673
25367.966748,-0.018112,-0.996170,-0.253571
25367.976861,-0.036224,-1.032394,-0.452805
25367.986980,-0.108673,-1.068619,-0.470917
25367.997045,-0.181122,-1.086731,-0.271683
25368.007190,-0.307907,-1.068619,-0.144897
25368.017357,-0.344131,-1.068619,-0.090561
25368.027404,-0.289795,-1.122955,-0.163010
25368.037571,-0.253571,-1.122955,-0.199234
25368.047636,-0.271683,-1.032394,-0.181122
25368.057804,-0.398468,-0.996170,-0.108673
25368.067226,-0.380356,-1.068619,-0.036224
25368.078040,-0.398468,-1.050507,0.090561
25368.086841,-0.398468,-1.122955,0.108673
25368.096901,-0.235458,-1.376526,0.108673
25368.108148,-0.235458,-1.593872,0.144897
25368.117227,-0.452805,-1.648209,0.163010
25368.128427,-0.452805,-1.738770,0.090561
25368.138642,-0.380356,-1.684433,-0.054337
25368.148485,-0.199234,-1.376526,-0.362244
25368.158932,-0.018112,-1.485199,-0.652039
25368.168919,0.271683,-1.485199,-1.014282
25368.178897,0.633926,-1.575760,-0.996170
25368.188999,0.489029,-1.430862,-0.235458
25368.199140,0.199234,-1.430862,0.543365
25368.209303,0.090561,-1.593872,0.633926
25368.219336,0.000000,-1.883667,0.615814
25368.229447,0.090561,-2.155350,0.869385
25368.239674,0.307907,-2.318359,0.905609
25368.250076,0.561478,-2.318359,0.833160
25368.259942,0.561478,-1.938004,0.652039
25368.269962,0.434692,-1.938004,0.199234
25368.280075,0.199234,-1.593872,0.199234
25368.290141,-0.199234,-1.340302,-1.032394
25368.300352,-0.235458,-1.304077,-1.467087
25368.310543,0.144897,-1.340302,-0.706375
25368.320496,0.326019,-1.322189,-0.289795
25368.330622,0.054337,-1.159180,-0.380356
25368.340738,-0.108673,-1.014282,0.090561
25368.350827,-0.108673,-0.923721,0.289795
25368.361018,-0.199234,-0.778824,0.380356
25368.371042,-0.326019,-0.670151,0.271683
25368.381177,-0.253571,-0.652039,0.289795
25368.391357,-0.163010,-0.543365,0.362244
25368.401405,-0.144897,-0.452805,0.253571
25368.411524,-0.018112,-0.470917,0.181122
25368.421895,0.181122,-0.507141,0.108673
25368.431907,0.126785,-0.398468,0.199234
25368.441837,0.235458,-0.489029,0.217346
25368.451967,0.235458,-0.434692,0.344131
25368.462259,0.344131,-0.398468,0.416580
25368.472160,0.307907,-0.344131,0.398468
25368.482434,0.289795,-0.307907,0.326019
25368.492380,0.326019,-0.271683,0.344131
25368.502555,0.217346,-0.163010,0.289795
25368.512716,0.181122,-0.181122,0.163010
25368.522972,0.163010,-0.289795,0.090561
25368.532812,0.126785,-0.398468,-0.018112
25368.542838,0.126785,-0.561478,-0.380356
25368.552948,0.072449,-0.706375,-0.959946
25368.563216,-0.072449,-1.068619,-1.811218
25368.573287,-0.452805,-1.448975,-2.300247
25368.582106,-0.452805,-1.448975,-2.300247
25368.592222,-1.177292,-2.064789,-2.300247
25368.602261,-1.901779,-2.318359,-2.300247
25368.613479,-0.996170,-2.318359,-1.213516
25368.623578,-0.144897,-1.847443,-0.543365
25368.633157,0.235458,-1.032394,-0.163010
25368.643905,0.543365,-0.579590,0.018112
25368.653830,0.615814,-0.054337,-0.018112
25368.664100,0.525253,0.615814,-0.344131
25368.674114,0.615814,0.688263,-1.014282
25368.684209,0.742599,-0.036224,-0.905609
25368.694264,0.688263,-1.050507,-0.507141
25368.704343,0.652039,-2.209686,-1.014282
25368.714571,-0.615814,-2.318359,-1.793106
25368.724573,-2.245911,-2.318359,-0.633926
25368.734687,-0.507141,-1.630096,0.670151
25368.744764,1.068619,-0.561478,0.181122
25368.754844,2.046677,-0.217346,-0.163010
25368.765040,1.249741,0.000000,0.380356
25368.775255,0.271683,-0.163010,0.760712
25368.785138,0.090561,-0.887497,0.941833
25368.795256,0.199234,-1.557648,0.869385
25368.805354,0.199234,-1.938004,0.706375
25368.815731,-0.054337,-2.137238,0.434692
25368.825569,-0.253571,-2.119125,0.307907
25368.835748,-0.380356,-1.684433,0.108673
25368.845803,-0.452805,-1.430862,0.072449
25368.855840,-0.525253,-1.322189,-0.018112
25368.866365,-0.452805,-1.249741,-0.144897
25368.876055,-0.579590,-1.104843,-0.253571
25368.886215,-0.271683,-1.159180,-0.470917
25368.896255,-0.090561,-1.159180,-0.452805
25368.906366,-0.090561,-1.159180,-0.380356
25368.916465,-0.018112,-1.159180,-0.217346
25368.926556,-0.018112,-1.141068,-0.217346
25368.936668,-0.054337,-0.996170,-0.181122
25368.946767,0.108673,-0.978058,-0.108673
25368.957020,0.108673,-0.887497,-0.108673
25368.967053,0.090561,-0.833160,-0.144897
25368.977056,0.090561,-0.815048,-0.199234
25368.987168,0.126785,-0.887497,-0.217346
25368.997257,0.018112,-0.851273,-0.271683
25369.007354,-0.072449,-0.851273,-0.235458
25369.017513,-0.144897,-0.851273,-0.126785
25369.027821,-0.181122,-0.833160,-0.072449
25369.037761,-0.253571,-0.796936,0.018112
25369.047812,-0.271683,-0.815048,0.108673
25369.057997,-0.253571,-0.978058,0.163010
25369.068137,-0.253571,-0.959946,0.108673
25369.078141,-0.199234,-0.905609,0.018112
25369.087131,-0.090561,-0.923721,-0.018112
25369.097198,-0.018112,-0.941833,-0.090561
25369.108459,0.018112,-0.923721,-0.090561
25369.118208,0.036224,-0.905609,-0.181122
25369.128829,0.090561,-0.959946,-0.144897
25369.138100,0.072449,-0.959946,-0.126785
25369.148353,0.000000,-0.887497,-0.163010
25369.159148,-0.018112,-0.978058,-0.054337
25369.169322,-0.018112,-1.032394,-0.072449
25369.179248,0.054337,-1.014282,-0.144897
25369.189280,0.000000,-0.996170,-0.217346
25369.199486,-0.054337,-0.996170,-0.362244
25369.209787,-0.289795,-0.959946,-0.289795
25369.219616,-0.362244,-0.959946,-0.163010
25369.229773,-0.416580,-1.050507,-0.126785
25369.239886,-0.416580,-1.050507,-0.108673
25369.249968,-0.489029,-1.050507,0.018112
25369.260285,-0.416580,-1.213516,0.018112
25369.270223,-0.452805,-1.195404,0.144897
25369.280479,-0.434692,-1.394638,0.307907
25369.290463,-0.525253,-1.593872,0.434692
25369.300557,-0.724487,-1.503311,0.362244
25369.310719,-0.833160,-1.376526,0.163010
25369.320802,-0.742599,-1.448975,0.072449
25369.330959,-0.507141,-1.485199,0.036224
25369.341047,-0.199234,-1.503311,-0.108673
25369.351170,0.489029,-1.611984,-1.104843
25369.361324,0.833160,-1.720657,-1.611984
25369.371362,0.507141,-1.539536,-1.122955
25369.381544,0.307907,-1.557648,-0.307907
25369.391657,0.217346,-1.575760,0.235458
25369.401754,0.126785,-1.702545,0.507141
25369.411822,0.217346,-1.901779,0.434692
25369.422201,0.380356,-2.082901,0.597702
25369.432200,0.670151,-2.300247,0.887497
25369.440943,0.706375,-2.282135,0.959946
25369.452174,0.597702,-2.028564,0.688263
25369.462348,0.271683,-1.702545,0.253571
25369.472464,0.126785,-1.503311,-0.434692
25369.482448,-0.217346,-1.358414,-1.159180
25369.492582,-0.018112,-1.412750,-0.923721
25369.502657,0.271683,-1.322189,-0.652039
25369.512847,0.181122,-1.159180,-0.416580
25369.523095,0.144897,-1.032394,0.090561
25369.533179,-0.090561,-0.851273,0.434692
25369.543057,-0.362244,-0.688263,0.724487
25369.553154,-0.398468,-0.633926,0.398468
25369.563323,-0.398468,-0.724487,0.072449
25369.573496,-0.217346,-0.724487,-0.054337
25369.582300,-0.181122,-0.706375,-0.054337
25369.592369,0.018112,-0.543365,0.054337
25369.602440,0.054337,-0.434692,0.163010
25369.613649,0.054337,-0.398468,0.181122
25369.623765,0.072449,-0.344131,0.126785
25369.633915,0.108673,-0.362244,0.181122
25369.643911,0.217346,-0.416580,0.181122
25369.654036,0.271683,-0.416580,0.289795
25369.664417,0.362244,-0.307907,0.398468
25369.673655,0.380356,-0.271683,0.398468
25369.684286,0.326019,-0.289795,0.344131
25369.694473,0.289795,-0.271683,0.326019
25369.704497,0.126785,-0.181122,0.289795
25369.714928,0.054337,-0.199234,0.217346
25369.724684,0.018112,-0.217346,0.163010
25369.734800,0.000000,-0.289795,-0.054337
25369.744898,-0.144897,-0.434692,-0.362244
25369.754991,-0.289795,-0.706375,-0.923721
25369.765254,-0.452805,-1.050507,-1.720657
25369.775199,-0.307907,-1.557648,-2.300247
25369.785372,-0.851273,-2.318359,-2.300247
25369.794934,-1.304077,-2.318359,-2.209686
25369.806709,-0.416580,-2.318359,-0.887497
25369.816820,-0.181122,-1.720657,-0.742599
25369.826906,0.108673,-1.122955,-0.760712
25369.837182,0.398468,-0.796936,-0.561478
25369.847101,0.108673,-0.380356,-0.181122
25369.857211,0.036224,-0.344131,-0.543365
25369.867568,0.090561,-1.014282,-1.611984
25369.877449,-0.923721,-1.720657,-0.344131
25369.887632,-1.394638,-1.847443,-0.652039
25369.897733,0.633926,-1.394638,0.054337
25369.907804,1.521423,-0.398468,0.615814
25369.917982,2.300247,-0.362244,0.000000
25369.926849,2.300247,-0.362244,0.000000
25369.936935,1.648209,-0.688263,0.489029
25369.947027,0.199234,-1.104843,1.249741
25369.958396,0.163010,-1.503311,1.340302
25369.968448,0.398468,-1.774994,0.978058
25369.978453,0.289795,-2.010452,0.561478
25369.988584,-0.018112,-1.919891,0.398468
25369.998662,-0.036224,-1.630096,0.199234
25370.008864,-0.126785,-1.376526,0.072449
25370.018877,-0.199234,-1.340302,-0.018112
25370.029209,-0.217346,-1.394638,-0.108673
25370.039270,-0.326019,-1.376526,-0.072449
25370.049304,-0.326019,-1.340302,-0.163010
25370.059432,-0.398468,-1.213516,-0.144897
25370.069460,-0.326019,-1.177292,-0.235458
25370.079656,-0.144897,-1.104843,-0.507141
25370.088538,-0.108673,-1.050507,-0.489029
25370.098624,-0.072449,-0.869385,-0.362244
25370.109859,0.090561,-0.905609,-0.253571
25370.120044,0.108673,-0.869385,-0.199234
25370.130173,0.144897,-0.887497,-0.144897
25370.140448,0.018112,-0.778824,-0.144897
25370.149175,-0.018112,-0.796936,-0.090561
25370.160464,-0.163010,-0.760712,-0.090561
25370.170703,-0.235458,-0.742599,-0.018112
25370.180539,-0.235458,-0.778824,0.018112
25370.190385,-0.271683,-0.760712,0.072449
25370.200816,-0.307907,-0.815048,0.090561
25370.210439,-0.235458,-0.959946,0.144897
25370.221063,-0.108673,-1.032394,0.144897
25370.231289,-0.054337,-0.996170,-0.054337
25370.241398,0.036224,-1.050507,-0.108673
25370.251405,0.036224,-1.014282,-0.181122
25370.261584,0.036224,-1.014282,-0.217346
25370.271598,0.054337,-0.978058,-0.217346
25370.281720,0.000000,-0.905609,-0.271683
25370.291813,0.000000,-0.815048,-0.253571
25370.302017,0.054337,-0.815048,-0.199234
25370.311998,0.054337,-0.833160,-0.163010
25370.322105,0.054337,-0.941833,-0.144897
25370.332262,0.036224,-0.978058,-0.090561
25370.342285,-0.036224,-1.050507,-0.054337
25370.352421,-0.072449,-1.086731,-0.036224
25370.362671,-0.126785,-1.050507,-0.199234
25370.372578,-0.289795,-1.014282,-0.253571
25370.382800,-0.362244,-0.978058,-0.126785
25370.392958,-0.344131,-1.032394,-0.126785
25370.402894,-0.344131,-1.122955,-0.090561
25370.412996,-0.434692,-1.177292,0.000000
25370.423169,-0.326019,-1.267853,0.144897
25370.433422,-0.326019,-1.358414,0.235458
25370.443293,-0.434692,-1.539536,0.289795
25370.453393,-0.633926,-1.503311,0.380356
25370.463641,-0.869385,-1.430862,0.253571
25370.473582,-0.760712,-1.485199,0.217346
25370.483673,-0.579590,-1.503311,0.181122
25370.493775,-0.434692,-1.448975,0.036224
25370.503877,-0.163010,-1.539536,-0.090561
25370.514062,0.579590,-1.756882,-0.905609
25370.524336,1.322189,-1.974228,-2.300247
25370.534419,0.742599,-1.593872,-0.869385
25370.544270,0.253571,-1.503311,0.054337
25370.554362,-0.018112,-1.630096,0.489029
25370.564547,0.126785,-1.938004,0.597702
25370.574726,0.126785,-2.209686,0.742599
25370.583523,0.362244,-2.209686,0.742599
25370.593607,0.652039,-2.318359,0.796936
25370.603793,0.742599,-2.209686,0.869385
25370.614840,0.652039,-1.992340,0.688263
25370.624997,0.543365,-1.684433,0.362244
25370.635197,0.307907,-1.448975,0.036224
25370.645207,0.108673,-1.304077,-0.470917
25370.655303,-0.054337,-1.213516,-0.796936
25370.665456,-0.054337,-1.231628,-0.815048
25370.675661,0.090561,-1.267853,-0.760712
25370.685605,0.108673,-1.104843,-0.253571
25370.695699,0.144897,-0.996170,0.235458
25370.705891,-0.217346,-0.688263,0.633926
25370.715842,-0.362244,-0.597702,0.706375
25370.725998,-0.344131,-0.633926,0.380356
25370.736100,-0.199234,-0.670151,0.036224
25370.745743,-0.163010,-0.597702,0.018112
25370.756315,-0.108673,-0.579590,0.072449
25370.766507,-0.018112,-0.525253,0.126785
25370.776557,0.144897,-0.362244,0.018112
25370.786795,0.126785,-0.452805,0.181122
25370.796729,0.163010,-0.434692,0.217346
25370.806829,0.253571,-0.344131,0.289795
25370.816937,0.452805,-0.362244,0.362244
25370.827019,0.470917,-0.289795,0.326019
25370.837303,0.398468,-0.235458,0.253571
25370.847240,0.326019,-0.253571,0.271683
25370.857347,0.163010,-0.217346,0.289795
25370.867518,0.163010,-0.307907,0.235458
25370.877649,0.054337,-0.307907,0.144897
25370.887859,0.036224,-0.380356,0.054337
25370.897770,0.036224,-0.380356,-0.326019
25370.907844,-0.072449,-0.452805,-0.326019
25370.917977,-0.144897,-0.633926,-0.796936
25370.928086,-0.271683,-0.941833,-1.340302
25370.938226,-0.452805,-1.213516,-2.300247
25370.948561,-0.815048,-1.847443,-2.300247
25370.958694,-1.847443,-2.318359,-2.300247
25370.968722,-0.941833,-2.318359,-0.941833
25370.978759,-0.271683,-2.046677,-0.633926
25370.988843,0.036224,-1.304077,-0.579590
25370.997729,0.307907,-0.724487,-0.507141
25371.007890,0.470917,-0.217346,-0.434692
25371.018903,0.326019,0.144897,-0.307907
25371.029158,0.416580,-0.018112,-0.362244
25371.039324,0.452805,-0.579590,-1.068619
25371.049404,-0.235458,-1.412750,-1.014282
25371.059583,-1.448975,-2.028564,-0.090561
25371.069755,-1.557648,-2.318359,-0.561478
25371.078521,0.326019,-2.264023,-0.742599
25371.088651,1.358414,-0.905609,-0.126785
25371.098760,1.847443,-0.253571,0.199234
25371.109940,1.811218,-0.253571,0.380356
25371.120097,0.615814,-0.543365,1.141068
25371.130311,0.199234,-1.032394,1.412750
25371.140438,0.362244,-1.521423,1.104843
25371.149478,0.507141,-1.865555,0.670151
25371.160644,0.235458,-1.992340,0.380356
25371.170637,0.036224,-1.811218,0.235458
25371.180737,-0.108673,-1.630096,0.090561
25371.190790,-0.344131,-1.430862,0.018112
25371.200934,-0.398468,-1.412750,-0.126785
25371.211195,-0.398468,-1.376526,-0.253571
25371.221114,-0.398468,-1.376526,-0.326019
25371.231388,-0.543365,-1.195404,-0.289795
25371.241364,-0.434692,-1.086731,-0.289795
25371.251472,-0.108673,-1.195404,-0.326019
25371.261678,-0.090561,-1.159180,-0.253571
25371.271769,-0.126785,-1.014282,-0.217346
25371.281382,0.054337,-0.978058,-0.072449
25371.292056,0.126785,-0.978058,-0.036224
25371.301993,0.072449,-0.905609,-0.072449
25371.312091,0.090561,-0.923721,-0.036224
25371.322199,0.072449,-0.869385,-0.072449
25371.332366,0.072449,-0.833160,-0.054337
25371.342403,0.018112,-0.796936,-0.144897
25371.352503,-0.072449,-0.760712,-0.144897
25371.362688,-0.036224,-0.851273,-0.181122
25371.372686,-0.108673,-0.815048,-0.199234
25371.382827,-0.108673,-0.851273,-0.126785
25371.393056,-0.090561,-0.887497,-0.036224
25371.403015,-0.108673,-0.923721,0.018112
25371.413172,-0.054337,-0.941833,-0.018112
25371.423265,-0.054337,-0.978058,0.000000
25371.433459,-0.054337,-0.959946,0.054337
25371.443393,0.018112,-0.959946,0.072449
25371.453483,0.036224,-0.905609,0.054337
25371.463663,0.072449,-0.941833,0.036224
25371.473681,0.108673,-0.959946,0.054337
25371.483779,0.054337,-0.978058,-0.126785
25371.493891,0.090561,-1.050507,-0.144897
25371.503977,0.090561,-1.122955,-0.144897
25371.514252,0.018112,-1.141068,-0.235458
25371.524385,-0.090561,-1.032394,-0.398468
25371.534284,-0.090561,-1.014282,-0.507141
25371.544550,-0.199234,-0.978058,-0.452805
25371.554463,-0.362244,-0.978058,-0.452805
25371.564735,-0.470917,-0.959946,-0.326019
25371.574799,-0.434692,-0.959946,-0.090561
25371.583627,-0.525253,-1.068619,-0.072449
25371.593682,-0.561478,-1.304077,0.018112
25371.603784,-0.543365,-1.448975,0.181122
25371.614835,-0.470917,-1.467087,0.289795
25371.625175,-0.615814,-1.448975,0.235458
25371.635359,-0.815048,-1.394638,0.072449
25371.645282,-0.670151,-1.485199,-0.054337
25371.655379,-0.398468,-1.521423,-0.126785
25371.665443,-0.181122,-1.376526,-0.181122
25371.675836,0.036224,-1.340302,-0.307907
25371.685668,0.235458,-1.412750,-0.470917
25371.695765,0.326019,-1.521423,-1.122955
25371.705859,0.452805,-1.593872,-1.430862
25371.716128,0.525253,-1.684433,-0.489029
25371.726065,0.489029,-1.684433,0.181122
25371.736167,0.307907,-1.630096,0.434692
25371.746281,0.235458,-1.738770,0.489029
25371.756372,0.362244,-1.956116,0.688263
25371.766651,0.507141,-2.155350,0.959946
25371.776624,0.452805,-2.082901,0.905609
25371.786737,0.326019,-1.847443,0.525253
25371.796968,0.307907,-1.593872,0.054337
25371.806908,0.126785,-1.430862,-0.833160
25371.816694,0.018112,-1.412750,-1.122955
25371.827146,0.253571,-1.412750,-0.706375
25371.837317,0.090561,-1.231628,-0.362244
25371.847336,-0.054337,-0.996170,-0.742599
25371.857452,-0.054337,-1.231628,0.706375
25371.867721,0.036224,-1.231628,0.996170
25371.877671,-0.289795,-1.032394,0.996170
25371.887853,-0.380356,-0.742599,0.326019
25371.897873,-0.181122,-0.633926,-0.289795
25371.908013,0.036224,-0.597702,-0.344131
25371.918133,0.163010,-0.615814,-0.054337
25371.928259,0.181122,-0.579590,0.163010
25371.938345,0.054337,-0.434692,0.072449
25371.948467,0.036224,-0.434692,0.090561
25371.958743,0.163010,-0.452805,0.181122
25371.968829,0.199234,-0.452805,0.090561
25371.978803,0.163010,-0.489029,0.163010
25371.988922,0.199234,-0.452805,0.253571
25371.999035,0.326019,-0.470917,0.307907
25372.009214,0.398468,-0.452805,0.307907
25372.019406,0.326019,-0.416580,0.253571
25372.029388,0.253571,-0.253571,0.271683
25372.039547,0.217346,-0.253571,0.235458
25372.049928,0.126785,-0.217346,0.163010
25372.059754,0.090561,-0.307907,0.108673
25372.070005,-0.036224,-0.452805,-0.072449
25372.079989,-0.181122,-0.525253,-0.398468
